<?xml version = '1.0' encoding = 'UTF-8'?>
<UserOraclev10g class="oracle.dbtools.crest.model.design.storage.oracle.v10g.UserOraclev10g" name="GLOBAL" directorySegmentName="seg_0" id="A25BDBCE-330C-FEE0-ADDA-006CF4FC6B87">
<sourceConnName>fdb11r1</sourceConnName>
<sourceObjName>GLOBAL</sourceObjName>
<createdBy>PSTOYANO</createdBy>
<createdTime>2012-12-12 05:01:47 UTC</createdTime>
<ownerDesignName>global11_demo</ownerDesignName>
<schemaObject>CB09B4D8-CB63-32D4-4C34-A7CAF9C87F91</schemaObject>
</UserOraclev10g>