<?xml version = '1.0' encoding = 'UTF-8'?>
<Hierarchy class="oracle.dbtools.crest.model.design.multidimensional.Hierarchy" name="Hierarchy_8" directorySegmentName="seg_0" id="504CC846-EAFF-4903-39FA-61E7B6260189">
<createdBy>PSTOYANO</createdBy>
<createdTime>2013-01-09 09:16:03 UTC</createdTime>
<ownerDesignName>global11_demo</ownerDesignName>
<nameInOracleAW>HIERARCHY_8</nameInOracleAW>
<defaultHierarchy>false</defaultHierarchy>
<linkToDimension>F7E6C4EB-7A23-0C60-DBD3-EB0F29A96BB5</linkToDimension>
<usedLevels>
<usedLevel>48B0E33F-732B-4134-7AD8-36EA93D51055</usedLevel>
<usedLevel>8C62AF9A-00EF-D530-4547-2658DE377ED0</usedLevel>
<usedLevel>76E5D44C-773C-B09F-A45C-DA4ABCC34657</usedLevel>
<usedLevel>6AA759DC-2F77-FD5D-038E-5D5ABA4169B7</usedLevel>
</usedLevels>
<usedRULinks>
<usedLink>21EC6F0A-360F-0F25-8155-9E07EEB9990B</usedLink>
<usedLink>4924ED8B-DE6E-E658-BCA3-0014D53050D5</usedLink>
<usedLink>4A1A06E7-3D5C-7CB9-CFB7-728CD3373554</usedLink>
</usedRULinks>
</Hierarchy>