<?xml version = '1.0' encoding = 'UTF-8'?>
<Hierarchy class="oracle.dbtools.crest.model.design.multidimensional.Hierarchy" name="Ship_to_couuntry_hier" directorySegmentName="seg_0" id="52829E60-B248-C540-F276-A359DF8EB700">
<createdBy>PSTOYANO</createdBy>
<createdTime>2013-01-03 11:20:09 UTC</createdTime>
<ownerDesignName>global11_demo</ownerDesignName>
<nameInOracleAW>SHIP_TO_COUUNTRY_HIER</nameInOracleAW>
<defaultHierarchy>false</defaultHierarchy>
<linkToDimension>4D5E35EC-D6C8-0A9B-BD31-422AE5BC2ED5</linkToDimension>
<usedLevels>
<usedLevel>2934810D-BAE4-B5A0-6D40-A13BA605E31A</usedLevel>
<usedLevel>116B1269-7CB8-5F9F-4BF3-C8D89B9E872D</usedLevel>
<usedLevel>DDF01FA3-0F23-FC47-B316-CBAF1E41B04A</usedLevel>
<usedLevel>E3D172DD-D2A5-85B3-5069-76ACB713BD0F</usedLevel>
<usedLevel>293B4C4E-A1B1-8E68-09D4-B80D610CC3DD</usedLevel>
</usedLevels>
<usedRULinks>
<usedLink>4FCC01E1-14DE-1E96-8837-4E95413298A5</usedLink>
<usedLink>E41D15E8-CB49-9CD4-EF82-3AA0F6F8642B</usedLink>
<usedLink>280C37DC-AD8D-184E-355A-099F17E49CCA</usedLink>
<usedLink>83B444C7-7909-ABA7-1C49-BAA4FD03295F</usedLink>
</usedRULinks>
</Hierarchy>