<?xml version = '1.0' encoding = 'UTF-8'?>
<Hierarchy class="oracle.dbtools.crest.model.design.multidimensional.Hierarchy" name="Shipments_" directorySegmentName="seg_0" id="74FC446E-9AED-A302-8C8B-ABE97C71F641">
<createdBy>PSTOYANO</createdBy>
<createdTime>2012-12-18 15:15:54 UTC</createdTime>
<ownerDesignName>global11_demo</ownerDesignName>
<nameInOracleAW>SHIPMENTS_</nameInOracleAW>
<defaultHierarchy>false</defaultHierarchy>
<linkToDimension>4D5E35EC-D6C8-0A9B-BD31-422AE5BC2ED5</linkToDimension>
<usedLevels>
<usedLevel>2934810D-BAE4-B5A0-6D40-A13BA605E31A</usedLevel>
<usedLevel>1F0254DF-8165-B197-25A9-F6EBA9DC4231</usedLevel>
<usedLevel>494C2042-26D8-7FA3-736F-850BCD6F9157</usedLevel>
<usedLevel>8C827BFD-E819-3C24-5073-02F5028DAF38</usedLevel>
</usedLevels>
<usedRULinks>
<usedLink>871C64AE-AEDE-495C-F299-5162E45AC02F</usedLink>
<usedLink>C4F162E6-75A8-83DD-E3AD-115D496F7F28</usedLink>
<usedLink>8334581B-7323-7436-C5FC-011FA4044158</usedLink>
</usedRULinks>
</Hierarchy>