<?xml version = '1.0' encoding = 'UTF-8'?>
<Hierarchy class="oracle.dbtools.crest.model.design.multidimensional.Hierarchy" name="Hierarchy_5" directorySegmentName="seg_0" id="7FB4E11E-5374-BC52-0BA0-E4104F98F471">
<createdBy>PSTOYANO</createdBy>
<createdTime>2013-01-02 11:54:41 UTC</createdTime>
<ownerDesignName>global11_demo</ownerDesignName>
<nameInOracleAW>HIERARCHY_5</nameInOracleAW>
<defaultHierarchy>true</defaultHierarchy>
<linkToDimension>6CF8318B-1966-2081-3427-EC176D9E9A5A</linkToDimension>
<usedLevels>
<usedLevel>3B18749D-23EE-C9CF-ED09-68B863D48630</usedLevel>
</usedLevels>
</Hierarchy>