<?xml version = '1.0' encoding = 'UTF-8'?>
<Hierarchy class="oracle.dbtools.crest.model.design.multidimensional.Hierarchy" name="Cust_country" directorySegmentName="seg_0" id="B1F12B04-DF5C-45B3-C3F2-120DB5D3F554">
<createdBy>PSTOYANO</createdBy>
<createdTime>2012-12-21 10:31:01 UTC</createdTime>
<ownerDesignName>global11_demo</ownerDesignName>
<nameInOracleAW>CUST_COUNTRY</nameInOracleAW>
<defaultHierarchy>true</defaultHierarchy>
<linkToDimension>2533B74B-D1F6-F2DB-4A9F-FAA6E0634798</linkToDimension>
<usedLevels>
<usedLevel>88DE3FC8-3264-2BBB-C6EB-5CBB0CAF0711</usedLevel>
<usedLevel>9B3B0499-AADB-E609-A8F0-F8087A3AA761</usedLevel>
<usedLevel>29697BAB-47AD-2297-ACA8-9E195E122E13</usedLevel>
</usedLevels>
<usedRULinks>
<usedLink>2E4B1898-96ED-39E6-D708-C277D9033947</usedLink>
<usedLink>9ECB3EFE-ECF4-5F09-232D-B11BAF9E9D7F</usedLink>
</usedRULinks>
</Hierarchy>