<?xml version = '1.0' encoding = 'UTF-8'?>
<Hierarchy class="oracle.dbtools.crest.model.design.multidimensional.Hierarchy" name="Hierarchy_7" directorySegmentName="seg_0" id="DF6A0774-14E4-A012-C4F1-E96B5D128AD4">
<createdBy>PSTOYANO</createdBy>
<createdTime>2013-01-09 09:15:52 UTC</createdTime>
<ownerDesignName>global11_demo</ownerDesignName>
<nameInOracleAW>HIERARCHY_7</nameInOracleAW>
<defaultHierarchy>false</defaultHierarchy>
<linkToDimension>F7E6C4EB-7A23-0C60-DBD3-EB0F29A96BB5</linkToDimension>
<usedLevels>
<usedLevel>48B0E33F-732B-4134-7AD8-36EA93D51055</usedLevel>
<usedLevel>470612FC-5FC2-9DEA-7CAA-22186162408C</usedLevel>
<usedLevel>A6F13826-F8E6-2CF9-BBBD-57B8590F6868</usedLevel>
<usedLevel>6AA759DC-2F77-FD5D-038E-5D5ABA4169B7</usedLevel>
</usedLevels>
<usedRULinks>
<usedLink>4B35ABDF-88CD-F64B-AE5C-365153966B34</usedLink>
<usedLink>3E7205D6-BF25-CFED-422D-60F775169DD8</usedLink>
<usedLink>16744E60-F199-646B-156F-220F61E0B0E0</usedLink>
</usedRULinks>
</Hierarchy>