<?xml version = '1.0' encoding = 'UTF-8'?>
<Hierarchy class="oracle.dbtools.crest.model.design.multidimensional.Hierarchy" name="Hierarchy_4" directorySegmentName="seg_0" id="E9017C03-CAA4-D890-C7F7-670FA806D37F">
<createdBy>PSTOYANO</createdBy>
<createdTime>2012-12-21 12:01:38 UTC</createdTime>
<ownerDesignName>global11_demo</ownerDesignName>
<nameInOracleAW>HIERARCHY_4</nameInOracleAW>
<defaultHierarchy>true</defaultHierarchy>
<linkToDimension>51C40A40-CB40-9DB0-F05E-86BAE2761C9A</linkToDimension>
<usedLevels>
<usedLevel>BC274463-281B-C0DE-2D63-C71F43BAFCDD</usedLevel>
<usedLevel>E640273B-D6E9-51EF-3BD8-03B4C91474EC</usedLevel>
<usedLevel>001D8D79-EE3A-58E4-BE21-4A40DB18E8A8</usedLevel>
<usedLevel>A33DAC83-A47B-5E35-0DF4-57BD53D3C137</usedLevel>
</usedLevels>
<usedRULinks>
<usedLink>D968DEF9-A03B-DF7C-4A03-17CA23B97476</usedLink>
<usedLink>81745C65-14C2-45E8-4B77-BEAB134741FA</usedLink>
<usedLink>A9275EBE-21B5-296E-F15D-05CBAC7B16AE</usedLink>
</usedRULinks>
</Hierarchy>