<?xml version = '1.0' encoding = 'UTF-8'?>
<RaggedHLink class="oracle.dbtools.crest.model.design.multidimensional.RaggedHLink" name="RaggedHLink_1" directorySegmentName="seg_0" id="EF91D187-CAED-5EF4-17FF-DEFE390C5B27">
<createdBy>PSTOYANO</createdBy>
<createdTime>2012-12-19 13:39:59 UTC</createdTime>
<ownerDesignName>global11</ownerDesignName>
<nameInOracleAW>RAGGEDHLINK_1</nameInOracleAW>
<childLevel>DDF01FA3-0F23-FC47-B316-CBAF1E41B04A</childLevel>
<parentLevel>293B4C4E-A1B1-8E68-09D4-B80D610CC3DD</parentLevel>
<sourceMDObject>DDF01FA3-0F23-FC47-B316-CBAF1E41B04A</sourceMDObject>
<targetMDObject>293B4C4E-A1B1-8E68-09D4-B80D610CC3DD</targetMDObject>
</RaggedHLink>