<?xml version = '1.0' encoding = 'UTF-8'?>
<Cube class="oracle.dbtools.crest.model.design.multidimensional.Cube" name="Cube_1111" directorySegmentName="seg_0" id="9C40ACAC-E558-DC3C-CB8A-70C9FA32BE3A">
<createdBy>PSTOYANO</createdBy>
<createdTime>2012-12-17 12:41:44 UTC</createdTime>
<ownerDesignName>global11_demo</ownerDesignName>
<nameInOracleAW>CUBE_1111</nameInOracleAW>
<compressedcomposites>true</compressedcomposites>
<factEntity>61059591-E00D-F325-75BD-1580E94E5E84</factEntity>
<partDimension>136FDFF4-79C2-A7C4-F1D5-3B7A2C3E72AC</partDimension>
<partHierarchy>52829E60-B248-C540-F276-A359DF8EB700</partHierarchy>
<partLevel>116B1269-7CB8-5F9F-4BF3-C8D89B9E872D</partLevel>
<partitioned>true</partitioned>
<useGlobalComposites>true</useGlobalComposites>
<virtual>true</virtual>
<dimensions>
<dimension>E46D500E-D9C1-7DBB-098B-392AF0F366CC</dimension>
<dimension>136FDFF4-79C2-A7C4-F1D5-3B7A2C3E72AC</dimension>
<dimension>A6BB9419-DE69-AC6B-CC0A-78A2BB6E6967</dimension>
<dimension>474BD63F-734D-E47A-B9E8-0A9A4BBA0C12</dimension>
</dimensions>
<measures>
<measure class="oracle.dbtools.crest.model.design.multidimensional.Measure" name="MSR_1" id="36A343FC-A337-2A3F-A6F2-00F749519002">
<createdBy>PSTOYANO</createdBy>
<createdTime>2012-12-17 12:42:34 UTC</createdTime>
<ownerDesignName>global11_demo</ownerDesignName>
<nameInOracleAW>MSR_1</nameInOracleAW>
<actasFactDimension>false</actasFactDimension>
<additivity>Fully-Additive</additivity>
<aggregationFunctionID>3</aggregationFunctionID>
<cube>9C40ACAC-E558-DC3C-CB8A-70C9FA32BE3A</cube>
<isformula>false</isformula>
<iscustomFormula>false</iscustomFormula>
<measureFact>1BB159AC-282C-CE7C-0C12-EEEA6CDBE5BC</measureFact>
<olAPoffset>0</olAPoffset>
<olAPoperator>Lag</olAPoperator>
<olAPPeriodToDateoperation>AVERAGE</olAPPeriodToDateoperation>
<olAPStart>0</olAPStart>
<olAPStep>1</olAPStep>
<olAPStop>1</olAPStop>
<oracleAWFormulaType>NO</oracleAWFormulaType>
<rankDirectionCode>HL</rankDirectionCode>
<rankDirectionName>Highest To Lowest</rankDirectionName>
<aggregationFunctions>
<function class="oracle.dbtools.crest.model.design.multidimensional.Measure$AggregateFunction" name="SUM" id="3">
<measureAlias>Measure_1</measureAlias>
<summaryLevels>
<summaryLevel>DDF01FA3-0F23-FC47-B316-CBAF1E41B04A</summaryLevel>
<summaryLevel>1F0254DF-8165-B197-25A9-F6EBA9DC4231</summaryLevel>
<summaryLevel>9B3B0499-AADB-E609-A8F0-F8087A3AA761</summaryLevel>
</summaryLevels>
</function>
</aggregationFunctions>
</measure>
<measure class="oracle.dbtools.crest.model.design.multidimensional.Measure" name="MSR_2" id="1EDE6873-C5DE-D8CB-22FB-01339204AE24">
<createdBy>PSTOYANO</createdBy>
<createdTime>2013-01-04 08:09:21 UTC</createdTime>
<ownerDesignName>global11_demo</ownerDesignName>
<nameInOracleAW>MSR_2</nameInOracleAW>
<actasFactDimension>false</actasFactDimension>
<additivity>Fully-Additive</additivity>
<aggregationFunctionID>2</aggregationFunctionID>
<cube>9C40ACAC-E558-DC3C-CB8A-70C9FA32BE3A</cube>
<isformula>true</isformula>
<iscustomFormula>false</iscustomFormula>
<formula>CUBE_1111.MSR_1 * 2</formula>
<olAPoffset>0</olAPoffset>
<olAPoperator>Lag</olAPoperator>
<olAPPeriodToDateoperation>AVERAGE</olAPPeriodToDateoperation>
<olAPStart>0</olAPStart>
<olAPStep>1</olAPStep>
<olAPStop>1</olAPStop>
<oracleAWFormulaType>NO</oracleAWFormulaType>
<rankDirectionCode>HL</rankDirectionCode>
<rankDirectionName>Highest To Lowest</rankDirectionName>
<aggregationFunctions>
<function class="oracle.dbtools.crest.model.design.multidimensional.Measure$AggregateFunction" name="SUM" id="2">
<measureAlias>Measure_2</measureAlias>
<summaryLevels>
<summaryLevel>DDF01FA3-0F23-FC47-B316-CBAF1E41B04A</summaryLevel>
<summaryLevel>9B3B0499-AADB-E609-A8F0-F8087A3AA761</summaryLevel>
</summaryLevels>
</function>
</aggregationFunctions>
</measure>
<measure class="oracle.dbtools.crest.model.design.multidimensional.Measure" name="CALC_MSR1" id="EEDA588F-F242-B503-EA59-B16F7E7DBF59">
<createdBy>PSTOYANO</createdBy>
<createdTime>2013-01-04 08:46:10 UTC</createdTime>
<ownerDesignName>global11_demo</ownerDesignName>
<nameInOracleAW>CALC_MSR1</nameInOracleAW>
<actasFactDimension>false</actasFactDimension>
<additivity>Fully-Additive</additivity>
<aggregationFunctionID>1</aggregationFunctionID>
<cube>9C40ACAC-E558-DC3C-CB8A-70C9FA32BE3A</cube>
<isformula>true</isformula>
<iscustomFormula>false</iscustomFormula>
<formula>RANK() OVER ( HIERARCHY CUSTOMERS.SHIP_TO_COUUNTRY_HIER ORDER BY CUBE_1111.MSR_1 DESC NULLS LAST WITHIN LEVEL )</formula>
<olAPoffset>0</olAPoffset>
<olAPoperator>Lag</olAPoperator>
<olAPPeriodToDateoperation>AVERAGE</olAPPeriodToDateoperation>
<olAPStart>0</olAPStart>
<olAPStep>1</olAPStep>
<olAPStop>1</olAPStop>
<oracleAWFormulaType>NO</oracleAWFormulaType>
<rankDirectionCode>HL</rankDirectionCode>
<rankDirectionName>Highest To Lowest</rankDirectionName>
<aggregationFunctions>
<function class="oracle.dbtools.crest.model.design.multidimensional.Measure$AggregateFunction" name="SUM" id="1">
<measureAlias>CALC_MSR1</measureAlias>
</function>
</aggregationFunctions>
</measure>
</measures>
<slices>
<slice>633A5324-A61D-7255-0DCD-E84C0539EBE7</slice>
</slices>
<factContainers>
<container>A382B39F-A16F-DCB6-6420-16020AED5143</container>
<container>61059591-E00D-F325-75BD-1580E94E5E84</container>
</factContainers>
<joins>
<containerJoin class="oracle.dbtools.crest.model.design.multidimensional.FactEntitiesJoin" name="FactEntitiesJoin_1" id="53B6D569-8177-6597-AC6B-FC3D5020E4A1">
<createdBy>PSTOYANO</createdBy>
<createdTime>2013-01-03 15:56:52 UTC</createdTime>
<ownerDesignName>global11</ownerDesignName>
<cardinality>1:1</cardinality>
<leftEntity>61059591-E00D-F325-75BD-1580E94E5E84</leftEntity>
<rightEntity>A382B39F-A16F-DCB6-6420-16020AED5143</rightEntity>
<leftAttributes>
<attribute>9B1478DD-FAA6-E6BD-B19D-00E1E8002F44</attribute>
<attribute>4D2C6CAD-FFD2-08D7-6D60-5959639BAF09</attribute>
</leftAttributes>
<rightAttributes>
<attribute>E332DD07-FDD4-A03B-81C5-A70CBC57B6C5</attribute>
<attribute>ECE21840-EE7E-683F-4CC1-9C3C802343B7</attribute>
</rightAttributes>
</containerJoin>
</joins>
</Cube>