<?xml version = '1.0' encoding = 'UTF-8'?>
<DimensionOraclev10g class="oracle.dbtools.crest.model.design.storage.oracle.v10g.DimensionOraclev10g" name="TIME_DIMENSION" directorySegmentName="seg_0" id="3EEBBE6F-D0C0-2F16-4C8D-D0E348BC53C9">
<sourceConnName>fdb11r1</sourceConnName>
<sourceObjSchema>GLOBAL</sourceObjSchema>
<sourceObjName>TIME_DIMENSION</sourceObjName>
<createdBy>PSTOYANO</createdBy>
<createdTime>2012-12-12 05:01:51 UTC</createdTime>
<ownerDesignName>global11_demo</ownerDesignName>
<user>A25BDBCE-330C-FEE0-ADDA-006CF4FC6B87</user>
<levels>
<Level class="oracle.dbtools.crest.model.design.storage.oracle.v10g.LevelOraclev10g" name="TOTAL" id="B346C1E1-6D6B-BBAF-AF62-21520F9FD06B">
<createdBy>PSTOYANO</createdBy>
<createdTime>2012-12-12 05:01:51 UTC</createdTime>
<ownerDesignName>global11_demo</ownerDesignName>
<columns>B693FD18-B393-B624-0C96-C6ACE444189F</columns>
<levelTable>213B2B80-F4A4-E7CE-2864-112034A8C60F</levelTable>
</Level>
<Level class="oracle.dbtools.crest.model.design.storage.oracle.v10g.LevelOraclev10g" name="CALENDAR_YEAR" id="6F107848-7611-8D39-0222-9849A7BDF37F">
<createdBy>PSTOYANO</createdBy>
<createdTime>2012-12-12 05:01:51 UTC</createdTime>
<ownerDesignName>global11_demo</ownerDesignName>
<columns>ABAF2D1F-714C-25BB-13FD-9753CAA9A6D8</columns>
<levelTable>213B2B80-F4A4-E7CE-2864-112034A8C60F</levelTable>
</Level>
<Level class="oracle.dbtools.crest.model.design.storage.oracle.v10g.LevelOraclev10g" name="CALENDAR_QUARTER" id="2FDE9414-53C4-9F89-67BE-1D78394697E9">
<createdBy>PSTOYANO</createdBy>
<createdTime>2012-12-12 05:01:51 UTC</createdTime>
<ownerDesignName>global11_demo</ownerDesignName>
<columns>ED6A498C-A7E4-B39B-E06B-BD0952F16B87</columns>
<levelTable>213B2B80-F4A4-E7CE-2864-112034A8C60F</levelTable>
</Level>
<Level class="oracle.dbtools.crest.model.design.storage.oracle.v10g.LevelOraclev10g" name="FISCAL_YEAR" id="2776BE6E-EB62-99A6-ADF2-4F0FA4EA3420">
<createdBy>PSTOYANO</createdBy>
<createdTime>2012-12-12 05:01:51 UTC</createdTime>
<ownerDesignName>global11_demo</ownerDesignName>
<columns>1452AA49-7189-DD89-0595-ABC1E632F977</columns>
<levelTable>213B2B80-F4A4-E7CE-2864-112034A8C60F</levelTable>
</Level>
<Level class="oracle.dbtools.crest.model.design.storage.oracle.v10g.LevelOraclev10g" name="FISCAL_QUARTER" id="EF9CBD00-AC9A-1F18-40A1-BF15F56A7163">
<createdBy>PSTOYANO</createdBy>
<createdTime>2012-12-12 05:01:51 UTC</createdTime>
<ownerDesignName>global11_demo</ownerDesignName>
<columns>B9F709A8-5862-8EE4-6F6E-FEFBD19BC571</columns>
<levelTable>213B2B80-F4A4-E7CE-2864-112034A8C60F</levelTable>
</Level>
<Level class="oracle.dbtools.crest.model.design.storage.oracle.v10g.LevelOraclev10g" name="month" id="A66AC2AF-2923-CA44-68C6-3A71DF83DED3">
<createdBy>PSTOYANO</createdBy>
<createdTime>2012-12-12 05:01:51 UTC</createdTime>
<ownerDesignName>global11_demo</ownerDesignName>
<columns>89108140-F13A-AB3F-1C44-3124558332D9</columns>
<levelTable>213B2B80-F4A4-E7CE-2864-112034A8C60F</levelTable>
</Level>
</levels>
<hierarchies>
<Hierarchy class="oracle.dbtools.crest.model.design.storage.oracle.v10g.HierarchyOraclev10g" name="CALENDAR" id="26BC626D-1933-6ADB-6DCF-072A801989A7">
<createdBy>PSTOYANO</createdBy>
<createdTime>2012-12-12 05:01:51 UTC</createdTime>
<ownerDesignName>global11_demo</ownerDesignName>
<levels>A66AC2AF-2923-CA44-68C6-3A71DF83DED3, 2FDE9414-53C4-9F89-67BE-1D78394697E9, 6F107848-7611-8D39-0222-9849A7BDF37F, B346C1E1-6D6B-BBAF-AF62-21520F9FD06B</levels>
</Hierarchy>
<Hierarchy class="oracle.dbtools.crest.model.design.storage.oracle.v10g.HierarchyOraclev10g" name="FISCAL" id="DF9E5A4F-17B9-70D5-CF67-CC9DA2DA4602">
<createdBy>PSTOYANO</createdBy>
<createdTime>2012-12-12 05:01:51 UTC</createdTime>
<ownerDesignName>global11_demo</ownerDesignName>
<levels>A66AC2AF-2923-CA44-68C6-3A71DF83DED3, EF9CBD00-AC9A-1F18-40A1-BF15F56A7163, 2776BE6E-EB62-99A6-ADF2-4F0FA4EA3420, B346C1E1-6D6B-BBAF-AF62-21520F9FD06B</levels>
</Hierarchy>
</hierarchies>
<attributes>
<Attribute class="oracle.dbtools.crest.model.design.storage.oracle.v10g.DimensionAttributeOraclev10g" name="TOTAL" id="DB1F0AF9-E9AA-C2C5-821F-E3C1A5BEA3D2">
<createdBy>PSTOYANO</createdBy>
<createdTime>2012-12-12 05:01:51 UTC</createdTime>
<ownerDesignName>global11_demo</ownerDesignName>
<columns>AFEF6BD1-6F81-D6F4-E922-4A0C7991A476</columns>
<level>B346C1E1-6D6B-BBAF-AF62-21520F9FD06B</level>
</Attribute>
<Attribute class="oracle.dbtools.crest.model.design.storage.oracle.v10g.DimensionAttributeOraclev10g" name="CALENDAR_YEAR" id="E42AD3C1-D1E9-D675-0079-DC571DBD4712">
<createdBy>PSTOYANO</createdBy>
<createdTime>2012-12-12 05:01:51 UTC</createdTime>
<ownerDesignName>global11_demo</ownerDesignName>
<columns>74ED7822-20C0-49E5-ACF5-F88FED93EEC8</columns>
<level>6F107848-7611-8D39-0222-9849A7BDF37F</level>
</Attribute>
<Attribute class="oracle.dbtools.crest.model.design.storage.oracle.v10g.DimensionAttributeOraclev10g" name="CALENDAR_QUARTER" id="9C09E8EC-240D-E3B7-C3A4-E8F61791FFD2">
<createdBy>PSTOYANO</createdBy>
<createdTime>2012-12-12 05:01:51 UTC</createdTime>
<ownerDesignName>global11_demo</ownerDesignName>
<columns>514D5DA0-FACB-CD17-F3C2-28CDBB620118</columns>
<level>2FDE9414-53C4-9F89-67BE-1D78394697E9</level>
</Attribute>
<Attribute class="oracle.dbtools.crest.model.design.storage.oracle.v10g.DimensionAttributeOraclev10g" name="FISCAL_YEAR" id="44D9F832-7239-C4CE-8A5C-5B24DD7D6EE2">
<createdBy>PSTOYANO</createdBy>
<createdTime>2012-12-12 05:01:51 UTC</createdTime>
<ownerDesignName>global11_demo</ownerDesignName>
<columns>C04D8D7F-2BFE-8E6A-71F6-EF6F95A9EB52</columns>
<level>2776BE6E-EB62-99A6-ADF2-4F0FA4EA3420</level>
</Attribute>
<Attribute class="oracle.dbtools.crest.model.design.storage.oracle.v10g.DimensionAttributeOraclev10g" name="FISCAL_QUARTER" id="3D1DDD81-8E4F-4060-A75C-4E4615D0AD20">
<createdBy>PSTOYANO</createdBy>
<createdTime>2012-12-12 05:01:51 UTC</createdTime>
<ownerDesignName>global11_demo</ownerDesignName>
<columns>6F613DA2-7F97-0776-E2D3-8CF6727CA9AD</columns>
<level>EF9CBD00-AC9A-1F18-40A1-BF15F56A7163</level>
</Attribute>
<Attribute class="oracle.dbtools.crest.model.design.storage.oracle.v10g.DimensionAttributeOraclev10g" name="month" id="BBDCB726-EC04-0E35-430E-CB5E95CA3B02">
<createdBy>PSTOYANO</createdBy>
<createdTime>2012-12-12 05:01:51 UTC</createdTime>
<ownerDesignName>global11_demo</ownerDesignName>
<columns>6D19794C-CA12-ED8C-EF47-A5F1CE4C0696</columns>
<level>A66AC2AF-2923-CA44-68C6-3A71DF83DED3</level>
</Attribute>
</attributes>
</DimensionOraclev10g>