<?xml version = '1.0' encoding = 'UTF-8'?>
<DimensionOraclev10g class="oracle.dbtools.crest.model.design.storage.oracle.v10g.DimensionOraclev10g" name="CUSTOMER_DIMENSION" directorySegmentName="seg_0" id="439CEDA4-87E7-59A9-A026-696D99C8637B">
<sourceConnName>fdb11r1</sourceConnName>
<sourceObjSchema>GLOBAL</sourceObjSchema>
<sourceObjName>CUSTOMER_DIMENSION</sourceObjName>
<createdBy>PSTOYANO</createdBy>
<createdTime>2012-12-12 05:01:51 UTC</createdTime>
<ownerDesignName>global11_demo</ownerDesignName>
<user>A25BDBCE-330C-FEE0-ADDA-006CF4FC6B87</user>
<levels>
<Level class="oracle.dbtools.crest.model.design.storage.oracle.v10g.LevelOraclev10g" name="TOTAL" id="5050D346-47E1-0FBA-3C64-D22E0BA46279">
<createdBy>PSTOYANO</createdBy>
<createdTime>2012-12-12 05:01:51 UTC</createdTime>
<ownerDesignName>global11_demo</ownerDesignName>
<columns>268B4A64-B913-4ABD-2E1A-74EDE9DE6591</columns>
<levelTable>3ED85F23-4732-FED4-3DF0-97473849F9EB</levelTable>
</Level>
<Level class="oracle.dbtools.crest.model.design.storage.oracle.v10g.LevelOraclev10g" name="REGION" id="EFED7A2B-3710-74D7-26A2-9502E5A47096">
<createdBy>PSTOYANO</createdBy>
<createdTime>2012-12-12 05:01:51 UTC</createdTime>
<ownerDesignName>global11_demo</ownerDesignName>
<columns>C19E8E93-6D48-3389-28AB-ECE55AA6C5AC</columns>
<levelTable>3ED85F23-4732-FED4-3DF0-97473849F9EB</levelTable>
</Level>
<Level class="oracle.dbtools.crest.model.design.storage.oracle.v10g.LevelOraclev10g" name="WAREHOUSE" id="C40299D7-E283-8122-A9D9-E703FDAA3471">
<createdBy>PSTOYANO</createdBy>
<createdTime>2012-12-12 05:01:51 UTC</createdTime>
<ownerDesignName>global11_demo</ownerDesignName>
<columns>7AD7A471-0066-C5B4-A1FF-0B4B49717C97</columns>
<levelTable>3ED85F23-4732-FED4-3DF0-97473849F9EB</levelTable>
</Level>
<Level class="oracle.dbtools.crest.model.design.storage.oracle.v10g.LevelOraclev10g" name="MARKET_SEGMENT" id="64AB31B2-DEFE-1A29-75E1-32CE9B9FD0A4">
<createdBy>PSTOYANO</createdBy>
<createdTime>2012-12-12 05:01:51 UTC</createdTime>
<ownerDesignName>global11_demo</ownerDesignName>
<columns>6083CCAD-6126-BB04-3C9A-7E93DC659DCE</columns>
<levelTable>3ED85F23-4732-FED4-3DF0-97473849F9EB</levelTable>
</Level>
<Level class="oracle.dbtools.crest.model.design.storage.oracle.v10g.LevelOraclev10g" name="account" id="431FA94C-39F1-98F8-190C-7CF056B0773E">
<createdBy>PSTOYANO</createdBy>
<createdTime>2012-12-12 05:01:51 UTC</createdTime>
<ownerDesignName>global11_demo</ownerDesignName>
<columns>F242762F-3FE2-2488-E649-5BFF36FF1C3D</columns>
<levelTable>3ED85F23-4732-FED4-3DF0-97473849F9EB</levelTable>
</Level>
<Level class="oracle.dbtools.crest.model.design.storage.oracle.v10g.LevelOraclev10g" name="SHIP_TO" id="ACFFFD85-6A6B-4DC3-3E51-806843CFAFE9">
<createdBy>PSTOYANO</createdBy>
<createdTime>2012-12-12 05:01:51 UTC</createdTime>
<ownerDesignName>global11_demo</ownerDesignName>
<columns>582F0652-B7BE-3B02-0978-C4A0A33FF989</columns>
<levelTable>3ED85F23-4732-FED4-3DF0-97473849F9EB</levelTable>
</Level>
</levels>
<hierarchies>
<Hierarchy class="oracle.dbtools.crest.model.design.storage.oracle.v10g.HierarchyOraclev10g" name="SHIPMENTS" id="2FC8AB91-2EA0-D6F8-7652-F2B67EEC6201">
<createdBy>PSTOYANO</createdBy>
<createdTime>2012-12-12 05:01:51 UTC</createdTime>
<ownerDesignName>global11_demo</ownerDesignName>
<levels>ACFFFD85-6A6B-4DC3-3E51-806843CFAFE9, C40299D7-E283-8122-A9D9-E703FDAA3471, EFED7A2B-3710-74D7-26A2-9502E5A47096, 5050D346-47E1-0FBA-3C64-D22E0BA46279</levels>
</Hierarchy>
<Hierarchy class="oracle.dbtools.crest.model.design.storage.oracle.v10g.HierarchyOraclev10g" name="segment" id="AD884FCA-8626-FB8A-6F28-725FB00B09B9">
<createdBy>PSTOYANO</createdBy>
<createdTime>2012-12-12 05:01:51 UTC</createdTime>
<ownerDesignName>global11_demo</ownerDesignName>
<levels>ACFFFD85-6A6B-4DC3-3E51-806843CFAFE9, 431FA94C-39F1-98F8-190C-7CF056B0773E, 64AB31B2-DEFE-1A29-75E1-32CE9B9FD0A4, 5050D346-47E1-0FBA-3C64-D22E0BA46279</levels>
</Hierarchy>
</hierarchies>
<attributes>
<Attribute class="oracle.dbtools.crest.model.design.storage.oracle.v10g.DimensionAttributeOraclev10g" name="TOTAL" id="E4463B7F-24C6-4550-75C6-BFF76C9485AD">
<createdBy>PSTOYANO</createdBy>
<createdTime>2012-12-12 05:01:51 UTC</createdTime>
<ownerDesignName>global11_demo</ownerDesignName>
<columns>69E9FBC6-0735-EA62-208A-0084C8038FBD</columns>
<level>5050D346-47E1-0FBA-3C64-D22E0BA46279</level>
</Attribute>
<Attribute class="oracle.dbtools.crest.model.design.storage.oracle.v10g.DimensionAttributeOraclev10g" name="REGION" id="1272C455-6669-CF75-E91F-0CFA141631CE">
<createdBy>PSTOYANO</createdBy>
<createdTime>2012-12-12 05:01:51 UTC</createdTime>
<ownerDesignName>global11_demo</ownerDesignName>
<columns>ECD64A36-EC53-52CC-A08F-F69A2CF6B9E8</columns>
<level>EFED7A2B-3710-74D7-26A2-9502E5A47096</level>
</Attribute>
<Attribute class="oracle.dbtools.crest.model.design.storage.oracle.v10g.DimensionAttributeOraclev10g" name="WAREHOUSE" id="A8156913-1D97-0220-38EC-882B2B30E7A0">
<createdBy>PSTOYANO</createdBy>
<createdTime>2012-12-12 05:01:51 UTC</createdTime>
<ownerDesignName>global11_demo</ownerDesignName>
<columns>64DB36C8-157A-5A95-B34D-FF717F03244F</columns>
<level>C40299D7-E283-8122-A9D9-E703FDAA3471</level>
</Attribute>
<Attribute class="oracle.dbtools.crest.model.design.storage.oracle.v10g.DimensionAttributeOraclev10g" name="MARKET_SEGMENT" id="404503AB-31A5-FC73-3321-008E80A96B1C">
<createdBy>PSTOYANO</createdBy>
<createdTime>2012-12-12 05:01:51 UTC</createdTime>
<ownerDesignName>global11_demo</ownerDesignName>
<columns>BFDE8849-442F-B34D-57F0-8A871530E87B</columns>
<level>64AB31B2-DEFE-1A29-75E1-32CE9B9FD0A4</level>
</Attribute>
<Attribute class="oracle.dbtools.crest.model.design.storage.oracle.v10g.DimensionAttributeOraclev10g" name="account" id="70F03025-6F9D-DAF9-D80B-72825EBBBD38">
<createdBy>PSTOYANO</createdBy>
<createdTime>2012-12-12 05:01:51 UTC</createdTime>
<ownerDesignName>global11_demo</ownerDesignName>
<columns>E4770FE6-399B-69A9-5CAC-391DFF8A8DD3</columns>
<level>431FA94C-39F1-98F8-190C-7CF056B0773E</level>
</Attribute>
<Attribute class="oracle.dbtools.crest.model.design.storage.oracle.v10g.DimensionAttributeOraclev10g" name="SHIP_TO" id="D1124B56-FB30-FD5D-C74D-D56274D15AD1">
<createdBy>PSTOYANO</createdBy>
<createdTime>2012-12-12 05:01:51 UTC</createdTime>
<ownerDesignName>global11_demo</ownerDesignName>
<columns>DAA748A0-CC90-13AB-C7A1-919B6748B74B</columns>
<level>ACFFFD85-6A6B-4DC3-3E51-806843CFAFE9</level>
</Attribute>
</attributes>
</DimensionOraclev10g>