<?xml version = '1.0' encoding = 'UTF-8'?>
<DimensionOraclev10g class="oracle.dbtools.crest.model.design.storage.oracle.v10g.DimensionOraclev10g" name="PRODUCT_DIMENSION" directorySegmentName="seg_0" id="A833C486-4A54-89EA-40A3-BD0CDDBFFBFF">
<sourceConnName>fdb11r1</sourceConnName>
<sourceObjSchema>GLOBAL</sourceObjSchema>
<sourceObjName>PRODUCT_DIMENSION</sourceObjName>
<createdBy>PSTOYANO</createdBy>
<createdTime>2012-12-12 05:01:51 UTC</createdTime>
<ownerDesignName>global11_demo</ownerDesignName>
<user>A25BDBCE-330C-FEE0-ADDA-006CF4FC6B87</user>
<levels>
<Level class="oracle.dbtools.crest.model.design.storage.oracle.v10g.LevelOraclev10g" name="TOTAL" id="D19A4D99-0B35-D990-4660-C5A4C4D6A148">
<createdBy>PSTOYANO</createdBy>
<createdTime>2012-12-12 05:01:51 UTC</createdTime>
<ownerDesignName>global11_demo</ownerDesignName>
<columns>4BDF2135-4181-AA88-BF7B-99A00A25BD06</columns>
<levelTable>455A798C-95BE-002D-5E6E-BA590B0322FC</levelTable>
</Level>
<Level class="oracle.dbtools.crest.model.design.storage.oracle.v10g.LevelOraclev10g" name="class" id="7AF8A795-1533-B03F-5865-2C16609F9DAD">
<createdBy>PSTOYANO</createdBy>
<createdTime>2012-12-12 05:01:51 UTC</createdTime>
<ownerDesignName>global11_demo</ownerDesignName>
<columns>32D1C983-155D-F0A0-A3F2-3705B1B3E36B</columns>
<levelTable>455A798C-95BE-002D-5E6E-BA590B0322FC</levelTable>
</Level>
<Level class="oracle.dbtools.crest.model.design.storage.oracle.v10g.LevelOraclev10g" name="FAMILY" id="A3E6ED00-6C73-0D97-9314-573D234FBA34">
<createdBy>PSTOYANO</createdBy>
<createdTime>2012-12-12 05:01:51 UTC</createdTime>
<ownerDesignName>global11_demo</ownerDesignName>
<columns>EA822D00-7240-2DE4-287B-5C9FB36DD78D</columns>
<levelTable>455A798C-95BE-002D-5E6E-BA590B0322FC</levelTable>
</Level>
<Level class="oracle.dbtools.crest.model.design.storage.oracle.v10g.LevelOraclev10g" name="ITEM" id="E18D42D3-68D8-43CB-74CF-31571E4CB3AB">
<createdBy>PSTOYANO</createdBy>
<createdTime>2012-12-12 05:01:51 UTC</createdTime>
<ownerDesignName>global11_demo</ownerDesignName>
<columns>5D99FD28-8652-4833-1D33-580EA6272285</columns>
<levelTable>455A798C-95BE-002D-5E6E-BA590B0322FC</levelTable>
</Level>
</levels>
<hierarchies>
<Hierarchy class="oracle.dbtools.crest.model.design.storage.oracle.v10g.HierarchyOraclev10g" name="primary" id="B1BC4384-CE72-9151-B133-BC2E9D272822">
<createdBy>PSTOYANO</createdBy>
<createdTime>2012-12-12 05:01:51 UTC</createdTime>
<ownerDesignName>global11_demo</ownerDesignName>
<levels>E18D42D3-68D8-43CB-74CF-31571E4CB3AB, A3E6ED00-6C73-0D97-9314-573D234FBA34, 7AF8A795-1533-B03F-5865-2C16609F9DAD, D19A4D99-0B35-D990-4660-C5A4C4D6A148</levels>
</Hierarchy>
</hierarchies>
<attributes>
<Attribute class="oracle.dbtools.crest.model.design.storage.oracle.v10g.DimensionAttributeOraclev10g" name="TOTAL" id="C81B8081-E09A-214F-F462-43285F10C4B4">
<createdBy>PSTOYANO</createdBy>
<createdTime>2012-12-12 05:01:51 UTC</createdTime>
<ownerDesignName>global11_demo</ownerDesignName>
<columns>2F479ACF-073D-8656-2148-B0C5C8810CFE</columns>
<level>D19A4D99-0B35-D990-4660-C5A4C4D6A148</level>
</Attribute>
<Attribute class="oracle.dbtools.crest.model.design.storage.oracle.v10g.DimensionAttributeOraclev10g" name="class" id="56B85729-7816-7009-860B-2E0050A64FD9">
<createdBy>PSTOYANO</createdBy>
<createdTime>2012-12-12 05:01:51 UTC</createdTime>
<ownerDesignName>global11_demo</ownerDesignName>
<columns>0A301231-1011-6D20-FD04-64A362F552B7</columns>
<level>7AF8A795-1533-B03F-5865-2C16609F9DAD</level>
</Attribute>
<Attribute class="oracle.dbtools.crest.model.design.storage.oracle.v10g.DimensionAttributeOraclev10g" name="FAMILY" id="480006FA-1525-C90D-889B-FB4181AC7C3C">
<createdBy>PSTOYANO</createdBy>
<createdTime>2012-12-12 05:01:51 UTC</createdTime>
<ownerDesignName>global11_demo</ownerDesignName>
<columns>289C063B-DB3B-7741-CB04-4E2F6AC46A35</columns>
<level>A3E6ED00-6C73-0D97-9314-573D234FBA34</level>
</Attribute>
<Attribute class="oracle.dbtools.crest.model.design.storage.oracle.v10g.DimensionAttributeOraclev10g" name="ITEM" id="C2485370-A6E1-4B0A-9409-CD8FC9D910D5">
<createdBy>PSTOYANO</createdBy>
<createdTime>2012-12-12 05:01:51 UTC</createdTime>
<ownerDesignName>global11_demo</ownerDesignName>
<columns>733D046E-F03B-E776-D80C-5423231ECEA8</columns>
<level>E18D42D3-68D8-43CB-74CF-31571E4CB3AB</level>
</Attribute>
</attributes>
</DimensionOraclev10g>