<?xml version = '1.0' encoding = 'UTF-8'?>
<DimensionOraclev10g class="oracle.dbtools.crest.model.design.storage.oracle.v10g.DimensionOraclev10g" name="CHANNEL_DIMENSION" directorySegmentName="seg_0" id="F6A35972-89C9-4403-C23D-B7FC3EEFBD34">
<sourceConnName>fdb11r1</sourceConnName>
<sourceObjSchema>GLOBAL</sourceObjSchema>
<sourceObjName>CHANNEL_DIMENSION</sourceObjName>
<createdBy>PSTOYANO</createdBy>
<createdTime>2012-12-12 05:01:51 UTC</createdTime>
<ownerDesignName>global11_demo</ownerDesignName>
<user>A25BDBCE-330C-FEE0-ADDA-006CF4FC6B87</user>
<levels>
<Level class="oracle.dbtools.crest.model.design.storage.oracle.v10g.LevelOraclev10g" name="TOTAL" id="410110D1-4406-5C2F-E58E-F2787EC32A2F">
<createdBy>PSTOYANO</createdBy>
<createdTime>2012-12-12 05:01:51 UTC</createdTime>
<ownerDesignName>global11_demo</ownerDesignName>
<columns>1860DFDB-3EF1-9AAC-2328-28CA53777AC9</columns>
<levelTable>EA084DBB-8975-4C53-065C-E6A90A1664A2</levelTable>
</Level>
<Level class="oracle.dbtools.crest.model.design.storage.oracle.v10g.LevelOraclev10g" name="CHANNEL" id="9742CF99-D20D-E52E-07CA-174D4DD52656">
<createdBy>PSTOYANO</createdBy>
<createdTime>2012-12-12 05:01:51 UTC</createdTime>
<ownerDesignName>global11_demo</ownerDesignName>
<columns>689D417B-587F-D4C6-4330-FE45D1996770</columns>
<levelTable>EA084DBB-8975-4C53-065C-E6A90A1664A2</levelTable>
</Level>
</levels>
<hierarchies>
<Hierarchy class="oracle.dbtools.crest.model.design.storage.oracle.v10g.HierarchyOraclev10g" name="PRIMARY" id="0596AF72-E22B-2D92-EFE6-9DAC4D173D4A">
<createdBy>PSTOYANO</createdBy>
<createdTime>2012-12-12 05:01:51 UTC</createdTime>
<ownerDesignName>global11_demo</ownerDesignName>
<levels>9742CF99-D20D-E52E-07CA-174D4DD52656, 410110D1-4406-5C2F-E58E-F2787EC32A2F</levels>
</Hierarchy>
</hierarchies>
<attributes>
<Attribute class="oracle.dbtools.crest.model.design.storage.oracle.v10g.DimensionAttributeOraclev10g" name="TOTAL" id="00F471EC-C1BB-2E37-0FF5-6C5B3E116F6A">
<createdBy>PSTOYANO</createdBy>
<createdTime>2012-12-12 05:01:51 UTC</createdTime>
<ownerDesignName>global11_demo</ownerDesignName>
<columns>22D46DF4-F476-BC78-0961-420314C3B1C0</columns>
<level>410110D1-4406-5C2F-E58E-F2787EC32A2F</level>
</Attribute>
<Attribute class="oracle.dbtools.crest.model.design.storage.oracle.v10g.DimensionAttributeOraclev10g" name="CHANNEL" id="32FFBEAB-1339-23E9-9D01-E47519C4D761">
<createdBy>PSTOYANO</createdBy>
<createdTime>2012-12-12 05:01:51 UTC</createdTime>
<ownerDesignName>global11_demo</ownerDesignName>
<columns>F974CFD5-BCCA-CC41-5A1E-EB16CEB311DD</columns>
<level>9742CF99-D20D-E52E-07CA-174D4DD52656</level>
</Attribute>
</attributes>
</DimensionOraclev10g>