<?xml version = '1.0' encoding = 'UTF-8'?>
<Level class="oracle.dbtools.crest.model.design.multidimensional.Level" name="CLASS" directorySegmentName="seg_0" id="001D8D79-EE3A-58E4-BE21-4A40DB18E8A8">
<createdBy>PSTOYANO</createdBy>
<createdTime>2012-12-21 11:59:56 UTC</createdTime>
<ownerDesignName>global11_demo</ownerDesignName>
<nameInOracleAW>CLASS</nameInOracleAW>
<levelEntity>7A2F2250-433C-4C6D-6708-C88BD60D09AA</levelEntity>
<rootIdentification>ParentIsBlankSelfOrMissing</rootIdentification>
<valueBasedHierarchy>false</valueBasedHierarchy>
<oraAWAttributes class="oracle.dbtools.crest.model.design.multidimensional.Level$OraAWAttributes">
</oraAWAttributes>
<levelKey>
<attribute>F2D2AB82-2608-B8EE-D3B5-938E064F3BC4</attribute>
</levelKey>
</Level>