<?xml version = '1.0' encoding = 'UTF-8'?>
<Level class="oracle.dbtools.crest.model.design.multidimensional.Level" name="Account_det" directorySegmentName="seg_0" id="116B1269-7CB8-5F9F-4BF3-C8D89B9E872D">
<createdBy>PSTOYANO</createdBy>
<createdTime>2012-12-17 13:01:23 UTC</createdTime>
<ownerDesignName>global11_demo</ownerDesignName>
<nameInOracleAW>ACCOUNT_DET</nameInOracleAW>
<levelEntity>7B528DC6-F847-F044-70FF-1E7C1E2CE4CB</levelEntity>
<rootIdentification>ParentIsBlankSelfOrMissing</rootIdentification>
<valueBasedHierarchy>false</valueBasedHierarchy>
<oraAWAttributes class="oracle.dbtools.crest.model.design.multidimensional.Level$OraAWAttributes">
</oraAWAttributes>
<levelKey>
<attribute>F63167EF-97C5-4F67-CFB7-872701FCAFE5</attribute>
</levelKey>
<descriptiveAttributes>
<descrAttribute class="oracle.dbtools.crest.model.design.multidimensional.SlowChangingAttribute" name="LASTNAME" id="2EDBA4D8-EA4C-A662-367E-5CFE6ECBBD92">
<createdBy>PSTOYANO</createdBy>
<createdTime>2013-01-23 09:25:17 UTC</createdTime>
<ownerDesignName>global11_demo</ownerDesignName>
<attribute>E5B8C406-A372-CFDD-97CC-31EBFBD0A418</attribute>
<classification>USER</classification>
<indexed>false</indexed>
<type>NONE</type>
</descrAttribute>
<descrAttribute class="oracle.dbtools.crest.model.design.multidimensional.SlowChangingAttribute" name="PHONE" id="04633AAC-CBBF-FB6A-20CB-1FC5167C9798">
<createdBy>PSTOYANO</createdBy>
<createdTime>2013-01-23 09:25:17 UTC</createdTime>
<ownerDesignName>global11_demo</ownerDesignName>
<attribute>D3085364-F8BF-83DC-5546-F05AAF743280</attribute>
<classification>USER</classification>
<indexed>false</indexed>
<type>NONE</type>
</descrAttribute>
</descriptiveAttributes>
</Level>