<?xml version = '1.0' encoding = 'UTF-8'?>
<Level class="oracle.dbtools.crest.model.design.multidimensional.Level" name="WAREHOUSE" directorySegmentName="seg_0" id="1F0254DF-8165-B197-25A9-F6EBA9DC4231">
<createdBy>PSTOYANO</createdBy>
<createdTime>2012-12-17 12:46:25 UTC</createdTime>
<ownerDesignName>global11_demo</ownerDesignName>
<nameInOracleAW>WAREHOUSE</nameInOracleAW>
<levelEntity>3ABD8059-38A1-D701-DE66-4FA8776F1C06</levelEntity>
<rootIdentification>ParentIsBlankSelfOrMissing</rootIdentification>
<valueBasedHierarchy>false</valueBasedHierarchy>
<oraAWAttributes class="oracle.dbtools.crest.model.design.multidimensional.Level$OraAWAttributes">
<longDesc>D32DB87C-E9F1-7628-1E06-136D17BA4105</longDesc>
</oraAWAttributes>
<levelKey>
<attribute>B5533C4E-3E02-609E-C747-AD748F34C7F9</attribute>
</levelKey>
<descriptiveAttributes>
<descrAttribute class="oracle.dbtools.crest.model.design.multidimensional.SlowChangingAttribute" name="WAREHOUSE DSC" id="27E55FA7-9507-D641-227F-6B3AF4F6F1F7">
<createdBy>PSTOYANO</createdBy>
<createdTime>2013-01-14 12:30:35 UTC</createdTime>
<ownerDesignName>global11</ownerDesignName>
<attribute>D32DB87C-E9F1-7628-1E06-136D17BA4105</attribute>
<classification>USER</classification>
<indexed>false</indexed>
<type>NONE</type>
</descrAttribute>
<descrAttribute class="oracle.dbtools.crest.model.design.multidimensional.SlowChangingAttribute" name="descr_french" id="A84E7C9C-85C6-AFD4-8CD7-2F7D172915E3">
<createdBy>PSTOYANO</createdBy>
<createdTime>2013-01-14 12:30:45 UTC</createdTime>
<ownerDesignName>global11</ownerDesignName>
<classification>USER</classification>
<indexed>false</indexed>
<type>NONE</type>
</descrAttribute>
</descriptiveAttributes>
</Level>