<?xml version = '1.0' encoding = 'UTF-8'?>
<Level class="oracle.dbtools.crest.model.design.multidimensional.Level" name="SHIP_TO" directorySegmentName="seg_0" id="2934810D-BAE4-B5A0-6D40-A13BA605E31A">
<createdBy>PSTOYANO</createdBy>
<createdTime>2012-12-17 12:46:22 UTC</createdTime>
<ownerDesignName>global11_demo</ownerDesignName>
<nameInOracleAW>SHIP_TO</nameInOracleAW>
<levelEntity>3ABD8059-38A1-D701-DE66-4FA8776F1C06</levelEntity>
<rootIdentification>ParentIsBlankSelfOrMissing</rootIdentification>
<valueBasedHierarchy>false</valueBasedHierarchy>
<oraAWAttributes class="oracle.dbtools.crest.model.design.multidimensional.Level$OraAWAttributes">
<longDesc>E4E7197A-8CDD-CB2C-BADC-0D90BBC37587</longDesc>
</oraAWAttributes>
<levelKey>
<attribute>2D583215-9C76-57A4-A5A8-C8DCB9AADDE2</attribute>
</levelKey>
<descriptiveAttributes>
<descrAttribute class="oracle.dbtools.crest.model.design.multidimensional.SlowChangingAttribute" name="SHIP TO DSC" id="A82A765F-6395-94B3-F0B6-47837FC8DE95">
<createdBy>PSTOYANO</createdBy>
<createdTime>2013-01-14 12:31:16 UTC</createdTime>
<ownerDesignName>global11</ownerDesignName>
<attribute>E4E7197A-8CDD-CB2C-BADC-0D90BBC37587</attribute>
<classification>USER</classification>
<indexed>true</indexed>
<type>NONE</type>
</descrAttribute>
</descriptiveAttributes>
</Level>