<?xml version = '1.0' encoding = 'UTF-8'?>
<Level class="oracle.dbtools.crest.model.design.multidimensional.Level" name="Country" directorySegmentName="seg_0" id="293B4C4E-A1B1-8E68-09D4-B80D610CC3DD">
<createdBy>PSTOYANO</createdBy>
<createdTime>2012-12-17 13:12:16 UTC</createdTime>
<ownerDesignName>global11_demo</ownerDesignName>
<nameInOracleAW>COUNTRY</nameInOracleAW>
<levelEntity>7B528DC6-F847-F044-70FF-1E7C1E2CE4CB</levelEntity>
<rootIdentification>ParentIsBlankSelfOrMissing</rootIdentification>
<valueBasedHierarchy>false</valueBasedHierarchy>
<oraAWAttributes class="oracle.dbtools.crest.model.design.multidimensional.Level$OraAWAttributes">
</oraAWAttributes>
<levelKey>
<attribute>1BB94BFA-F8B4-CE14-943F-DA20FE1B7CDD</attribute>
</levelKey>
</Level>