<?xml version = '1.0' encoding = 'UTF-8'?>
<Level class="oracle.dbtools.crest.model.design.multidimensional.Level" name="City_ca" directorySegmentName="seg_0" id="29697BAB-47AD-2297-ACA8-9E195E122E13">
<createdBy>PSTOYANO</createdBy>
<createdTime>2012-12-21 10:29:18 UTC</createdTime>
<ownerDesignName>global11_demo</ownerDesignName>
<nameInOracleAW>CITY_CA</nameInOracleAW>
<levelEntity>7BCDF19D-06A5-B334-993F-909A41F5CEE0</levelEntity>
<rootIdentification>ParentIsBlankSelfOrMissing</rootIdentification>
<valueBasedHierarchy>false</valueBasedHierarchy>
<oraAWAttributes class="oracle.dbtools.crest.model.design.multidimensional.Level$OraAWAttributes">
</oraAWAttributes>
<levelKey>
<attribute>834842E1-2EB9-0946-ADC1-CC82BCC7E4D2</attribute>
</levelKey>
<descriptiveAttributes>
<descrAttribute class="oracle.dbtools.crest.model.design.multidimensional.SlowChangingAttribute" name="CITY" id="82FCED8A-7128-D6F5-25CC-7A7B5456C6A1">
<createdBy>PSTOYANO</createdBy>
<createdTime>2013-01-08 15:46:18 UTC</createdTime>
<ownerDesignName>global11</ownerDesignName>
<attribute>834842E1-2EB9-0946-ADC1-CC82BCC7E4D2</attribute>
<classification>USER</classification>
<indexed>false</indexed>
<type>NONE</type>
</descrAttribute>
</descriptiveAttributes>
<calculatedAttributes>
<attribute class="oracle.dbtools.crest.model.design.multidimensional.CalculatedAttribute" name="ADDRESS" directorySegmentName="seg_0" id="78445709-7B27-6EF3-5F05-BBC863594293">
<createdBy>PSTOYANO</createdBy>
<createdTime>2012-12-21 12:51:59 UTC</createdTime>
<ownerDesignName>global11</ownerDesignName>
<function>case&lt;br/&gt; when cust_account.address2=&apos;NULL&apos; then global.cust_account.address &lt;br/&gt; else global.cust_account.address || &apos;, &apos;|| cust_account.address2 end</function>
<level>29697BAB-47AD-2297-ACA8-9E195E122E13</level>
</attribute>
</calculatedAttributes>
</Level>