<?xml version = '1.0' encoding = 'UTF-8'?>
<Level class="oracle.dbtools.crest.model.design.multidimensional.Level" name="Prod_child_parent" directorySegmentName="seg_0" id="3B18749D-23EE-C9CF-ED09-68B863D48630">
<createdBy>PSTOYANO</createdBy>
<createdTime>2013-01-02 11:51:06 UTC</createdTime>
<ownerDesignName>global11_demo</ownerDesignName>
<nameInOracleAW>PROD_CHILD_PARENT</nameInOracleAW>
<levelEntity>828DEB76-0E3C-716F-BC6C-4517702FE2AF</levelEntity>
<rootIdentification>ParentIsBlankSelfOrMissing</rootIdentification>
<valueBasedHierarchy>true</valueBasedHierarchy>
<oraAWAttributes class="oracle.dbtools.crest.model.design.multidimensional.Level$OraAWAttributes">
<shortDesc>CAD542F6-FC65-4CFF-E00E-E12FEAC3933B</shortDesc>
</oraAWAttributes>
<levelKey>
<attribute>12F9B89D-2DCF-4CB6-E922-0836066ECE99</attribute>
</levelKey>
<parentKey>
<attribute>C05AF307-89F6-B767-9A70-93DC27E8C052</attribute>
</parentKey>
<descriptiveAttributes>
<descrAttribute class="oracle.dbtools.crest.model.design.multidimensional.SlowChangingAttribute" name="PRODUCT DSC" id="B9DFED55-F8C3-C975-05DD-8978365198E3">
<createdBy>PSTOYANO</createdBy>
<createdTime>2013-01-02 11:54:57 UTC</createdTime>
<ownerDesignName>global11</ownerDesignName>
<attribute>CAD542F6-FC65-4CFF-E00E-E12FEAC3933B</attribute>
<classification>USER</classification>
<indexed>false</indexed>
<type>NONE</type>
</descrAttribute>
<descrAttribute class="oracle.dbtools.crest.model.design.multidimensional.SlowChangingAttribute" name="BUYER" id="B3AF650C-2B46-F717-6F80-E8CB2BDB9572">
<createdBy>PSTOYANO</createdBy>
<createdTime>2013-01-02 11:54:57 UTC</createdTime>
<ownerDesignName>global11</ownerDesignName>
<attribute>88C05827-6572-AF56-0DE5-2F6B79BA20C1</attribute>
<classification>USER</classification>
<indexed>false</indexed>
<type>NONE</type>
</descrAttribute>
<descrAttribute class="oracle.dbtools.crest.model.design.multidimensional.SlowChangingAttribute" name="MARKETING MANAGER" id="B7D1FFD2-A41D-658F-0A60-F3D3738C04B0">
<createdBy>PSTOYANO</createdBy>
<createdTime>2013-01-02 11:54:57 UTC</createdTime>
<ownerDesignName>global11</ownerDesignName>
<attribute>08441004-5532-0E34-4F89-77BD513E51D2</attribute>
<classification>USER</classification>
<indexed>false</indexed>
<type>NONE</type>
</descrAttribute>
<descrAttribute class="oracle.dbtools.crest.model.design.multidimensional.SlowChangingAttribute" name="PACKAGE" id="C174A66C-90CA-B5A2-FD44-637ED9852537">
<createdBy>PSTOYANO</createdBy>
<createdTime>2013-01-02 11:54:57 UTC</createdTime>
<ownerDesignName>global11</ownerDesignName>
<attribute>1570DFA5-A93E-4CCE-A6D8-3BFE30D05FB0</attribute>
<classification>USER</classification>
<indexed>false</indexed>
<type>NONE</type>
</descrAttribute>
</descriptiveAttributes>
</Level>