<?xml version = '1.0' encoding = 'UTF-8'?>
<Level class="oracle.dbtools.crest.model.design.multidimensional.Level" name="Calendar_Quarter" directorySegmentName="seg_0" id="470612FC-5FC2-9DEA-7CAA-22186162408C">
<createdBy>PSTOYANO</createdBy>
<createdTime>2013-01-09 08:32:45 UTC</createdTime>
<ownerDesignName>global11_demo</ownerDesignName>
<nameInOracleAW>CALENDAR_QUARTER</nameInOracleAW>
<levelEntity>2FD0D1B1-C565-5B16-29D3-37AE9A1AB88C</levelEntity>
<rootIdentification>ParentIsBlankSelfOrMissing</rootIdentification>
<valueBasedHierarchy>false</valueBasedHierarchy>
<oraAWAttributes class="oracle.dbtools.crest.model.design.multidimensional.Level$OraAWAttributes">
<longDesc>E6E64BF4-5382-64CB-0680-B8B0A39D4619</longDesc>
<timeEnd>B186E964-2AC0-8AE5-4BC4-2CA711A452CB</timeEnd>
<timeSpan>56A2248F-98B5-F089-B353-5C1F8DD30445</timeSpan>
</oraAWAttributes>
<levelKey>
<attribute>765B5ACF-2F84-D6AE-8B4D-1C1AA02636F8</attribute>
</levelKey>
<descriptiveAttributes>
<descrAttribute class="oracle.dbtools.crest.model.design.multidimensional.SlowChangingAttribute" name="CALENDAR QUARTER DSC" id="8A0E0790-9BB3-15C8-DC7B-90622290305E">
<createdBy>PSTOYANO</createdBy>
<createdTime>2013-01-09 16:02:01 UTC</createdTime>
<ownerDesignName>global11</ownerDesignName>
<attribute>E6E64BF4-5382-64CB-0680-B8B0A39D4619</attribute>
<classification>USER</classification>
<indexed>false</indexed>
<type>NONE</type>
</descrAttribute>
</descriptiveAttributes>
</Level>