<?xml version = '1.0' encoding = 'UTF-8'?>
<Level class="oracle.dbtools.crest.model.design.multidimensional.Level" name="Month_" directorySegmentName="seg_0" id="48B0E33F-732B-4134-7AD8-36EA93D51055">
<createdBy>PSTOYANO</createdBy>
<createdTime>2013-01-09 08:32:36 UTC</createdTime>
<ownerDesignName>global11_demo</ownerDesignName>
<nameInOracleAW>MONTH</nameInOracleAW>
<levelEntity>2FD0D1B1-C565-5B16-29D3-37AE9A1AB88C</levelEntity>
<rootIdentification>ParentIsBlankSelfOrMissing</rootIdentification>
<valueBasedHierarchy>false</valueBasedHierarchy>
<oraAWAttributes class="oracle.dbtools.crest.model.design.multidimensional.Level$OraAWAttributes">
<longDesc>F0898227-8D1F-58E5-7090-EEF009E4CFAB</longDesc>
<timeEnd>1DE262C1-496C-5A5B-D1D1-37A9B8EED051</timeEnd>
<timeSpan>64144870-9ACC-F2BD-5D6F-84D1379F75A1</timeSpan>
</oraAWAttributes>
<levelKey>
<attribute>8F8CD42D-9782-9183-6FFD-E85FFB79F840</attribute>
</levelKey>
<descriptiveAttributes>
<descrAttribute class="oracle.dbtools.crest.model.design.multidimensional.SlowChangingAttribute" name="MONTH DSC" id="AE6F15B5-3C81-73D3-67DE-FF84B5228E5F">
<createdBy>PSTOYANO</createdBy>
<createdTime>2013-01-09 15:41:36 UTC</createdTime>
<ownerDesignName>global11</ownerDesignName>
<attribute>F0898227-8D1F-58E5-7090-EEF009E4CFAB</attribute>
<classification>USER</classification>
<indexed>false</indexed>
<type>NONE</type>
</descrAttribute>
</descriptiveAttributes>
</Level>