<?xml version = '1.0' encoding = 'UTF-8'?>
<Level class="oracle.dbtools.crest.model.design.multidimensional.Level" name="Region" directorySegmentName="seg_0" id="494C2042-26D8-7FA3-736F-850BCD6F9157">
<createdBy>PSTOYANO</createdBy>
<createdTime>2012-12-17 12:46:28 UTC</createdTime>
<ownerDesignName>global11_demo</ownerDesignName>
<nameInOracleAW>REGION</nameInOracleAW>
<levelEntity>3ABD8059-38A1-D701-DE66-4FA8776F1C06</levelEntity>
<rootIdentification>ParentIsBlankSelfOrMissing</rootIdentification>
<valueBasedHierarchy>false</valueBasedHierarchy>
<oraAWAttributes class="oracle.dbtools.crest.model.design.multidimensional.Level$OraAWAttributes">
<longDesc>1C8CF2E8-0BF4-E5D4-C59F-F6D1B2A48DFE</longDesc>
</oraAWAttributes>
<levelKey>
<attribute>9BD4C0D1-99E0-5A1D-F89A-3710DD647B69</attribute>
</levelKey>
<descriptiveAttributes>
<descrAttribute class="oracle.dbtools.crest.model.design.multidimensional.SlowChangingAttribute" name="REGION DSC" id="0B9F61DE-A8D1-E845-DA45-5151307B4383">
<createdBy>PSTOYANO</createdBy>
<createdTime>2012-12-17 12:52:29 UTC</createdTime>
<ownerDesignName>global11</ownerDesignName>
<attribute>1C8CF2E8-0BF4-E5D4-C59F-F6D1B2A48DFE</attribute>
<classification>USER</classification>
<indexed>false</indexed>
<type>NONE</type>
</descrAttribute>
</descriptiveAttributes>
</Level>