<?xml version = '1.0' encoding = 'UTF-8'?>
<Level class="oracle.dbtools.crest.model.design.multidimensional.Level" name="Total" directorySegmentName="seg_0" id="6AA759DC-2F77-FD5D-038E-5D5ABA4169B7">
<createdBy>PSTOYANO</createdBy>
<createdTime>2013-01-09 08:33:19 UTC</createdTime>
<ownerDesignName>global11_demo</ownerDesignName>
<nameInOracleAW>TOTAL</nameInOracleAW>
<levelEntity>2FD0D1B1-C565-5B16-29D3-37AE9A1AB88C</levelEntity>
<rootIdentification>ParentIsBlankSelfOrMissing</rootIdentification>
<valueBasedHierarchy>false</valueBasedHierarchy>
<oraAWAttributes class="oracle.dbtools.crest.model.design.multidimensional.Level$OraAWAttributes">
<longDesc>B6039456-FC61-0950-0F75-DBB35806C3D0</longDesc>
<timeEnd>E757C20D-04C1-96BD-C516-F31626369A62</timeEnd>
<timeSpan>31563387-5A39-BBE3-0234-5E82AE153152</timeSpan>
</oraAWAttributes>
<levelKey>
<attribute>FCF7BBBD-7A6F-0272-5BF3-09EE0ED33BE6</attribute>
</levelKey>
<descriptiveAttributes>
<descrAttribute class="oracle.dbtools.crest.model.design.multidimensional.SlowChangingAttribute" name="TOTAL DSC" id="4E69B716-7427-C09C-5A3D-9993E6B7B297">
<createdBy>PSTOYANO</createdBy>
<createdTime>2013-01-09 16:02:49 UTC</createdTime>
<ownerDesignName>global11</ownerDesignName>
<attribute>B6039456-FC61-0950-0F75-DBB35806C3D0</attribute>
<classification>USER</classification>
<indexed>false</indexed>
<type>NONE</type>
</descrAttribute>
</descriptiveAttributes>
</Level>