<?xml version = '1.0' encoding = 'UTF-8'?>
<Level class="oracle.dbtools.crest.model.design.multidimensional.Level" name="Fiscal_Year" directorySegmentName="seg_0" id="76E5D44C-773C-B09F-A45C-DA4ABCC34657">
<createdBy>PSTOYANO</createdBy>
<createdTime>2013-01-09 08:34:05 UTC</createdTime>
<ownerDesignName>global11_demo</ownerDesignName>
<nameInOracleAW>FISCAL_YEAR</nameInOracleAW>
<levelEntity>2FD0D1B1-C565-5B16-29D3-37AE9A1AB88C</levelEntity>
<rootIdentification>ParentIsBlankSelfOrMissing</rootIdentification>
<valueBasedHierarchy>false</valueBasedHierarchy>
<oraAWAttributes class="oracle.dbtools.crest.model.design.multidimensional.Level$OraAWAttributes">
<longDesc>A0C548BF-9ABA-6084-50C4-1970A9DE4252</longDesc>
<timeEnd>AB9261DC-09F1-ECE2-9BB6-6D6653732D3C</timeEnd>
<timeSpan>DCB2ED9E-CD49-32BF-3893-48310388D70C</timeSpan>
</oraAWAttributes>
<levelKey>
<attribute>0F859024-8E80-F2BF-B113-EB1E8CE21D41</attribute>
</levelKey>
<descriptiveAttributes>
<descrAttribute class="oracle.dbtools.crest.model.design.multidimensional.SlowChangingAttribute" name="FISCAL YEAR DSC" id="7F97F323-8542-CB1D-ECD5-B540FF16CF2A">
<createdBy>PSTOYANO</createdBy>
<createdTime>2013-01-09 16:03:25 UTC</createdTime>
<ownerDesignName>global11</ownerDesignName>
<attribute>A0C548BF-9ABA-6084-50C4-1970A9DE4252</attribute>
<classification>USER</classification>
<indexed>false</indexed>
<type>NONE</type>
</descrAttribute>
</descriptiveAttributes>
</Level>