<?xml version = '1.0' encoding = 'UTF-8'?>
<Level class="oracle.dbtools.crest.model.design.multidimensional.Level" name="Shipto_ca" directorySegmentName="seg_0" id="88DE3FC8-3264-2BBB-C6EB-5CBB0CAF0711">
<createdBy>PSTOYANO</createdBy>
<createdTime>2012-12-21 10:26:53 UTC</createdTime>
<ownerDesignName>global11_demo</ownerDesignName>
<nameInOracleAW>SHIPTO_CA</nameInOracleAW>
<levelEntity>7BCDF19D-06A5-B334-993F-909A41F5CEE0</levelEntity>
<rootIdentification>ParentIsBlankSelfOrMissing</rootIdentification>
<valueBasedHierarchy>false</valueBasedHierarchy>
<oraAWAttributes class="oracle.dbtools.crest.model.design.multidimensional.Level$OraAWAttributes">
<longDesc>B4EFDD65-5051-EB6B-428C-9E1C98C0AF33</longDesc>
</oraAWAttributes>
<levelKey>
<attribute>55F5B622-3C52-2A40-20D0-7BDF52BB2EF2</attribute>
</levelKey>
<descriptiveAttributes>
<descrAttribute class="oracle.dbtools.crest.model.design.multidimensional.SlowChangingAttribute" name="SHIP TO DSC" id="E94EF4BB-BEC4-4549-E9FC-5E72EF6439B6">
<createdBy>PSTOYANO</createdBy>
<createdTime>2012-12-21 10:27:55 UTC</createdTime>
<ownerDesignName>global11</ownerDesignName>
<attribute>B4EFDD65-5051-EB6B-428C-9E1C98C0AF33</attribute>
<classification>USER</classification>
<indexed>false</indexed>
<type>NONE</type>
</descrAttribute>
</descriptiveAttributes>
</Level>