<?xml version = '1.0' encoding = 'UTF-8'?>
<Level class="oracle.dbtools.crest.model.design.multidimensional.Level" name="Fiscal_Quarter" directorySegmentName="seg_0" id="8C62AF9A-00EF-D530-4547-2658DE377ED0">
<createdBy>PSTOYANO</createdBy>
<createdTime>2013-01-09 08:33:49 UTC</createdTime>
<ownerDesignName>global11_demo</ownerDesignName>
<nameInOracleAW>FISCAL_QUARTER</nameInOracleAW>
<levelEntity>2FD0D1B1-C565-5B16-29D3-37AE9A1AB88C</levelEntity>
<rootIdentification>ParentIsBlankSelfOrMissing</rootIdentification>
<valueBasedHierarchy>false</valueBasedHierarchy>
<oraAWAttributes class="oracle.dbtools.crest.model.design.multidimensional.Level$OraAWAttributes">
<longDesc>88534EB6-5EC6-9DE9-28DD-8C85927E7368</longDesc>
<timeEnd>49236C34-ED45-132E-AF25-AFC8DB72A629</timeEnd>
<timeSpan>E82B943B-C2F5-4CB9-0DA7-BC0C469AA513</timeSpan>
</oraAWAttributes>
<levelKey>
<attribute>7F90ED66-5311-6911-B8A2-2B6D04DB5358</attribute>
</levelKey>
<descriptiveAttributes>
<descrAttribute class="oracle.dbtools.crest.model.design.multidimensional.SlowChangingAttribute" name="FISCAL QUARTER DSC" id="E8814881-FBE2-FF8D-4A5C-0AA93C4122C2">
<createdBy>PSTOYANO</createdBy>
<createdTime>2013-01-09 16:03:02 UTC</createdTime>
<ownerDesignName>global11</ownerDesignName>
<attribute>88534EB6-5EC6-9DE9-28DD-8C85927E7368</attribute>
<classification>USER</classification>
<indexed>false</indexed>
<type>NONE</type>
</descrAttribute>
</descriptiveAttributes>
</Level>