<?xml version = '1.0' encoding = 'UTF-8'?>
<Level class="oracle.dbtools.crest.model.design.multidimensional.Level" name="Total" directorySegmentName="seg_0" id="8C827BFD-E819-3C24-5073-02F5028DAF38">
<createdBy>PSTOYANO</createdBy>
<createdTime>2012-12-17 12:46:32 UTC</createdTime>
<ownerDesignName>global11_demo</ownerDesignName>
<nameInOracleAW>LEVEL_4</nameInOracleAW>
<levelEntity>3ABD8059-38A1-D701-DE66-4FA8776F1C06</levelEntity>
<rootIdentification>ParentIsBlankSelfOrMissing</rootIdentification>
<valueBasedHierarchy>false</valueBasedHierarchy>
<oraAWAttributes class="oracle.dbtools.crest.model.design.multidimensional.Level$OraAWAttributes">
<longDesc>5B7429A3-D7A2-786C-8586-84F2CC6E8C11</longDesc>
</oraAWAttributes>
<levelKey>
<attribute>1C6E20DC-52E8-F662-8B92-57B809C5334E</attribute>
</levelKey>
<descriptiveAttributes>
<descrAttribute class="oracle.dbtools.crest.model.design.multidimensional.SlowChangingAttribute" name="TOTAL DSC" id="4765A4B2-DC98-364C-F22D-FBACC52832B3">
<createdBy>PSTOYANO</createdBy>
<createdTime>2012-12-17 12:56:23 UTC</createdTime>
<ownerDesignName>global11</ownerDesignName>
<attribute>5B7429A3-D7A2-786C-8586-84F2CC6E8C11</attribute>
<classification>USER</classification>
<indexed>false</indexed>
<type>NONE</type>
</descrAttribute>
</descriptiveAttributes>
</Level>