<?xml version = '1.0' encoding = 'UTF-8'?>
<Level class="oracle.dbtools.crest.model.design.multidimensional.Level" name="Account_det_ca" directorySegmentName="seg_0" id="9B3B0499-AADB-E609-A8F0-F8087A3AA761">
<createdBy>PSTOYANO</createdBy>
<createdTime>2012-12-21 10:28:12 UTC</createdTime>
<ownerDesignName>global11_demo</ownerDesignName>
<nameInOracleAW>ACCOUNT_DET_CA</nameInOracleAW>
<levelEntity>7BCDF19D-06A5-B334-993F-909A41F5CEE0</levelEntity>
<rootIdentification>ParentIsBlankSelfOrMissing</rootIdentification>
<valueBasedHierarchy>false</valueBasedHierarchy>
<oraAWAttributes class="oracle.dbtools.crest.model.design.multidimensional.Level$OraAWAttributes">
</oraAWAttributes>
<levelKey>
<attribute>873EF52B-35DB-42A0-AD22-C4B0BDFB2490</attribute>
</levelKey>
<descriptiveAttributes>
<descrAttribute class="oracle.dbtools.crest.model.design.multidimensional.SlowChangingAttribute" name="LASTNAME" id="6D034D96-8FDC-298D-A9A9-41D84D3E7082">
<createdBy>PSTOYANO</createdBy>
<createdTime>2012-12-21 10:33:33 UTC</createdTime>
<ownerDesignName>global11</ownerDesignName>
<attribute>2E19BC12-3AB0-64F1-5450-222F212902E7</attribute>
<classification>USER</classification>
<indexed>false</indexed>
<type>NONE</type>
</descrAttribute>
</descriptiveAttributes>
</Level>