<?xml version = '1.0' encoding = 'UTF-8'?>
<Level class="oracle.dbtools.crest.model.design.multidimensional.Level" name="TOTAL_PRODUCT" directorySegmentName="seg_0" id="A33DAC83-A47B-5E35-0DF4-57BD53D3C137">
<createdBy>PSTOYANO</createdBy>
<createdTime>2012-12-21 11:59:04 UTC</createdTime>
<ownerDesignName>global11_demo</ownerDesignName>
<nameInOracleAW>TOTAL_PRODUCT</nameInOracleAW>
<levelEntity>7A2F2250-433C-4C6D-6708-C88BD60D09AA</levelEntity>
<rootIdentification>ParentIsBlankSelfOrMissing</rootIdentification>
<valueBasedHierarchy>false</valueBasedHierarchy>
<oraAWAttributes class="oracle.dbtools.crest.model.design.multidimensional.Level$OraAWAttributes">
</oraAWAttributes>
<levelKey>
<attribute>39F0B8DD-B509-5359-9EAC-D88292D91070</attribute>
</levelKey>
</Level>