<?xml version = '1.0' encoding = 'UTF-8'?>
<Level class="oracle.dbtools.crest.model.design.multidimensional.Level" name="Calendar_Year" directorySegmentName="seg_0" id="A6F13826-F8E6-2CF9-BBBD-57B8590F6868">
<createdBy>PSTOYANO</createdBy>
<createdTime>2013-01-09 08:33:09 UTC</createdTime>
<ownerDesignName>global11_demo</ownerDesignName>
<nameInOracleAW>CALENDAR_YEAR</nameInOracleAW>
<levelEntity>2FD0D1B1-C565-5B16-29D3-37AE9A1AB88C</levelEntity>
<rootIdentification>ParentIsBlankSelfOrMissing</rootIdentification>
<valueBasedHierarchy>false</valueBasedHierarchy>
<oraAWAttributes class="oracle.dbtools.crest.model.design.multidimensional.Level$OraAWAttributes">
<longDesc>53FAAE62-887A-2443-E0B3-C7778D1A37C3</longDesc>
<timeEnd>77D5DB47-CF47-C5D4-9C75-1A6411A3B04F</timeEnd>
<timeSpan>E5A84E44-E2E0-4F68-3DFE-41A40FC8737A</timeSpan>
</oraAWAttributes>
<levelKey>
<attribute>920C8096-1FB1-6736-390E-45EEE87FA950</attribute>
</levelKey>
<descriptiveAttributes>
<descrAttribute class="oracle.dbtools.crest.model.design.multidimensional.SlowChangingAttribute" name="CALENDAR YEAR DSC" id="9C2F6411-5CB9-AD46-B5C4-AC7568663247">
<createdBy>PSTOYANO</createdBy>
<createdTime>2013-01-09 16:02:29 UTC</createdTime>
<ownerDesignName>global11</ownerDesignName>
<attribute>53FAAE62-887A-2443-E0B3-C7778D1A37C3</attribute>
<classification>USER</classification>
<indexed>false</indexed>
<type>NONE</type>
</descrAttribute>
</descriptiveAttributes>
</Level>