<?xml version = '1.0' encoding = 'UTF-8'?>
<Level class="oracle.dbtools.crest.model.design.multidimensional.Level" name="ITEML" directorySegmentName="seg_0" id="BC274463-281B-C0DE-2D63-C71F43BAFCDD">
<createdBy>PSTOYANO</createdBy>
<createdTime>2012-12-21 12:01:03 UTC</createdTime>
<ownerDesignName>global11_demo</ownerDesignName>
<nameInOracleAW>ITEM_</nameInOracleAW>
<levelEntity>7A2F2250-433C-4C6D-6708-C88BD60D09AA</levelEntity>
<rootIdentification>ParentIsBlankSelfOrMissing</rootIdentification>
<valueBasedHierarchy>false</valueBasedHierarchy>
<oraAWAttributes class="oracle.dbtools.crest.model.design.multidimensional.Level$OraAWAttributes">
</oraAWAttributes>
<levelKey>
<attribute>24540FE1-EB1C-394B-09E1-87414DB7743D</attribute>
</levelKey>
<descriptiveAttributes>
<descrAttribute class="oracle.dbtools.crest.model.design.multidimensional.SlowChangingAttribute" name="Package" id="99AD303E-4DAC-CAFC-34DF-4ABED2AAB7B7">
<createdBy>PSTOYANO</createdBy>
<createdTime>2013-01-12 06:33:26 UTC</createdTime>
<ownerDesignName>global11</ownerDesignName>
<attribute>80F85FEA-1D5B-ABC8-C168-06B56A8E74EA</attribute>
<classification>USER</classification>
<indexed>false</indexed>
<type>NONE</type>
</descrAttribute>
<descrAttribute class="oracle.dbtools.crest.model.design.multidimensional.SlowChangingAttribute" name="ITEM DSC" id="FFB6E54C-615C-F014-7868-F6A21948A723">
<createdBy>PSTOYANO</createdBy>
<createdTime>2013-01-12 06:33:40 UTC</createdTime>
<ownerDesignName>global11</ownerDesignName>
<attribute>E6EC039F-43CC-4E5F-BF91-DEA01A8F9E8C</attribute>
<classification>USER</classification>
<indexed>false</indexed>
<type>NONE</type>
</descrAttribute>
<descrAttribute class="oracle.dbtools.crest.model.design.multidimensional.SlowChangingAttribute" name="TOTAL DSC" id="500FBEC6-B15C-50EB-2D27-8A161289F62F">
<createdBy>PSTOYANO</createdBy>
<createdTime>2013-01-12 06:33:40 UTC</createdTime>
<ownerDesignName>global11</ownerDesignName>
<attribute>873B9F5D-8006-8E34-7DA0-E6C230FA0625</attribute>
<classification>USER</classification>
<indexed>false</indexed>
<type>NONE</type>
</descrAttribute>
<descrAttribute class="oracle.dbtools.crest.model.design.multidimensional.SlowChangingAttribute" name="TOTAL DSC" id="561F7602-A408-7357-5ADC-1CA08428D999">
<createdBy>PSTOYANO</createdBy>
<createdTime>2013-01-12 06:33:46 UTC</createdTime>
<ownerDesignName>global11</ownerDesignName>
<attribute>873B9F5D-8006-8E34-7DA0-E6C230FA0625</attribute>
<classification>USER</classification>
<indexed>false</indexed>
<type>NONE</type>
</descrAttribute>
</descriptiveAttributes>
</Level>