<?xml version = '1.0' encoding = 'UTF-8'?>
<Level class="oracle.dbtools.crest.model.design.multidimensional.Level" name="Market_seg" directorySegmentName="seg_0" id="CAE7C507-927D-7832-24FF-C31AF40409B8">
<createdBy>PSTOYANO</createdBy>
<createdTime>2012-12-17 12:46:42 UTC</createdTime>
<ownerDesignName>global11_demo</ownerDesignName>
<nameInOracleAW>MARKET</nameInOracleAW>
<levelEntity>3ABD8059-38A1-D701-DE66-4FA8776F1C06</levelEntity>
<rootIdentification>ParentIsBlankSelfOrMissing</rootIdentification>
<valueBasedHierarchy>false</valueBasedHierarchy>
<oraAWAttributes class="oracle.dbtools.crest.model.design.multidimensional.Level$OraAWAttributes">
<longDesc>261A965E-86A7-1987-3CCC-B2F49B517B1F</longDesc>
</oraAWAttributes>
<levelKey>
<attribute>B11AE201-A515-497C-837A-C3549CBB8103</attribute>
</levelKey>
<descriptiveAttributes>
<descrAttribute class="oracle.dbtools.crest.model.design.multidimensional.SlowChangingAttribute" name="MARKET SEGMENT DSC" id="BFC60288-37BF-4DB5-E996-80D7C413EFF8">
<createdBy>PSTOYANO</createdBy>
<createdTime>2012-12-18 12:03:14 UTC</createdTime>
<ownerDesignName>global11</ownerDesignName>
<attribute>261A965E-86A7-1987-3CCC-B2F49B517B1F</attribute>
<classification>USER</classification>
<indexed>false</indexed>
<type>NONE</type>
</descrAttribute>
</descriptiveAttributes>
</Level>