<?xml version = '1.0' encoding = 'UTF-8'?>
<Level class="oracle.dbtools.crest.model.design.multidimensional.Level" name="City_lev_def" directorySegmentName="seg_0" id="DDF01FA3-0F23-FC47-B316-CBAF1E41B04A">
<createdBy>PSTOYANO</createdBy>
<createdTime>2012-12-17 13:01:30 UTC</createdTime>
<ownerDesignName>global11_demo</ownerDesignName>
<nameInOracleAW>CITY</nameInOracleAW>
<levelEntity>7B528DC6-F847-F044-70FF-1E7C1E2CE4CB</levelEntity>
<rootIdentification>ParentIsBlankSelfOrMissing</rootIdentification>
<valueBasedHierarchy>false</valueBasedHierarchy>
<oraAWAttributes class="oracle.dbtools.crest.model.design.multidimensional.Level$OraAWAttributes">
</oraAWAttributes>
<levelKey>
<attribute>76D214DF-E2AE-C8DE-A833-C3FA9CF0D0AF</attribute>
</levelKey>
<descriptiveAttributes>
<descrAttribute class="oracle.dbtools.crest.model.design.multidimensional.SlowChangingAttribute" name="CITY" id="3F39801D-FE0E-4910-D75A-5E5E0FFE6201">
<createdBy>PSTOYANO</createdBy>
<createdTime>2013-01-03 11:31:15 UTC</createdTime>
<ownerDesignName>global11</ownerDesignName>
<attribute>76D214DF-E2AE-C8DE-A833-C3FA9CF0D0AF</attribute>
<classification>USER</classification>
<indexed>false</indexed>
<type>NONE</type>
</descrAttribute>
</descriptiveAttributes>
</Level>