<?xml version = '1.0' encoding = 'UTF-8'?>
<Level class="oracle.dbtools.crest.model.design.multidimensional.Level" name="Account" directorySegmentName="seg_0" id="E261D11B-B85C-8AC3-E1EB-229DD5684EC3">
<createdBy>PSTOYANO</createdBy>
<createdTime>2012-12-17 12:46:39 UTC</createdTime>
<ownerDesignName>global11_demo</ownerDesignName>
<nameInOracleAW>LEVEL_5</nameInOracleAW>
<levelEntity>3ABD8059-38A1-D701-DE66-4FA8776F1C06</levelEntity>
<rootIdentification>ParentIsBlankSelfOrMissing</rootIdentification>
<valueBasedHierarchy>false</valueBasedHierarchy>
<oraAWAttributes class="oracle.dbtools.crest.model.design.multidimensional.Level$OraAWAttributes">
<longDesc>95A2C29F-CC61-2173-5EAB-701B26393052</longDesc>
</oraAWAttributes>
<levelKey>
<attribute>DB6628E4-F598-4101-129F-97C4A2343C88</attribute>
</levelKey>
<descriptiveAttributes>
<descrAttribute class="oracle.dbtools.crest.model.design.multidimensional.SlowChangingAttribute" name="ACCOUNT DSC" id="502551C3-7DC5-D7ED-00C1-8290ADBDF329">
<createdBy>PSTOYANO</createdBy>
<createdTime>2013-01-02 15:31:19 UTC</createdTime>
<ownerDesignName>global11</ownerDesignName>
<attribute>95A2C29F-CC61-2173-5EAB-701B26393052</attribute>
<classification>USER</classification>
<indexed>false</indexed>
<type>NONE</type>
</descrAttribute>
</descriptiveAttributes>
</Level>