<?xml version = '1.0' encoding = 'UTF-8'?>
<Level class="oracle.dbtools.crest.model.design.multidimensional.Level" name="State_Province" directorySegmentName="seg_0" id="E3D172DD-D2A5-85B3-5069-76ACB713BD0F">
<createdBy>PSTOYANO</createdBy>
<createdTime>2012-12-17 12:53:54 UTC</createdTime>
<ownerDesignName>global11_demo</ownerDesignName>
<nameInOracleAW>STATE_PROVINCE</nameInOracleAW>
<levelEntity>7B528DC6-F847-F044-70FF-1E7C1E2CE4CB</levelEntity>
<rootIdentification>ParentIsBlankSelfOrMissing</rootIdentification>
<valueBasedHierarchy>false</valueBasedHierarchy>
<oraAWAttributes class="oracle.dbtools.crest.model.design.multidimensional.Level$OraAWAttributes">
<longDesc>ED5E455B-871B-1AF1-39BC-87F7E13F58B4</longDesc>
</oraAWAttributes>
<levelKey>
<attribute>ED5E455B-871B-1AF1-39BC-87F7E13F58B4</attribute>
</levelKey>
<descriptiveAttributes>
<descrAttribute class="oracle.dbtools.crest.model.design.multidimensional.SlowChangingAttribute" name="STATE PROV" id="CB52DD90-5CEC-C3B2-101A-783E0A93F2C8">
<createdBy>PSTOYANO</createdBy>
<createdTime>2012-12-21 09:23:48 UTC</createdTime>
<ownerDesignName>global11</ownerDesignName>
<attribute>ED5E455B-871B-1AF1-39BC-87F7E13F58B4</attribute>
<classification>USER</classification>
<indexed>false</indexed>
<type>NONE</type>
</descrAttribute>
</descriptiveAttributes>
</Level>