<?xml version = '1.0' encoding = 'UTF-8'?>
<Level class="oracle.dbtools.crest.model.design.multidimensional.Level" name="FAMILY" directorySegmentName="seg_0" id="E640273B-D6E9-51EF-3BD8-03B4C91474EC">
<createdBy>PSTOYANO</createdBy>
<createdTime>2012-12-21 12:00:27 UTC</createdTime>
<ownerDesignName>global11_demo</ownerDesignName>
<nameInOracleAW>FAMILY_</nameInOracleAW>
<levelEntity>7A2F2250-433C-4C6D-6708-C88BD60D09AA</levelEntity>
<rootIdentification>ParentIsBlankSelfOrMissing</rootIdentification>
<valueBasedHierarchy>false</valueBasedHierarchy>
<oraAWAttributes class="oracle.dbtools.crest.model.design.multidimensional.Level$OraAWAttributes">
</oraAWAttributes>
<levelKey>
<attribute>6D9E0535-DA59-CEFF-CCFB-D1177524A61F</attribute>
</levelKey>
</Level>