<?xml version = '1.0' encoding = 'UTF-8'?>
<Table class="oracle.dbtools.crest.model.design.relational.Table" directorySegmentName="seg_0" id="17920A93-E31A-5EB9-0036-C85E6CE8A04B" name="PRODUCT_CHILD_PARENT">
<sourceConnName>fdb11r1</sourceConnName>
<sourceObjSchema>GLOBAL</sourceObjSchema>
<sourceObjName>PRODUCT_CHILD_PARENT</sourceObjName>
<createdBy>PSTOYANO</createdBy>
<createdTime>2012-12-12 05:01:48 UTC</createdTime>
<ownerDesignName>global11_demo</ownerDesignName>
<shouldEngineer>false</shouldEngineer>
<schemaObject>CB09B4D8-CB63-32D4-4C34-A7CAF9C87F91</schemaObject>
<allowColumnReorder>false</allowColumnReorder>
<existDependencyGenerateInDDl>true</existDependencyGenerateInDDl>
<columns itemClass="oracle.dbtools.crest.model.design.relational.Column">
<Column name="PRODUCT_ID" id="834BD5BF-76C7-4C90-35F2-4128A1BC5F08">
<sourceConnName>fdb11r1</sourceConnName>
<sourceObjSchema>PRODUCT_CHILD_PARENT</sourceObjSchema>
<sourceObjName>PRODUCT_ID</sourceObjName>
<createdBy>PSTOYANO</createdBy>
<createdTime>2012-12-12 05:01:49 UTC</createdTime>
<ownerDesignName>global11_demo</ownerDesignName>
<shouldEngineer>false</shouldEngineer>
<nullsAllowed>true</nullsAllowed>
<useDomainConstraints>false</useDomainConstraints>
<use>1</use>
<logicalDatatype>LOGDT024</logicalDatatype>
<dataTypeSize>12 BYTE</dataTypeSize>
<autoIncrementCycle>false</autoIncrementCycle>
</Column>
<Column name="PRODUCT_DSC" id="0915375F-E081-CC81-16BC-9AE6C31CBE55">
<sourceConnName>fdb11r1</sourceConnName>
<sourceObjSchema>PRODUCT_CHILD_PARENT</sourceObjSchema>
<sourceObjName>PRODUCT_DSC</sourceObjName>
<createdBy>PSTOYANO</createdBy>
<createdTime>2012-12-12 05:01:49 UTC</createdTime>
<ownerDesignName>global11_demo</ownerDesignName>
<shouldEngineer>false</shouldEngineer>
<nullsAllowed>true</nullsAllowed>
<useDomainConstraints>false</useDomainConstraints>
<use>1</use>
<logicalDatatype>LOGDT024</logicalDatatype>
<dataTypeSize>31 BYTE</dataTypeSize>
<autoIncrementCycle>false</autoIncrementCycle>
</Column>
<Column name="BUYER" id="7F8B49E5-A018-FF47-2A05-29519DC1BBB5">
<sourceConnName>fdb11r1</sourceConnName>
<sourceObjSchema>PRODUCT_CHILD_PARENT</sourceObjSchema>
<sourceObjName>BUYER</sourceObjName>
<createdBy>PSTOYANO</createdBy>
<createdTime>2012-12-12 05:01:49 UTC</createdTime>
<ownerDesignName>global11_demo</ownerDesignName>
<shouldEngineer>false</shouldEngineer>
<nullsAllowed>true</nullsAllowed>
<useDomainConstraints>false</useDomainConstraints>
<use>1</use>
<logicalDatatype>LOGDT024</logicalDatatype>
<dataTypeSize>20 BYTE</dataTypeSize>
<autoIncrementCycle>false</autoIncrementCycle>
</Column>
<Column name="MARKETING_MANAGER" id="5F4B615A-25D0-9707-0435-C4554ADF3ECD">
<sourceConnName>fdb11r1</sourceConnName>
<sourceObjSchema>PRODUCT_CHILD_PARENT</sourceObjSchema>
<sourceObjName>MARKETING_MANAGER</sourceObjName>
<createdBy>PSTOYANO</createdBy>
<createdTime>2012-12-12 05:01:49 UTC</createdTime>
<ownerDesignName>global11_demo</ownerDesignName>
<shouldEngineer>false</shouldEngineer>
<nullsAllowed>true</nullsAllowed>
<useDomainConstraints>false</useDomainConstraints>
<use>1</use>
<logicalDatatype>LOGDT024</logicalDatatype>
<dataTypeSize>20 BYTE</dataTypeSize>
<autoIncrementCycle>false</autoIncrementCycle>
</Column>
<Column name="PACKAGE" id="61630F34-4D8E-8984-B72F-44C9169E5117">
<sourceConnName>fdb11r1</sourceConnName>
<sourceObjSchema>PRODUCT_CHILD_PARENT</sourceObjSchema>
<sourceObjName>PACKAGE</sourceObjName>
<createdBy>PSTOYANO</createdBy>
<createdTime>2012-12-12 05:01:49 UTC</createdTime>
<ownerDesignName>global11_demo</ownerDesignName>
<shouldEngineer>false</shouldEngineer>
<nullsAllowed>true</nullsAllowed>
<useDomainConstraints>false</useDomainConstraints>
<use>1</use>
<logicalDatatype>LOGDT024</logicalDatatype>
<dataTypeSize>20 BYTE</dataTypeSize>
<autoIncrementCycle>false</autoIncrementCycle>
</Column>
<Column name="PARENT_ID" id="82CDCE18-4723-B5A7-6082-5B6F31CED746">
<sourceConnName>fdb11r1</sourceConnName>
<sourceObjSchema>PRODUCT_CHILD_PARENT</sourceObjSchema>
<sourceObjName>PARENT_ID</sourceObjName>
<createdBy>PSTOYANO</createdBy>
<createdTime>2012-12-12 05:01:49 UTC</createdTime>
<ownerDesignName>global11_demo</ownerDesignName>
<shouldEngineer>false</shouldEngineer>
<nullsAllowed>true</nullsAllowed>
<useDomainConstraints>false</useDomainConstraints>
<use>1</use>
<logicalDatatype>LOGDT024</logicalDatatype>
<dataTypeSize>12 BYTE</dataTypeSize>
<autoIncrementCycle>false</autoIncrementCycle>
</Column>
</columns>
</Table>