<?xml version = '1.0' encoding = 'UTF-8'?>
<Table class="oracle.dbtools.crest.model.design.relational.Table" directorySegmentName="seg_0" id="213B2B80-F4A4-E7CE-2864-112034A8C60F" name="TIME_DIM">
<sourceConnName>fdb11r1</sourceConnName>
<sourceObjSchema>GLOBAL</sourceObjSchema>
<sourceObjName>TIME_DIM</sourceObjName>
<createdBy>PSTOYANO</createdBy>
<createdTime>2012-12-12 05:01:48 UTC</createdTime>
<ownerDesignName>global11_demo</ownerDesignName>
<shouldEngineer>false</shouldEngineer>
<schemaObject>CB09B4D8-CB63-32D4-4C34-A7CAF9C87F91</schemaObject>
<allowColumnReorder>false</allowColumnReorder>
<existDependencyGenerateInDDl>true</existDependencyGenerateInDDl>
<columns itemClass="oracle.dbtools.crest.model.design.relational.Column">
<Column name="MONTH_ID" id="89108140-F13A-AB3F-1C44-3124558332D9">
<sourceConnName>fdb11r1</sourceConnName>
<sourceObjSchema>TIME_DIM</sourceObjSchema>
<sourceObjName>MONTH_ID</sourceObjName>
<createdBy>PSTOYANO</createdBy>
<createdTime>2012-12-12 05:01:49 UTC</createdTime>
<ownerDesignName>global11_demo</ownerDesignName>
<shouldEngineer>false</shouldEngineer>
<useDomainConstraints>false</useDomainConstraints>
<use>1</use>
<logicalDatatype>LOGDT024</logicalDatatype>
<dataTypeSize>7 BYTE</dataTypeSize>
<autoIncrementCycle>false</autoIncrementCycle>
</Column>
<Column name="MONTH_DSC" id="6D19794C-CA12-ED8C-EF47-A5F1CE4C0696">
<sourceConnName>fdb11r1</sourceConnName>
<sourceObjSchema>TIME_DIM</sourceObjSchema>
<sourceObjName>MONTH_DSC</sourceObjName>
<createdBy>PSTOYANO</createdBy>
<createdTime>2012-12-12 05:01:49 UTC</createdTime>
<ownerDesignName>global11_demo</ownerDesignName>
<shouldEngineer>false</shouldEngineer>
<useDomainConstraints>false</useDomainConstraints>
<use>1</use>
<logicalDatatype>LOGDT024</logicalDatatype>
<dataTypeSize>10 BYTE</dataTypeSize>
<autoIncrementCycle>false</autoIncrementCycle>
</Column>
<Column name="MONTH_DSC_FRENCH" id="1D68F889-473A-E1B6-C776-A21D34CFD256">
<sourceConnName>fdb11r1</sourceConnName>
<sourceObjSchema>TIME_DIM</sourceObjSchema>
<sourceObjName>MONTH_DSC_FRENCH</sourceObjName>
<createdBy>PSTOYANO</createdBy>
<createdTime>2012-12-12 05:01:49 UTC</createdTime>
<ownerDesignName>global11_demo</ownerDesignName>
<shouldEngineer>false</shouldEngineer>
<nullsAllowed>true</nullsAllowed>
<useDomainConstraints>false</useDomainConstraints>
<use>1</use>
<logicalDatatype>LOGDT024</logicalDatatype>
<dataTypeSize>20 BYTE</dataTypeSize>
<autoIncrementCycle>false</autoIncrementCycle>
</Column>
<Column name="MONTH_DSC_DUTCH" id="EDA519F5-1506-F51D-407A-327D2EBE64C1">
<sourceConnName>fdb11r1</sourceConnName>
<sourceObjSchema>TIME_DIM</sourceObjSchema>
<sourceObjName>MONTH_DSC_DUTCH</sourceObjName>
<createdBy>PSTOYANO</createdBy>
<createdTime>2012-12-12 05:01:49 UTC</createdTime>
<ownerDesignName>global11_demo</ownerDesignName>
<shouldEngineer>false</shouldEngineer>
<nullsAllowed>true</nullsAllowed>
<useDomainConstraints>false</useDomainConstraints>
<use>1</use>
<logicalDatatype>LOGDT024</logicalDatatype>
<dataTypeSize>20 BYTE</dataTypeSize>
<autoIncrementCycle>false</autoIncrementCycle>
</Column>
<Column name="MONTH_END_DATE" id="5DDF73F0-AD08-4FAE-BAC5-3C4863BCAA1E">
<sourceConnName>fdb11r1</sourceConnName>
<sourceObjSchema>TIME_DIM</sourceObjSchema>
<sourceObjName>MONTH_END_DATE</sourceObjName>
<createdBy>PSTOYANO</createdBy>
<createdTime>2012-12-12 05:01:49 UTC</createdTime>
<ownerDesignName>global11_demo</ownerDesignName>
<shouldEngineer>false</shouldEngineer>
<nullsAllowed>true</nullsAllowed>
<useDomainConstraints>false</useDomainConstraints>
<use>1</use>
<logicalDatatype>LOGDT007</logicalDatatype>
<dataTypeSize>7</dataTypeSize>
<autoIncrementCycle>false</autoIncrementCycle>
</Column>
<Column name="MONTH_TIME_SPAN" id="914C2695-FE1F-3432-84CC-4C2C1D4E8571">
<sourceConnName>fdb11r1</sourceConnName>
<sourceObjSchema>TIME_DIM</sourceObjSchema>
<sourceObjName>MONTH_TIME_SPAN</sourceObjName>
<createdBy>PSTOYANO</createdBy>
<createdTime>2012-12-12 05:01:49 UTC</createdTime>
<ownerDesignName>global11_demo</ownerDesignName>
<shouldEngineer>false</shouldEngineer>
<nullsAllowed>true</nullsAllowed>
<useDomainConstraints>false</useDomainConstraints>
<use>1</use>
<logicalDatatype>LOGDT019</logicalDatatype>
<dataTypePrecision>5</dataTypePrecision>
<autoIncrementCycle>false</autoIncrementCycle>
</Column>
<Column name="MONTH_OF_CALENDAR_QUARTER" id="6738559C-5066-2E06-9572-7B06EFCF2808">
<sourceConnName>fdb11r1</sourceConnName>
<sourceObjSchema>TIME_DIM</sourceObjSchema>
<sourceObjName>MONTH_OF_CALENDAR_QUARTER</sourceObjName>
<createdBy>PSTOYANO</createdBy>
<createdTime>2012-12-12 05:01:49 UTC</createdTime>
<ownerDesignName>global11_demo</ownerDesignName>
<shouldEngineer>false</shouldEngineer>
<nullsAllowed>true</nullsAllowed>
<useDomainConstraints>false</useDomainConstraints>
<use>1</use>
<logicalDatatype>LOGDT019</logicalDatatype>
<dataTypeSize>22</dataTypeSize>
<autoIncrementCycle>false</autoIncrementCycle>
</Column>
<Column name="MONTH_OF_CALENDAR_YEAR" id="7AFE30FA-F685-B0E7-9F82-B72039184BD6">
<sourceConnName>fdb11r1</sourceConnName>
<sourceObjSchema>TIME_DIM</sourceObjSchema>
<sourceObjName>MONTH_OF_CALENDAR_YEAR</sourceObjName>
<createdBy>PSTOYANO</createdBy>
<createdTime>2012-12-12 05:01:49 UTC</createdTime>
<ownerDesignName>global11_demo</ownerDesignName>
<shouldEngineer>false</shouldEngineer>
<nullsAllowed>true</nullsAllowed>
<useDomainConstraints>false</useDomainConstraints>
<use>1</use>
<logicalDatatype>LOGDT019</logicalDatatype>
<dataTypeSize>22</dataTypeSize>
<autoIncrementCycle>false</autoIncrementCycle>
</Column>
<Column name="MONTH_OF_FISCAL_QUARTER" id="90C547F0-B754-6532-270E-FC315A529852">
<sourceConnName>fdb11r1</sourceConnName>
<sourceObjSchema>TIME_DIM</sourceObjSchema>
<sourceObjName>MONTH_OF_FISCAL_QUARTER</sourceObjName>
<createdBy>PSTOYANO</createdBy>
<createdTime>2012-12-12 05:01:49 UTC</createdTime>
<ownerDesignName>global11_demo</ownerDesignName>
<shouldEngineer>false</shouldEngineer>
<nullsAllowed>true</nullsAllowed>
<useDomainConstraints>false</useDomainConstraints>
<use>1</use>
<logicalDatatype>LOGDT019</logicalDatatype>
<dataTypeSize>22</dataTypeSize>
<autoIncrementCycle>false</autoIncrementCycle>
</Column>
<Column name="MONTH_OF_FISCAL_YEAR" id="6206CD3B-0A15-EFC3-194E-B1094407075D">
<sourceConnName>fdb11r1</sourceConnName>
<sourceObjSchema>TIME_DIM</sourceObjSchema>
<sourceObjName>MONTH_OF_FISCAL_YEAR</sourceObjName>
<createdBy>PSTOYANO</createdBy>
<createdTime>2012-12-12 05:01:49 UTC</createdTime>
<ownerDesignName>global11_demo</ownerDesignName>
<shouldEngineer>false</shouldEngineer>
<nullsAllowed>true</nullsAllowed>
<useDomainConstraints>false</useDomainConstraints>
<use>1</use>
<logicalDatatype>LOGDT019</logicalDatatype>
<dataTypeSize>22</dataTypeSize>
<autoIncrementCycle>false</autoIncrementCycle>
</Column>
<Column name="CALENDAR_QUARTER_ID" id="ED6A498C-A7E4-B39B-E06B-BD0952F16B87">
<sourceConnName>fdb11r1</sourceConnName>
<sourceObjSchema>TIME_DIM</sourceObjSchema>
<sourceObjName>CALENDAR_QUARTER_ID</sourceObjName>
<createdBy>PSTOYANO</createdBy>
<createdTime>2012-12-12 05:01:49 UTC</createdTime>
<ownerDesignName>global11_demo</ownerDesignName>
<shouldEngineer>false</shouldEngineer>
<useDomainConstraints>false</useDomainConstraints>
<use>1</use>
<logicalDatatype>LOGDT024</logicalDatatype>
<dataTypeSize>9 BYTE</dataTypeSize>
<autoIncrementCycle>false</autoIncrementCycle>
</Column>
<Column name="CALENDAR_QUARTER_DSC" id="514D5DA0-FACB-CD17-F3C2-28CDBB620118">
<sourceConnName>fdb11r1</sourceConnName>
<sourceObjSchema>TIME_DIM</sourceObjSchema>
<sourceObjName>CALENDAR_QUARTER_DSC</sourceObjName>
<createdBy>PSTOYANO</createdBy>
<createdTime>2012-12-12 05:01:49 UTC</createdTime>
<ownerDesignName>global11_demo</ownerDesignName>
<shouldEngineer>false</shouldEngineer>
<useDomainConstraints>false</useDomainConstraints>
<use>1</use>
<logicalDatatype>LOGDT024</logicalDatatype>
<dataTypeSize>5 BYTE</dataTypeSize>
<autoIncrementCycle>false</autoIncrementCycle>
</Column>
<Column name="CALENDAR_QUARTER_DSC_FRENCH" id="CA7B94DD-6ED1-6C19-AAA3-4C60A357927E">
<sourceConnName>fdb11r1</sourceConnName>
<sourceObjSchema>TIME_DIM</sourceObjSchema>
<sourceObjName>CALENDAR_QUARTER_DSC_FRENCH</sourceObjName>
<createdBy>PSTOYANO</createdBy>
<createdTime>2012-12-12 05:01:49 UTC</createdTime>
<ownerDesignName>global11_demo</ownerDesignName>
<shouldEngineer>false</shouldEngineer>
<nullsAllowed>true</nullsAllowed>
<useDomainConstraints>false</useDomainConstraints>
<use>1</use>
<logicalDatatype>LOGDT024</logicalDatatype>
<dataTypeSize>20 BYTE</dataTypeSize>
<autoIncrementCycle>false</autoIncrementCycle>
</Column>
<Column name="CALENDAR_QUARTER_DSC_DUTCH" id="785558E1-0442-ED20-290D-51AF1CAF9017">
<sourceConnName>fdb11r1</sourceConnName>
<sourceObjSchema>TIME_DIM</sourceObjSchema>
<sourceObjName>CALENDAR_QUARTER_DSC_DUTCH</sourceObjName>
<createdBy>PSTOYANO</createdBy>
<createdTime>2012-12-12 05:01:49 UTC</createdTime>
<ownerDesignName>global11_demo</ownerDesignName>
<shouldEngineer>false</shouldEngineer>
<nullsAllowed>true</nullsAllowed>
<useDomainConstraints>false</useDomainConstraints>
<use>1</use>
<logicalDatatype>LOGDT024</logicalDatatype>
<dataTypeSize>20 BYTE</dataTypeSize>
<autoIncrementCycle>false</autoIncrementCycle>
</Column>
<Column name="CALENDAR_QUARTER_END_DATE" id="29B822F4-D598-07E0-7673-B93DD9FBBB7F">
<sourceConnName>fdb11r1</sourceConnName>
<sourceObjSchema>TIME_DIM</sourceObjSchema>
<sourceObjName>CALENDAR_QUARTER_END_DATE</sourceObjName>
<createdBy>PSTOYANO</createdBy>
<createdTime>2012-12-12 05:01:49 UTC</createdTime>
<ownerDesignName>global11_demo</ownerDesignName>
<shouldEngineer>false</shouldEngineer>
<nullsAllowed>true</nullsAllowed>
<useDomainConstraints>false</useDomainConstraints>
<use>1</use>
<logicalDatatype>LOGDT007</logicalDatatype>
<dataTypeSize>7</dataTypeSize>
<autoIncrementCycle>false</autoIncrementCycle>
</Column>
<Column name="CALENDAR_QUARTER_TIME_SPAN" id="FFB9D853-5EC1-2EF6-C346-6B598DCA74E0">
<sourceConnName>fdb11r1</sourceConnName>
<sourceObjSchema>TIME_DIM</sourceObjSchema>
<sourceObjName>CALENDAR_QUARTER_TIME_SPAN</sourceObjName>
<createdBy>PSTOYANO</createdBy>
<createdTime>2012-12-12 05:01:49 UTC</createdTime>
<ownerDesignName>global11_demo</ownerDesignName>
<shouldEngineer>false</shouldEngineer>
<nullsAllowed>true</nullsAllowed>
<useDomainConstraints>false</useDomainConstraints>
<use>1</use>
<logicalDatatype>LOGDT019</logicalDatatype>
<dataTypePrecision>5</dataTypePrecision>
<autoIncrementCycle>false</autoIncrementCycle>
</Column>
<Column name="CALENDAR_QUARTER_OF_YEAR" id="CFC988F7-639C-B652-172D-05358D076EBE">
<sourceConnName>fdb11r1</sourceConnName>
<sourceObjSchema>TIME_DIM</sourceObjSchema>
<sourceObjName>CALENDAR_QUARTER_OF_YEAR</sourceObjName>
<createdBy>PSTOYANO</createdBy>
<createdTime>2012-12-12 05:01:49 UTC</createdTime>
<ownerDesignName>global11_demo</ownerDesignName>
<shouldEngineer>false</shouldEngineer>
<nullsAllowed>true</nullsAllowed>
<useDomainConstraints>false</useDomainConstraints>
<use>1</use>
<logicalDatatype>LOGDT019</logicalDatatype>
<dataTypePrecision>5</dataTypePrecision>
<autoIncrementCycle>false</autoIncrementCycle>
</Column>
<Column name="CALENDAR_YEAR_ID" id="ABAF2D1F-714C-25BB-13FD-9753CAA9A6D8">
<sourceConnName>fdb11r1</sourceConnName>
<sourceObjSchema>TIME_DIM</sourceObjSchema>
<sourceObjName>CALENDAR_YEAR_ID</sourceObjName>
<createdBy>PSTOYANO</createdBy>
<createdTime>2012-12-12 05:01:49 UTC</createdTime>
<ownerDesignName>global11_demo</ownerDesignName>
<shouldEngineer>false</shouldEngineer>
<useDomainConstraints>false</useDomainConstraints>
<use>1</use>
<logicalDatatype>LOGDT024</logicalDatatype>
<dataTypeSize>6 BYTE</dataTypeSize>
<autoIncrementCycle>false</autoIncrementCycle>
</Column>
<Column name="CALENDAR_YEAR_DSC" id="74ED7822-20C0-49E5-ACF5-F88FED93EEC8">
<sourceConnName>fdb11r1</sourceConnName>
<sourceObjSchema>TIME_DIM</sourceObjSchema>
<sourceObjName>CALENDAR_YEAR_DSC</sourceObjName>
<createdBy>PSTOYANO</createdBy>
<createdTime>2012-12-12 05:01:49 UTC</createdTime>
<ownerDesignName>global11_demo</ownerDesignName>
<shouldEngineer>false</shouldEngineer>
<useDomainConstraints>false</useDomainConstraints>
<use>1</use>
<logicalDatatype>LOGDT024</logicalDatatype>
<dataTypeSize>5 BYTE</dataTypeSize>
<autoIncrementCycle>false</autoIncrementCycle>
</Column>
<Column name="CALENDAR_YEAR_DSC_FRENCH" id="656F5B13-A81A-B029-D982-3A8339785094">
<sourceConnName>fdb11r1</sourceConnName>
<sourceObjSchema>TIME_DIM</sourceObjSchema>
<sourceObjName>CALENDAR_YEAR_DSC_FRENCH</sourceObjName>
<createdBy>PSTOYANO</createdBy>
<createdTime>2012-12-12 05:01:49 UTC</createdTime>
<ownerDesignName>global11_demo</ownerDesignName>
<shouldEngineer>false</shouldEngineer>
<nullsAllowed>true</nullsAllowed>
<useDomainConstraints>false</useDomainConstraints>
<use>1</use>
<logicalDatatype>LOGDT024</logicalDatatype>
<dataTypeSize>20 BYTE</dataTypeSize>
<autoIncrementCycle>false</autoIncrementCycle>
</Column>
<Column name="CALENDAR_YEAR_DSC_DUTCH" id="41859E94-F126-3C5E-5773-628E2C42D8B6">
<sourceConnName>fdb11r1</sourceConnName>
<sourceObjSchema>TIME_DIM</sourceObjSchema>
<sourceObjName>CALENDAR_YEAR_DSC_DUTCH</sourceObjName>
<createdBy>PSTOYANO</createdBy>
<createdTime>2012-12-12 05:01:49 UTC</createdTime>
<ownerDesignName>global11_demo</ownerDesignName>
<shouldEngineer>false</shouldEngineer>
<nullsAllowed>true</nullsAllowed>
<useDomainConstraints>false</useDomainConstraints>
<use>1</use>
<logicalDatatype>LOGDT024</logicalDatatype>
<dataTypeSize>20 BYTE</dataTypeSize>
<autoIncrementCycle>false</autoIncrementCycle>
</Column>
<Column name="CALENDAR_YEAR_END_DATE" id="C18FA0FF-148F-CF20-976B-C0AAB6BD6713">
<sourceConnName>fdb11r1</sourceConnName>
<sourceObjSchema>TIME_DIM</sourceObjSchema>
<sourceObjName>CALENDAR_YEAR_END_DATE</sourceObjName>
<createdBy>PSTOYANO</createdBy>
<createdTime>2012-12-12 05:01:49 UTC</createdTime>
<ownerDesignName>global11_demo</ownerDesignName>
<shouldEngineer>false</shouldEngineer>
<nullsAllowed>true</nullsAllowed>
<useDomainConstraints>false</useDomainConstraints>
<use>1</use>
<logicalDatatype>LOGDT007</logicalDatatype>
<dataTypeSize>7</dataTypeSize>
<autoIncrementCycle>false</autoIncrementCycle>
</Column>
<Column name="CALENDAR_YEAR_TIME_SPAN" id="C3DFA2A5-C8A5-B3F6-B5B7-F4DE40D883EA">
<sourceConnName>fdb11r1</sourceConnName>
<sourceObjSchema>TIME_DIM</sourceObjSchema>
<sourceObjName>CALENDAR_YEAR_TIME_SPAN</sourceObjName>
<createdBy>PSTOYANO</createdBy>
<createdTime>2012-12-12 05:01:49 UTC</createdTime>
<ownerDesignName>global11_demo</ownerDesignName>
<shouldEngineer>false</shouldEngineer>
<nullsAllowed>true</nullsAllowed>
<useDomainConstraints>false</useDomainConstraints>
<use>1</use>
<logicalDatatype>LOGDT019</logicalDatatype>
<dataTypePrecision>5</dataTypePrecision>
<autoIncrementCycle>false</autoIncrementCycle>
</Column>
<Column name="FISCAL_QUARTER_ID" id="B9F709A8-5862-8EE4-6F6E-FEFBD19BC571">
<sourceConnName>fdb11r1</sourceConnName>
<sourceObjSchema>TIME_DIM</sourceObjSchema>
<sourceObjName>FISCAL_QUARTER_ID</sourceObjName>
<createdBy>PSTOYANO</createdBy>
<createdTime>2012-12-12 05:01:49 UTC</createdTime>
<ownerDesignName>global11_demo</ownerDesignName>
<shouldEngineer>false</shouldEngineer>
<useDomainConstraints>false</useDomainConstraints>
<use>1</use>
<logicalDatatype>LOGDT024</logicalDatatype>
<dataTypeSize>9 BYTE</dataTypeSize>
<autoIncrementCycle>false</autoIncrementCycle>
</Column>
<Column name="FISCAL_QUARTER_DSC" id="6F613DA2-7F97-0776-E2D3-8CF6727CA9AD">
<sourceConnName>fdb11r1</sourceConnName>
<sourceObjSchema>TIME_DIM</sourceObjSchema>
<sourceObjName>FISCAL_QUARTER_DSC</sourceObjName>
<createdBy>PSTOYANO</createdBy>
<createdTime>2012-12-12 05:01:49 UTC</createdTime>
<ownerDesignName>global11_demo</ownerDesignName>
<shouldEngineer>false</shouldEngineer>
<useDomainConstraints>false</useDomainConstraints>
<use>1</use>
<logicalDatatype>LOGDT024</logicalDatatype>
<dataTypeSize>10 BYTE</dataTypeSize>
<autoIncrementCycle>false</autoIncrementCycle>
</Column>
<Column name="FISCAL_QUARTER_DSC_FRENCH" id="681C3DC9-15BA-67A2-EF80-EBD094D861D6">
<sourceConnName>fdb11r1</sourceConnName>
<sourceObjSchema>TIME_DIM</sourceObjSchema>
<sourceObjName>FISCAL_QUARTER_DSC_FRENCH</sourceObjName>
<createdBy>PSTOYANO</createdBy>
<createdTime>2012-12-12 05:01:49 UTC</createdTime>
<ownerDesignName>global11_demo</ownerDesignName>
<shouldEngineer>false</shouldEngineer>
<nullsAllowed>true</nullsAllowed>
<useDomainConstraints>false</useDomainConstraints>
<use>1</use>
<logicalDatatype>LOGDT024</logicalDatatype>
<dataTypeSize>20 BYTE</dataTypeSize>
<autoIncrementCycle>false</autoIncrementCycle>
</Column>
<Column name="FISCAL_QUARTER_DSC_DUTCH" id="D84531CC-C554-D895-FEA9-CCCFF8C2289C">
<sourceConnName>fdb11r1</sourceConnName>
<sourceObjSchema>TIME_DIM</sourceObjSchema>
<sourceObjName>FISCAL_QUARTER_DSC_DUTCH</sourceObjName>
<createdBy>PSTOYANO</createdBy>
<createdTime>2012-12-12 05:01:49 UTC</createdTime>
<ownerDesignName>global11_demo</ownerDesignName>
<shouldEngineer>false</shouldEngineer>
<nullsAllowed>true</nullsAllowed>
<useDomainConstraints>false</useDomainConstraints>
<use>1</use>
<logicalDatatype>LOGDT024</logicalDatatype>
<dataTypeSize>20 BYTE</dataTypeSize>
<autoIncrementCycle>false</autoIncrementCycle>
</Column>
<Column name="FISCAL_QUARTER_END_DATE" id="22F1F742-0E04-F7A1-7EFB-2B5F093FD4DE">
<sourceConnName>fdb11r1</sourceConnName>
<sourceObjSchema>TIME_DIM</sourceObjSchema>
<sourceObjName>FISCAL_QUARTER_END_DATE</sourceObjName>
<createdBy>PSTOYANO</createdBy>
<createdTime>2012-12-12 05:01:49 UTC</createdTime>
<ownerDesignName>global11_demo</ownerDesignName>
<shouldEngineer>false</shouldEngineer>
<nullsAllowed>true</nullsAllowed>
<useDomainConstraints>false</useDomainConstraints>
<use>1</use>
<logicalDatatype>LOGDT007</logicalDatatype>
<dataTypeSize>7</dataTypeSize>
<autoIncrementCycle>false</autoIncrementCycle>
</Column>
<Column name="FISCAL_QUARTER_TIME_SPAN" id="9033BF3E-D21D-8F40-010B-F867BA9BD762">
<sourceConnName>fdb11r1</sourceConnName>
<sourceObjSchema>TIME_DIM</sourceObjSchema>
<sourceObjName>FISCAL_QUARTER_TIME_SPAN</sourceObjName>
<createdBy>PSTOYANO</createdBy>
<createdTime>2012-12-12 05:01:49 UTC</createdTime>
<ownerDesignName>global11_demo</ownerDesignName>
<shouldEngineer>false</shouldEngineer>
<nullsAllowed>true</nullsAllowed>
<useDomainConstraints>false</useDomainConstraints>
<use>1</use>
<logicalDatatype>LOGDT019</logicalDatatype>
<dataTypePrecision>5</dataTypePrecision>
<autoIncrementCycle>false</autoIncrementCycle>
</Column>
<Column name="FISCAL_QUARTER_OF_YEAR" id="F0A0CD9E-76AB-A4B1-0419-E94FF8000D94">
<sourceConnName>fdb11r1</sourceConnName>
<sourceObjSchema>TIME_DIM</sourceObjSchema>
<sourceObjName>FISCAL_QUARTER_OF_YEAR</sourceObjName>
<createdBy>PSTOYANO</createdBy>
<createdTime>2012-12-12 05:01:49 UTC</createdTime>
<ownerDesignName>global11_demo</ownerDesignName>
<shouldEngineer>false</shouldEngineer>
<nullsAllowed>true</nullsAllowed>
<useDomainConstraints>false</useDomainConstraints>
<use>1</use>
<logicalDatatype>LOGDT019</logicalDatatype>
<dataTypeSize>22</dataTypeSize>
<autoIncrementCycle>false</autoIncrementCycle>
</Column>
<Column name="FISCAL_YEAR_ID" id="1452AA49-7189-DD89-0595-ABC1E632F977">
<sourceConnName>fdb11r1</sourceConnName>
<sourceObjSchema>TIME_DIM</sourceObjSchema>
<sourceObjName>FISCAL_YEAR_ID</sourceObjName>
<createdBy>PSTOYANO</createdBy>
<createdTime>2012-12-12 05:01:49 UTC</createdTime>
<ownerDesignName>global11_demo</ownerDesignName>
<shouldEngineer>false</shouldEngineer>
<useDomainConstraints>false</useDomainConstraints>
<use>1</use>
<logicalDatatype>LOGDT024</logicalDatatype>
<dataTypeSize>6 BYTE</dataTypeSize>
<autoIncrementCycle>false</autoIncrementCycle>
</Column>
<Column name="FISCAL_YEAR_DSC" id="C04D8D7F-2BFE-8E6A-71F6-EF6F95A9EB52">
<sourceConnName>fdb11r1</sourceConnName>
<sourceObjSchema>TIME_DIM</sourceObjSchema>
<sourceObjName>FISCAL_YEAR_DSC</sourceObjName>
<createdBy>PSTOYANO</createdBy>
<createdTime>2012-12-12 05:01:49 UTC</createdTime>
<ownerDesignName>global11_demo</ownerDesignName>
<shouldEngineer>false</shouldEngineer>
<useDomainConstraints>false</useDomainConstraints>
<use>1</use>
<logicalDatatype>LOGDT024</logicalDatatype>
<dataTypeSize>6 BYTE</dataTypeSize>
<autoIncrementCycle>false</autoIncrementCycle>
</Column>
<Column name="FISCAL_YEAR_DSC_FRENCH" id="A3CA7A28-0568-3132-4E70-9699D7E393F1">
<sourceConnName>fdb11r1</sourceConnName>
<sourceObjSchema>TIME_DIM</sourceObjSchema>
<sourceObjName>FISCAL_YEAR_DSC_FRENCH</sourceObjName>
<createdBy>PSTOYANO</createdBy>
<createdTime>2012-12-12 05:01:49 UTC</createdTime>
<ownerDesignName>global11_demo</ownerDesignName>
<shouldEngineer>false</shouldEngineer>
<nullsAllowed>true</nullsAllowed>
<useDomainConstraints>false</useDomainConstraints>
<use>1</use>
<logicalDatatype>LOGDT024</logicalDatatype>
<dataTypeSize>20 BYTE</dataTypeSize>
<autoIncrementCycle>false</autoIncrementCycle>
</Column>
<Column name="FISCAL_YEAR_DSC_DUTCH" id="C5C3E122-783F-ECCD-03F1-E46E8AEF3E4E">
<sourceConnName>fdb11r1</sourceConnName>
<sourceObjSchema>TIME_DIM</sourceObjSchema>
<sourceObjName>FISCAL_YEAR_DSC_DUTCH</sourceObjName>
<createdBy>PSTOYANO</createdBy>
<createdTime>2012-12-12 05:01:49 UTC</createdTime>
<ownerDesignName>global11_demo</ownerDesignName>
<shouldEngineer>false</shouldEngineer>
<nullsAllowed>true</nullsAllowed>
<useDomainConstraints>false</useDomainConstraints>
<use>1</use>
<logicalDatatype>LOGDT024</logicalDatatype>
<dataTypeSize>20 BYTE</dataTypeSize>
<autoIncrementCycle>false</autoIncrementCycle>
</Column>
<Column name="FISCAL_YEAR_END_DATE" id="E8747A0B-78BC-5F46-3BD0-89E7FC3FA4EE">
<sourceConnName>fdb11r1</sourceConnName>
<sourceObjSchema>TIME_DIM</sourceObjSchema>
<sourceObjName>FISCAL_YEAR_END_DATE</sourceObjName>
<createdBy>PSTOYANO</createdBy>
<createdTime>2012-12-12 05:01:49 UTC</createdTime>
<ownerDesignName>global11_demo</ownerDesignName>
<shouldEngineer>false</shouldEngineer>
<nullsAllowed>true</nullsAllowed>
<useDomainConstraints>false</useDomainConstraints>
<use>1</use>
<logicalDatatype>LOGDT007</logicalDatatype>
<dataTypeSize>7</dataTypeSize>
<autoIncrementCycle>false</autoIncrementCycle>
</Column>
<Column name="FISCAL_YEAR_TIME_SPAN" id="900BAA9D-5BBC-65C1-0FD8-E51A85A4D8E5">
<sourceConnName>fdb11r1</sourceConnName>
<sourceObjSchema>TIME_DIM</sourceObjSchema>
<sourceObjName>FISCAL_YEAR_TIME_SPAN</sourceObjName>
<createdBy>PSTOYANO</createdBy>
<createdTime>2012-12-12 05:01:49 UTC</createdTime>
<ownerDesignName>global11_demo</ownerDesignName>
<shouldEngineer>false</shouldEngineer>
<nullsAllowed>true</nullsAllowed>
<useDomainConstraints>false</useDomainConstraints>
<use>1</use>
<logicalDatatype>LOGDT019</logicalDatatype>
<dataTypePrecision>5</dataTypePrecision>
<autoIncrementCycle>false</autoIncrementCycle>
</Column>
<Column name="TOTAL_ID" id="B693FD18-B393-B624-0C96-C6ACE444189F">
<sourceConnName>fdb11r1</sourceConnName>
<sourceObjSchema>TIME_DIM</sourceObjSchema>
<sourceObjName>TOTAL_ID</sourceObjName>
<createdBy>PSTOYANO</createdBy>
<createdTime>2012-12-12 05:01:49 UTC</createdTime>
<ownerDesignName>global11_demo</ownerDesignName>
<shouldEngineer>false</shouldEngineer>
<useDomainConstraints>false</useDomainConstraints>
<use>1</use>
<logicalDatatype>LOGDT024</logicalDatatype>
<dataTypeSize>40 BYTE</dataTypeSize>
<autoIncrementCycle>false</autoIncrementCycle>
</Column>
<Column name="TOTAL_DSC" id="AFEF6BD1-6F81-D6F4-E922-4A0C7991A476">
<sourceConnName>fdb11r1</sourceConnName>
<sourceObjSchema>TIME_DIM</sourceObjSchema>
<sourceObjName>TOTAL_DSC</sourceObjName>
<createdBy>PSTOYANO</createdBy>
<createdTime>2012-12-12 05:01:49 UTC</createdTime>
<ownerDesignName>global11_demo</ownerDesignName>
<shouldEngineer>false</shouldEngineer>
<useDomainConstraints>false</useDomainConstraints>
<use>1</use>
<logicalDatatype>LOGDT024</logicalDatatype>
<dataTypeSize>20 BYTE</dataTypeSize>
<autoIncrementCycle>false</autoIncrementCycle>
</Column>
<Column name="TOTAL_DSC_FRENCH" id="F97B3BB1-1419-CDB9-532B-D2E4CE373DD7">
<sourceConnName>fdb11r1</sourceConnName>
<sourceObjSchema>TIME_DIM</sourceObjSchema>
<sourceObjName>TOTAL_DSC_FRENCH</sourceObjName>
<createdBy>PSTOYANO</createdBy>
<createdTime>2012-12-12 05:01:49 UTC</createdTime>
<ownerDesignName>global11_demo</ownerDesignName>
<shouldEngineer>false</shouldEngineer>
<nullsAllowed>true</nullsAllowed>
<useDomainConstraints>false</useDomainConstraints>
<use>1</use>
<logicalDatatype>LOGDT024</logicalDatatype>
<dataTypeSize>20 BYTE</dataTypeSize>
<autoIncrementCycle>false</autoIncrementCycle>
</Column>
<Column name="TOTAL_DSC_DUTCH" id="2B5467F6-5A57-3CE9-FCE3-F1DEAAE717B8">
<sourceConnName>fdb11r1</sourceConnName>
<sourceObjSchema>TIME_DIM</sourceObjSchema>
<sourceObjName>TOTAL_DSC_DUTCH</sourceObjName>
<createdBy>PSTOYANO</createdBy>
<createdTime>2012-12-12 05:01:49 UTC</createdTime>
<ownerDesignName>global11_demo</ownerDesignName>
<shouldEngineer>false</shouldEngineer>
<nullsAllowed>true</nullsAllowed>
<useDomainConstraints>false</useDomainConstraints>
<use>1</use>
<logicalDatatype>LOGDT024</logicalDatatype>
<dataTypeSize>20 BYTE</dataTypeSize>
<autoIncrementCycle>false</autoIncrementCycle>
</Column>
<Column name="TOTAL_TIME_SPAN" id="08A139AA-9F8D-C24F-8A9A-3EFA231C4AAE">
<sourceConnName>fdb11r1</sourceConnName>
<sourceObjSchema>TIME_DIM</sourceObjSchema>
<sourceObjName>TOTAL_TIME_SPAN</sourceObjName>
<createdBy>PSTOYANO</createdBy>
<createdTime>2012-12-12 05:01:49 UTC</createdTime>
<ownerDesignName>global11_demo</ownerDesignName>
<shouldEngineer>false</shouldEngineer>
<nullsAllowed>true</nullsAllowed>
<useDomainConstraints>false</useDomainConstraints>
<use>1</use>
<logicalDatatype>LOGDT019</logicalDatatype>
<dataTypeSize>22</dataTypeSize>
<autoIncrementCycle>false</autoIncrementCycle>
</Column>
<Column name="TOTAL_END_DATE" id="5518C2E4-EC63-6110-F8BF-F24032A6F04C">
<sourceConnName>fdb11r1</sourceConnName>
<sourceObjSchema>TIME_DIM</sourceObjSchema>
<sourceObjName>TOTAL_END_DATE</sourceObjName>
<createdBy>PSTOYANO</createdBy>
<createdTime>2012-12-12 05:01:49 UTC</createdTime>
<ownerDesignName>global11_demo</ownerDesignName>
<shouldEngineer>false</shouldEngineer>
<nullsAllowed>true</nullsAllowed>
<useDomainConstraints>false</useDomainConstraints>
<use>1</use>
<logicalDatatype>LOGDT007</logicalDatatype>
<dataTypeSize>7</dataTypeSize>
<autoIncrementCycle>false</autoIncrementCycle>
</Column>
</columns>
<indexes itemClass="oracle.dbtools.crest.model.design.relational.Index">
<ind_PK_UK id="666E6B22-EFD5-BBEF-603C-52C7CF33F729" name="TIME_DIM_PK">
<sourceConnName>fdb11r1</sourceConnName>
<sourceObjSchema>GLOBAL</sourceObjSchema>
<sourceObjName>TIME_DIM_PK</sourceObjName>
<createdBy>PSTOYANO</createdBy>
<createdTime>2012-12-12 05:01:49 UTC</createdTime>
<ownerDesignName>global11_demo</ownerDesignName>
<shouldEngineer>false</shouldEngineer>
<pk>true</pk>
<indexState>Primary Constraint</indexState>
<isSurrogateKey>false</isSurrogateKey>
<indexColumnUsage>
<colUsage columnID="89108140-F13A-AB3F-1C44-3124558332D9"/>
</indexColumnUsage>
</ind_PK_UK>
<ind_PK_UK id="5D9EA5D9-C9B4-03F3-54BE-1FCCE098B087" name="TIME_DIM_PK">
<sourceConnName>fdb11r1</sourceConnName>
<sourceObjSchema>GLOBAL</sourceObjSchema>
<sourceObjName>TIME_DIM_PK</sourceObjName>
<createdBy>PSTOYANO</createdBy>
<createdTime>2012-12-12 05:01:49 UTC</createdTime>
<ownerDesignName>global11_demo</ownerDesignName>
<indexState>Unique Plain Index</indexState>
<schemaObject>CB09B4D8-CB63-32D4-4C34-A7CAF9C87F91</schemaObject>
<isSurrogateKey>false</isSurrogateKey>
<indexColumnUsage>
<colUsage columnID="89108140-F13A-AB3F-1C44-3124558332D9"/>
</indexColumnUsage>
</ind_PK_UK>
</indexes>
</Table>