<?xml version = '1.0' encoding = 'UTF-8'?>
<Table class="oracle.dbtools.crest.model.design.relational.Table" directorySegmentName="seg_0" id="3ED85F23-4732-FED4-3DF0-97473849F9EB" name="CUSTOMER_DIM">
<sourceConnName>fdb11r1</sourceConnName>
<sourceObjSchema>GLOBAL</sourceObjSchema>
<sourceObjName>CUSTOMER_DIM</sourceObjName>
<createdBy>PSTOYANO</createdBy>
<createdTime>2012-12-12 05:01:48 UTC</createdTime>
<ownerDesignName>global11_demo</ownerDesignName>
<shouldEngineer>false</shouldEngineer>
<schemaObject>CB09B4D8-CB63-32D4-4C34-A7CAF9C87F91</schemaObject>
<allowColumnReorder>false</allowColumnReorder>
<existDependencyGenerateInDDl>true</existDependencyGenerateInDDl>
<columns itemClass="oracle.dbtools.crest.model.design.relational.Column">
<Column name="SHIP_TO_ID" id="582F0652-B7BE-3B02-0978-C4A0A33FF989">
<sourceConnName>fdb11r1</sourceConnName>
<sourceObjSchema>CUSTOMER_DIM</sourceObjSchema>
<sourceObjName>SHIP_TO_ID</sourceObjName>
<createdBy>PSTOYANO</createdBy>
<createdTime>2012-12-12 05:01:49 UTC</createdTime>
<ownerDesignName>global11_demo</ownerDesignName>
<shouldEngineer>false</shouldEngineer>
<useDomainConstraints>false</useDomainConstraints>
<use>1</use>
<logicalDatatype>LOGDT024</logicalDatatype>
<dataTypeSize>16 BYTE</dataTypeSize>
<autoIncrementCycle>false</autoIncrementCycle>
</Column>
<Column name="SHIP_TO_DSC" id="DAA748A0-CC90-13AB-C7A1-919B6748B74B">
<sourceConnName>fdb11r1</sourceConnName>
<sourceObjSchema>CUSTOMER_DIM</sourceObjSchema>
<sourceObjName>SHIP_TO_DSC</sourceObjName>
<createdBy>PSTOYANO</createdBy>
<createdTime>2012-12-12 05:01:49 UTC</createdTime>
<ownerDesignName>global11_demo</ownerDesignName>
<shouldEngineer>false</shouldEngineer>
<useDomainConstraints>false</useDomainConstraints>
<use>1</use>
<logicalDatatype>LOGDT024</logicalDatatype>
<dataTypeSize>30 BYTE</dataTypeSize>
<autoIncrementCycle>false</autoIncrementCycle>
</Column>
<Column name="SHIP_TO_DSC_FRENCH" id="C6AD077B-D223-7880-6A3C-74069C76CDAA">
<sourceConnName>fdb11r1</sourceConnName>
<sourceObjSchema>CUSTOMER_DIM</sourceObjSchema>
<sourceObjName>SHIP_TO_DSC_FRENCH</sourceObjName>
<createdBy>PSTOYANO</createdBy>
<createdTime>2012-12-12 05:01:49 UTC</createdTime>
<ownerDesignName>global11_demo</ownerDesignName>
<shouldEngineer>false</shouldEngineer>
<nullsAllowed>true</nullsAllowed>
<useDomainConstraints>false</useDomainConstraints>
<use>1</use>
<logicalDatatype>LOGDT024</logicalDatatype>
<dataTypeSize>60 BYTE</dataTypeSize>
<autoIncrementCycle>false</autoIncrementCycle>
</Column>
<Column name="SHIP_TO_DSC_DUTCH" id="326A8995-A7AF-DF84-1C54-54E5BE42A9F2">
<sourceConnName>fdb11r1</sourceConnName>
<sourceObjSchema>CUSTOMER_DIM</sourceObjSchema>
<sourceObjName>SHIP_TO_DSC_DUTCH</sourceObjName>
<createdBy>PSTOYANO</createdBy>
<createdTime>2012-12-12 05:01:49 UTC</createdTime>
<ownerDesignName>global11_demo</ownerDesignName>
<shouldEngineer>false</shouldEngineer>
<nullsAllowed>true</nullsAllowed>
<useDomainConstraints>false</useDomainConstraints>
<use>1</use>
<logicalDatatype>LOGDT024</logicalDatatype>
<dataTypeSize>60 BYTE</dataTypeSize>
<autoIncrementCycle>false</autoIncrementCycle>
</Column>
<Column name="WAREHOUSE_ID" id="7AD7A471-0066-C5B4-A1FF-0B4B49717C97">
<sourceConnName>fdb11r1</sourceConnName>
<sourceObjSchema>CUSTOMER_DIM</sourceObjSchema>
<sourceObjName>WAREHOUSE_ID</sourceObjName>
<createdBy>PSTOYANO</createdBy>
<createdTime>2012-12-12 05:01:49 UTC</createdTime>
<ownerDesignName>global11_demo</ownerDesignName>
<shouldEngineer>false</shouldEngineer>
<useDomainConstraints>false</useDomainConstraints>
<use>1</use>
<logicalDatatype>LOGDT024</logicalDatatype>
<dataTypeSize>3 BYTE</dataTypeSize>
<autoIncrementCycle>false</autoIncrementCycle>
</Column>
<Column name="WAREHOUSE_DSC" id="64DB36C8-157A-5A95-B34D-FF717F03244F">
<sourceConnName>fdb11r1</sourceConnName>
<sourceObjSchema>CUSTOMER_DIM</sourceObjSchema>
<sourceObjName>WAREHOUSE_DSC</sourceObjName>
<createdBy>PSTOYANO</createdBy>
<createdTime>2012-12-12 05:01:49 UTC</createdTime>
<ownerDesignName>global11_demo</ownerDesignName>
<shouldEngineer>false</shouldEngineer>
<useDomainConstraints>false</useDomainConstraints>
<use>1</use>
<logicalDatatype>LOGDT024</logicalDatatype>
<dataTypeSize>15 BYTE</dataTypeSize>
<autoIncrementCycle>false</autoIncrementCycle>
</Column>
<Column name="WAREHOUSE_DSC_FRENCH" id="63937D03-9EB1-AF17-0634-6E0B8284436C">
<sourceConnName>fdb11r1</sourceConnName>
<sourceObjSchema>CUSTOMER_DIM</sourceObjSchema>
<sourceObjName>WAREHOUSE_DSC_FRENCH</sourceObjName>
<createdBy>PSTOYANO</createdBy>
<createdTime>2012-12-12 05:01:49 UTC</createdTime>
<ownerDesignName>global11_demo</ownerDesignName>
<shouldEngineer>false</shouldEngineer>
<nullsAllowed>true</nullsAllowed>
<useDomainConstraints>false</useDomainConstraints>
<use>1</use>
<logicalDatatype>LOGDT024</logicalDatatype>
<dataTypeSize>60 BYTE</dataTypeSize>
<autoIncrementCycle>false</autoIncrementCycle>
</Column>
<Column name="WAREHOUSE_DSC_DUTCH" id="46A7E1F7-9483-FEF1-6AF7-F4ACFB643F41">
<sourceConnName>fdb11r1</sourceConnName>
<sourceObjSchema>CUSTOMER_DIM</sourceObjSchema>
<sourceObjName>WAREHOUSE_DSC_DUTCH</sourceObjName>
<createdBy>PSTOYANO</createdBy>
<createdTime>2012-12-12 05:01:49 UTC</createdTime>
<ownerDesignName>global11_demo</ownerDesignName>
<shouldEngineer>false</shouldEngineer>
<nullsAllowed>true</nullsAllowed>
<useDomainConstraints>false</useDomainConstraints>
<use>1</use>
<logicalDatatype>LOGDT024</logicalDatatype>
<dataTypeSize>60 BYTE</dataTypeSize>
<autoIncrementCycle>false</autoIncrementCycle>
</Column>
<Column name="REGION_ID" id="C19E8E93-6D48-3389-28AB-ECE55AA6C5AC">
<sourceConnName>fdb11r1</sourceConnName>
<sourceObjSchema>CUSTOMER_DIM</sourceObjSchema>
<sourceObjName>REGION_ID</sourceObjName>
<createdBy>PSTOYANO</createdBy>
<createdTime>2012-12-12 05:01:49 UTC</createdTime>
<ownerDesignName>global11_demo</ownerDesignName>
<shouldEngineer>false</shouldEngineer>
<useDomainConstraints>false</useDomainConstraints>
<use>1</use>
<logicalDatatype>LOGDT024</logicalDatatype>
<dataTypeSize>4 BYTE</dataTypeSize>
<autoIncrementCycle>false</autoIncrementCycle>
</Column>
<Column name="REGION_DSC" id="ECD64A36-EC53-52CC-A08F-F69A2CF6B9E8">
<sourceConnName>fdb11r1</sourceConnName>
<sourceObjSchema>CUSTOMER_DIM</sourceObjSchema>
<sourceObjName>REGION_DSC</sourceObjName>
<createdBy>PSTOYANO</createdBy>
<createdTime>2012-12-12 05:01:49 UTC</createdTime>
<ownerDesignName>global11_demo</ownerDesignName>
<shouldEngineer>false</shouldEngineer>
<useDomainConstraints>false</useDomainConstraints>
<use>1</use>
<logicalDatatype>LOGDT024</logicalDatatype>
<dataTypeSize>15 BYTE</dataTypeSize>
<autoIncrementCycle>false</autoIncrementCycle>
</Column>
<Column name="REGION_DSC_FRENCH" id="7E91E0E1-4AAD-0F24-0A5E-E7D00AB1E452">
<sourceConnName>fdb11r1</sourceConnName>
<sourceObjSchema>CUSTOMER_DIM</sourceObjSchema>
<sourceObjName>REGION_DSC_FRENCH</sourceObjName>
<createdBy>PSTOYANO</createdBy>
<createdTime>2012-12-12 05:01:49 UTC</createdTime>
<ownerDesignName>global11_demo</ownerDesignName>
<shouldEngineer>false</shouldEngineer>
<nullsAllowed>true</nullsAllowed>
<useDomainConstraints>false</useDomainConstraints>
<use>1</use>
<logicalDatatype>LOGDT024</logicalDatatype>
<dataTypeSize>60 BYTE</dataTypeSize>
<autoIncrementCycle>false</autoIncrementCycle>
</Column>
<Column name="REGION_DSC_DUTCH" id="5E2BDD2F-121C-7D62-1A37-44D3839E9155">
<sourceConnName>fdb11r1</sourceConnName>
<sourceObjSchema>CUSTOMER_DIM</sourceObjSchema>
<sourceObjName>REGION_DSC_DUTCH</sourceObjName>
<createdBy>PSTOYANO</createdBy>
<createdTime>2012-12-12 05:01:49 UTC</createdTime>
<ownerDesignName>global11_demo</ownerDesignName>
<shouldEngineer>false</shouldEngineer>
<nullsAllowed>true</nullsAllowed>
<useDomainConstraints>false</useDomainConstraints>
<use>1</use>
<logicalDatatype>LOGDT024</logicalDatatype>
<dataTypeSize>60 BYTE</dataTypeSize>
<autoIncrementCycle>false</autoIncrementCycle>
</Column>
<Column name="ACCOUNT_ID" id="F242762F-3FE2-2488-E649-5BFF36FF1C3D">
<sourceConnName>fdb11r1</sourceConnName>
<sourceObjSchema>CUSTOMER_DIM</sourceObjSchema>
<sourceObjName>ACCOUNT_ID</sourceObjName>
<createdBy>PSTOYANO</createdBy>
<createdTime>2012-12-12 05:01:49 UTC</createdTime>
<ownerDesignName>global11_demo</ownerDesignName>
<shouldEngineer>false</shouldEngineer>
<useDomainConstraints>false</useDomainConstraints>
<use>1</use>
<logicalDatatype>LOGDT024</logicalDatatype>
<dataTypeSize>12 BYTE</dataTypeSize>
<autoIncrementCycle>false</autoIncrementCycle>
</Column>
<Column name="ACCOUNT_DSC" id="E4770FE6-399B-69A9-5CAC-391DFF8A8DD3">
<sourceConnName>fdb11r1</sourceConnName>
<sourceObjSchema>CUSTOMER_DIM</sourceObjSchema>
<sourceObjName>ACCOUNT_DSC</sourceObjName>
<createdBy>PSTOYANO</createdBy>
<createdTime>2012-12-12 05:01:49 UTC</createdTime>
<ownerDesignName>global11_demo</ownerDesignName>
<shouldEngineer>false</shouldEngineer>
<useDomainConstraints>false</useDomainConstraints>
<use>1</use>
<logicalDatatype>LOGDT024</logicalDatatype>
<dataTypeSize>30 BYTE</dataTypeSize>
<autoIncrementCycle>false</autoIncrementCycle>
</Column>
<Column name="ACCOUNT_DSC_FRENCH" id="1AAAB1CC-01AF-70C0-F1BD-F089334151F5">
<sourceConnName>fdb11r1</sourceConnName>
<sourceObjSchema>CUSTOMER_DIM</sourceObjSchema>
<sourceObjName>ACCOUNT_DSC_FRENCH</sourceObjName>
<createdBy>PSTOYANO</createdBy>
<createdTime>2012-12-12 05:01:49 UTC</createdTime>
<ownerDesignName>global11_demo</ownerDesignName>
<shouldEngineer>false</shouldEngineer>
<nullsAllowed>true</nullsAllowed>
<useDomainConstraints>false</useDomainConstraints>
<use>1</use>
<logicalDatatype>LOGDT024</logicalDatatype>
<dataTypeSize>60 BYTE</dataTypeSize>
<autoIncrementCycle>false</autoIncrementCycle>
</Column>
<Column name="ACCOUNT_DSC_DUTCH" id="A69F3AF4-1FC9-3E4F-8C59-F61542E31B9F">
<sourceConnName>fdb11r1</sourceConnName>
<sourceObjSchema>CUSTOMER_DIM</sourceObjSchema>
<sourceObjName>ACCOUNT_DSC_DUTCH</sourceObjName>
<createdBy>PSTOYANO</createdBy>
<createdTime>2012-12-12 05:01:49 UTC</createdTime>
<ownerDesignName>global11_demo</ownerDesignName>
<shouldEngineer>false</shouldEngineer>
<nullsAllowed>true</nullsAllowed>
<useDomainConstraints>false</useDomainConstraints>
<use>1</use>
<logicalDatatype>LOGDT024</logicalDatatype>
<dataTypeSize>60 BYTE</dataTypeSize>
<autoIncrementCycle>false</autoIncrementCycle>
</Column>
<Column name="MARKET_SEGMENT_ID" id="6083CCAD-6126-BB04-3C9A-7E93DC659DCE">
<sourceConnName>fdb11r1</sourceConnName>
<sourceObjSchema>CUSTOMER_DIM</sourceObjSchema>
<sourceObjName>MARKET_SEGMENT_ID</sourceObjName>
<createdBy>PSTOYANO</createdBy>
<createdTime>2012-12-12 05:01:49 UTC</createdTime>
<ownerDesignName>global11_demo</ownerDesignName>
<shouldEngineer>false</shouldEngineer>
<useDomainConstraints>false</useDomainConstraints>
<use>1</use>
<logicalDatatype>LOGDT024</logicalDatatype>
<dataTypeSize>3 BYTE</dataTypeSize>
<autoIncrementCycle>false</autoIncrementCycle>
</Column>
<Column name="MARKET_SEGMENT_DSC" id="BFDE8849-442F-B34D-57F0-8A871530E87B">
<sourceConnName>fdb11r1</sourceConnName>
<sourceObjSchema>CUSTOMER_DIM</sourceObjSchema>
<sourceObjName>MARKET_SEGMENT_DSC</sourceObjName>
<createdBy>PSTOYANO</createdBy>
<createdTime>2012-12-12 05:01:49 UTC</createdTime>
<ownerDesignName>global11_demo</ownerDesignName>
<shouldEngineer>false</shouldEngineer>
<useDomainConstraints>false</useDomainConstraints>
<use>1</use>
<logicalDatatype>LOGDT024</logicalDatatype>
<dataTypeSize>15 BYTE</dataTypeSize>
<autoIncrementCycle>false</autoIncrementCycle>
</Column>
<Column name="MARKET_SEGMENT_DSC_FRENCH" id="D5543DFD-CF58-1F19-919C-E68E16B7CEC9">
<sourceConnName>fdb11r1</sourceConnName>
<sourceObjSchema>CUSTOMER_DIM</sourceObjSchema>
<sourceObjName>MARKET_SEGMENT_DSC_FRENCH</sourceObjName>
<createdBy>PSTOYANO</createdBy>
<createdTime>2012-12-12 05:01:49 UTC</createdTime>
<ownerDesignName>global11_demo</ownerDesignName>
<shouldEngineer>false</shouldEngineer>
<nullsAllowed>true</nullsAllowed>
<useDomainConstraints>false</useDomainConstraints>
<use>1</use>
<logicalDatatype>LOGDT024</logicalDatatype>
<dataTypeSize>60 BYTE</dataTypeSize>
<autoIncrementCycle>false</autoIncrementCycle>
</Column>
<Column name="MARKET_SEGMENT_DSC_DUTCH" id="7E764BD2-8AEE-CB1E-FEA4-A14B54D75F17">
<sourceConnName>fdb11r1</sourceConnName>
<sourceObjSchema>CUSTOMER_DIM</sourceObjSchema>
<sourceObjName>MARKET_SEGMENT_DSC_DUTCH</sourceObjName>
<createdBy>PSTOYANO</createdBy>
<createdTime>2012-12-12 05:01:49 UTC</createdTime>
<ownerDesignName>global11_demo</ownerDesignName>
<shouldEngineer>false</shouldEngineer>
<nullsAllowed>true</nullsAllowed>
<useDomainConstraints>false</useDomainConstraints>
<use>1</use>
<logicalDatatype>LOGDT024</logicalDatatype>
<dataTypeSize>60 BYTE</dataTypeSize>
<autoIncrementCycle>false</autoIncrementCycle>
</Column>
<Column name="TOTAL_ID" id="268B4A64-B913-4ABD-2E1A-74EDE9DE6591">
<sourceConnName>fdb11r1</sourceConnName>
<sourceObjSchema>CUSTOMER_DIM</sourceObjSchema>
<sourceObjName>TOTAL_ID</sourceObjName>
<createdBy>PSTOYANO</createdBy>
<createdTime>2012-12-12 05:01:49 UTC</createdTime>
<ownerDesignName>global11_demo</ownerDesignName>
<shouldEngineer>false</shouldEngineer>
<useDomainConstraints>false</useDomainConstraints>
<use>1</use>
<logicalDatatype>LOGDT024</logicalDatatype>
<dataTypeSize>15 BYTE</dataTypeSize>
<autoIncrementCycle>false</autoIncrementCycle>
</Column>
<Column name="TOTAL_DSC" id="69E9FBC6-0735-EA62-208A-0084C8038FBD">
<sourceConnName>fdb11r1</sourceConnName>
<sourceObjSchema>CUSTOMER_DIM</sourceObjSchema>
<sourceObjName>TOTAL_DSC</sourceObjName>
<createdBy>PSTOYANO</createdBy>
<createdTime>2012-12-12 05:01:49 UTC</createdTime>
<ownerDesignName>global11_demo</ownerDesignName>
<shouldEngineer>false</shouldEngineer>
<useDomainConstraints>false</useDomainConstraints>
<use>1</use>
<logicalDatatype>LOGDT024</logicalDatatype>
<dataTypeSize>15 BYTE</dataTypeSize>
<autoIncrementCycle>false</autoIncrementCycle>
</Column>
<Column name="TOTAL_DSC_FRENCH" id="3960B6E4-1E53-0367-99A8-A896E51D459E">
<sourceConnName>fdb11r1</sourceConnName>
<sourceObjSchema>CUSTOMER_DIM</sourceObjSchema>
<sourceObjName>TOTAL_DSC_FRENCH</sourceObjName>
<createdBy>PSTOYANO</createdBy>
<createdTime>2012-12-12 05:01:49 UTC</createdTime>
<ownerDesignName>global11_demo</ownerDesignName>
<shouldEngineer>false</shouldEngineer>
<nullsAllowed>true</nullsAllowed>
<useDomainConstraints>false</useDomainConstraints>
<use>1</use>
<logicalDatatype>LOGDT024</logicalDatatype>
<dataTypeSize>60 BYTE</dataTypeSize>
<autoIncrementCycle>false</autoIncrementCycle>
</Column>
<Column name="TOTAL_DSC_DUTCH" id="2359EC75-9C94-5503-4ABF-70479CF88F4A">
<sourceConnName>fdb11r1</sourceConnName>
<sourceObjSchema>CUSTOMER_DIM</sourceObjSchema>
<sourceObjName>TOTAL_DSC_DUTCH</sourceObjName>
<createdBy>PSTOYANO</createdBy>
<createdTime>2012-12-12 05:01:49 UTC</createdTime>
<ownerDesignName>global11_demo</ownerDesignName>
<shouldEngineer>false</shouldEngineer>
<nullsAllowed>true</nullsAllowed>
<useDomainConstraints>false</useDomainConstraints>
<use>1</use>
<logicalDatatype>LOGDT024</logicalDatatype>
<dataTypeSize>60 BYTE</dataTypeSize>
<autoIncrementCycle>false</autoIncrementCycle>
</Column>
<Column name="ACC_SUF" id="3B00E199-18DE-E208-0AA8-F133B37F327D">
<sourceConnName>fdb11r1</sourceConnName>
<sourceObjSchema>CUSTOMER_DIM</sourceObjSchema>
<sourceObjName>ACC_SUF</sourceObjName>
<createdBy>PSTOYANO</createdBy>
<createdTime>2013-01-04 13:59:52 UTC</createdTime>
<ownerDesignName>global11_demo</ownerDesignName>
<shouldEngineer>false</shouldEngineer>
<importedID>E5F7179D-610B-CACE-9CEA-B806402D8E8E</importedID>
<nullsAllowed>true</nullsAllowed>
<useDomainConstraints>false</useDomainConstraints>
<use>1</use>
<logicalDatatype>LOGDT019</logicalDatatype>
<dataTypePrecision>10</dataTypePrecision>
<autoIncrementCycle>false</autoIncrementCycle>
</Column>
</columns>
<indexes itemClass="oracle.dbtools.crest.model.design.relational.Index">
<ind_PK_UK id="452435FB-5CE4-ABCD-3F79-4295B710307F" name="CUSTOMER_DIM_PK">
<sourceConnName>fdb11r1</sourceConnName>
<sourceObjSchema>GLOBAL</sourceObjSchema>
<sourceObjName>CUSTOMER_DIM_PK</sourceObjName>
<createdBy>PSTOYANO</createdBy>
<createdTime>2012-12-12 05:01:49 UTC</createdTime>
<ownerDesignName>global11_demo</ownerDesignName>
<shouldEngineer>false</shouldEngineer>
<pk>true</pk>
<indexState>Primary Constraint</indexState>
<isSurrogateKey>false</isSurrogateKey>
<indexColumnUsage>
<colUsage columnID="582F0652-B7BE-3B02-0978-C4A0A33FF989"/>
</indexColumnUsage>
</ind_PK_UK>
<ind_PK_UK id="7403982B-FE7E-E78C-85DF-D285D30AF508" name="CUSTOMER_DIM_PK">
<sourceConnName>fdb11r1</sourceConnName>
<sourceObjSchema>GLOBAL</sourceObjSchema>
<sourceObjName>CUSTOMER_DIM_PK</sourceObjName>
<createdBy>PSTOYANO</createdBy>
<createdTime>2012-12-12 05:01:49 UTC</createdTime>
<ownerDesignName>global11_demo</ownerDesignName>
<indexState>Unique Plain Index</indexState>
<schemaObject>CB09B4D8-CB63-32D4-4C34-A7CAF9C87F91</schemaObject>
<isSurrogateKey>false</isSurrogateKey>
<indexColumnUsage>
<colUsage columnID="582F0652-B7BE-3B02-0978-C4A0A33FF989"/>
</indexColumnUsage>
</ind_PK_UK>
</indexes>
</Table>