<?xml version = '1.0' encoding = 'UTF-8'?>
<Table class="oracle.dbtools.crest.model.design.relational.Table" directorySegmentName="seg_0" id="455A798C-95BE-002D-5E6E-BA590B0322FC" name="PRODUCT_DIM">
<sourceConnName>fdb11r1</sourceConnName>
<sourceObjSchema>GLOBAL</sourceObjSchema>
<sourceObjName>PRODUCT_DIM</sourceObjName>
<createdBy>PSTOYANO</createdBy>
<createdTime>2012-12-12 05:01:48 UTC</createdTime>
<ownerDesignName>global11_demo</ownerDesignName>
<shouldEngineer>false</shouldEngineer>
<schemaObject>CB09B4D8-CB63-32D4-4C34-A7CAF9C87F91</schemaObject>
<allowColumnReorder>false</allowColumnReorder>
<existDependencyGenerateInDDl>true</existDependencyGenerateInDDl>
<columns itemClass="oracle.dbtools.crest.model.design.relational.Column">
<Column name="ITEM_ID" id="5D99FD28-8652-4833-1D33-580EA6272285">
<sourceConnName>fdb11r1</sourceConnName>
<sourceObjSchema>PRODUCT_DIM</sourceObjSchema>
<sourceObjName>ITEM_ID</sourceObjName>
<createdBy>PSTOYANO</createdBy>
<createdTime>2012-12-12 05:01:49 UTC</createdTime>
<ownerDesignName>global11_demo</ownerDesignName>
<shouldEngineer>false</shouldEngineer>
<useDomainConstraints>false</useDomainConstraints>
<use>1</use>
<logicalDatatype>LOGDT024</logicalDatatype>
<dataTypeSize>12 BYTE</dataTypeSize>
<autoIncrementCycle>false</autoIncrementCycle>
</Column>
<Column name="ITEM_DSC" id="733D046E-F03B-E776-D80C-5423231ECEA8">
<sourceConnName>fdb11r1</sourceConnName>
<sourceObjSchema>PRODUCT_DIM</sourceObjSchema>
<sourceObjName>ITEM_DSC</sourceObjName>
<createdBy>PSTOYANO</createdBy>
<createdTime>2012-12-12 05:01:49 UTC</createdTime>
<ownerDesignName>global11_demo</ownerDesignName>
<shouldEngineer>false</shouldEngineer>
<useDomainConstraints>false</useDomainConstraints>
<use>1</use>
<logicalDatatype>LOGDT024</logicalDatatype>
<dataTypeSize>31 BYTE</dataTypeSize>
<autoIncrementCycle>false</autoIncrementCycle>
</Column>
<Column name="ITEM_DSC_FRENCH" id="A72709C7-9A9C-80FC-BDEE-902FA234E8C6">
<sourceConnName>fdb11r1</sourceConnName>
<sourceObjSchema>PRODUCT_DIM</sourceObjSchema>
<sourceObjName>ITEM_DSC_FRENCH</sourceObjName>
<createdBy>PSTOYANO</createdBy>
<createdTime>2012-12-12 05:01:49 UTC</createdTime>
<ownerDesignName>global11_demo</ownerDesignName>
<shouldEngineer>false</shouldEngineer>
<nullsAllowed>true</nullsAllowed>
<useDomainConstraints>false</useDomainConstraints>
<use>1</use>
<logicalDatatype>LOGDT024</logicalDatatype>
<dataTypeSize>60 BYTE</dataTypeSize>
<autoIncrementCycle>false</autoIncrementCycle>
</Column>
<Column name="ITEM_DSC_DUTCH" id="E724CD81-C3D7-D84C-1BFE-9BF26DF6730E">
<sourceConnName>fdb11r1</sourceConnName>
<sourceObjSchema>PRODUCT_DIM</sourceObjSchema>
<sourceObjName>ITEM_DSC_DUTCH</sourceObjName>
<createdBy>PSTOYANO</createdBy>
<createdTime>2012-12-12 05:01:49 UTC</createdTime>
<ownerDesignName>global11_demo</ownerDesignName>
<shouldEngineer>false</shouldEngineer>
<nullsAllowed>true</nullsAllowed>
<useDomainConstraints>false</useDomainConstraints>
<use>1</use>
<logicalDatatype>LOGDT024</logicalDatatype>
<dataTypeSize>60 BYTE</dataTypeSize>
<autoIncrementCycle>false</autoIncrementCycle>
</Column>
<Column name="ITEM_PACKAGE" id="BE5C4AE3-51F0-54A1-307D-BABE87DD76DD">
<sourceConnName>fdb11r1</sourceConnName>
<sourceObjSchema>PRODUCT_DIM</sourceObjSchema>
<sourceObjName>ITEM_PACKAGE</sourceObjName>
<createdBy>PSTOYANO</createdBy>
<createdTime>2012-12-12 05:01:49 UTC</createdTime>
<ownerDesignName>global11_demo</ownerDesignName>
<shouldEngineer>false</shouldEngineer>
<nullsAllowed>true</nullsAllowed>
<useDomainConstraints>false</useDomainConstraints>
<use>1</use>
<logicalDatatype>LOGDT024</logicalDatatype>
<dataTypeSize>20 BYTE</dataTypeSize>
<autoIncrementCycle>false</autoIncrementCycle>
</Column>
<Column name="ITEM_MARKETING_MANAGER" id="E87765CE-807B-2932-5777-ABF06631227F">
<sourceConnName>fdb11r1</sourceConnName>
<sourceObjSchema>PRODUCT_DIM</sourceObjSchema>
<sourceObjName>ITEM_MARKETING_MANAGER</sourceObjName>
<createdBy>PSTOYANO</createdBy>
<createdTime>2012-12-12 05:01:49 UTC</createdTime>
<ownerDesignName>global11_demo</ownerDesignName>
<shouldEngineer>false</shouldEngineer>
<nullsAllowed>true</nullsAllowed>
<useDomainConstraints>false</useDomainConstraints>
<use>1</use>
<logicalDatatype>LOGDT024</logicalDatatype>
<dataTypeSize>20 BYTE</dataTypeSize>
<autoIncrementCycle>false</autoIncrementCycle>
</Column>
<Column name="ITEM_BUYER" id="A3DF5D9B-BBC9-A935-871A-23DA991E4D24">
<sourceConnName>fdb11r1</sourceConnName>
<sourceObjSchema>PRODUCT_DIM</sourceObjSchema>
<sourceObjName>ITEM_BUYER</sourceObjName>
<createdBy>PSTOYANO</createdBy>
<createdTime>2012-12-12 05:01:49 UTC</createdTime>
<ownerDesignName>global11_demo</ownerDesignName>
<shouldEngineer>false</shouldEngineer>
<nullsAllowed>true</nullsAllowed>
<useDomainConstraints>false</useDomainConstraints>
<use>1</use>
<logicalDatatype>LOGDT024</logicalDatatype>
<dataTypeSize>20 BYTE</dataTypeSize>
<autoIncrementCycle>false</autoIncrementCycle>
</Column>
<Column name="FAMILY_ID" id="EA822D00-7240-2DE4-287B-5C9FB36DD78D">
<sourceConnName>fdb11r1</sourceConnName>
<sourceObjSchema>PRODUCT_DIM</sourceObjSchema>
<sourceObjName>FAMILY_ID</sourceObjName>
<createdBy>PSTOYANO</createdBy>
<createdTime>2012-12-12 05:01:49 UTC</createdTime>
<ownerDesignName>global11_demo</ownerDesignName>
<shouldEngineer>false</shouldEngineer>
<useDomainConstraints>false</useDomainConstraints>
<use>1</use>
<logicalDatatype>LOGDT024</logicalDatatype>
<dataTypeSize>4 BYTE</dataTypeSize>
<autoIncrementCycle>false</autoIncrementCycle>
</Column>
<Column name="FAMILY_DSC" id="289C063B-DB3B-7741-CB04-4E2F6AC46A35">
<sourceConnName>fdb11r1</sourceConnName>
<sourceObjSchema>PRODUCT_DIM</sourceObjSchema>
<sourceObjName>FAMILY_DSC</sourceObjName>
<createdBy>PSTOYANO</createdBy>
<createdTime>2012-12-12 05:01:49 UTC</createdTime>
<ownerDesignName>global11_demo</ownerDesignName>
<shouldEngineer>false</shouldEngineer>
<useDomainConstraints>false</useDomainConstraints>
<use>1</use>
<logicalDatatype>LOGDT024</logicalDatatype>
<dataTypeSize>20 BYTE</dataTypeSize>
<autoIncrementCycle>false</autoIncrementCycle>
</Column>
<Column name="FAMILY_DSC_DUTCH" id="C7406017-E642-E045-82A3-304E0E4F4BBD">
<sourceConnName>fdb11r1</sourceConnName>
<sourceObjSchema>PRODUCT_DIM</sourceObjSchema>
<sourceObjName>FAMILY_DSC_DUTCH</sourceObjName>
<createdBy>PSTOYANO</createdBy>
<createdTime>2012-12-12 05:01:49 UTC</createdTime>
<ownerDesignName>global11_demo</ownerDesignName>
<shouldEngineer>false</shouldEngineer>
<nullsAllowed>true</nullsAllowed>
<useDomainConstraints>false</useDomainConstraints>
<use>1</use>
<logicalDatatype>LOGDT024</logicalDatatype>
<dataTypeSize>60 BYTE</dataTypeSize>
<autoIncrementCycle>false</autoIncrementCycle>
</Column>
<Column name="CLASS_ID" id="32D1C983-155D-F0A0-A3F2-3705B1B3E36B">
<sourceConnName>fdb11r1</sourceConnName>
<sourceObjSchema>PRODUCT_DIM</sourceObjSchema>
<sourceObjName>CLASS_ID</sourceObjName>
<createdBy>PSTOYANO</createdBy>
<createdTime>2012-12-12 05:01:49 UTC</createdTime>
<ownerDesignName>global11_demo</ownerDesignName>
<shouldEngineer>false</shouldEngineer>
<useDomainConstraints>false</useDomainConstraints>
<use>1</use>
<logicalDatatype>LOGDT024</logicalDatatype>
<dataTypeSize>4 BYTE</dataTypeSize>
<autoIncrementCycle>false</autoIncrementCycle>
</Column>
<Column name="CLASS_DSC" id="0A301231-1011-6D20-FD04-64A362F552B7">
<sourceConnName>fdb11r1</sourceConnName>
<sourceObjSchema>PRODUCT_DIM</sourceObjSchema>
<sourceObjName>CLASS_DSC</sourceObjName>
<createdBy>PSTOYANO</createdBy>
<createdTime>2012-12-12 05:01:49 UTC</createdTime>
<ownerDesignName>global11_demo</ownerDesignName>
<shouldEngineer>false</shouldEngineer>
<useDomainConstraints>false</useDomainConstraints>
<use>1</use>
<logicalDatatype>LOGDT024</logicalDatatype>
<dataTypeSize>15 BYTE</dataTypeSize>
<autoIncrementCycle>false</autoIncrementCycle>
</Column>
<Column name="CLASS_DSC_FRENCH" id="4E4AC6AE-19B9-CFEF-63CC-89FE6F152C77">
<sourceConnName>fdb11r1</sourceConnName>
<sourceObjSchema>PRODUCT_DIM</sourceObjSchema>
<sourceObjName>CLASS_DSC_FRENCH</sourceObjName>
<createdBy>PSTOYANO</createdBy>
<createdTime>2012-12-12 05:01:49 UTC</createdTime>
<ownerDesignName>global11_demo</ownerDesignName>
<shouldEngineer>false</shouldEngineer>
<nullsAllowed>true</nullsAllowed>
<useDomainConstraints>false</useDomainConstraints>
<use>1</use>
<logicalDatatype>LOGDT024</logicalDatatype>
<dataTypeSize>60 BYTE</dataTypeSize>
<autoIncrementCycle>false</autoIncrementCycle>
</Column>
<Column name="CLASS_DSC_DUTCH" id="29691A0D-4727-C98A-3AF6-F17E4617B656">
<sourceConnName>fdb11r1</sourceConnName>
<sourceObjSchema>PRODUCT_DIM</sourceObjSchema>
<sourceObjName>CLASS_DSC_DUTCH</sourceObjName>
<createdBy>PSTOYANO</createdBy>
<createdTime>2012-12-12 05:01:49 UTC</createdTime>
<ownerDesignName>global11_demo</ownerDesignName>
<shouldEngineer>false</shouldEngineer>
<nullsAllowed>true</nullsAllowed>
<useDomainConstraints>false</useDomainConstraints>
<use>1</use>
<logicalDatatype>LOGDT024</logicalDatatype>
<dataTypeSize>60 BYTE</dataTypeSize>
<autoIncrementCycle>false</autoIncrementCycle>
</Column>
<Column name="TOTAL_ID" id="4BDF2135-4181-AA88-BF7B-99A00A25BD06">
<sourceConnName>fdb11r1</sourceConnName>
<sourceObjSchema>PRODUCT_DIM</sourceObjSchema>
<sourceObjName>TOTAL_ID</sourceObjName>
<createdBy>PSTOYANO</createdBy>
<createdTime>2012-12-12 05:01:49 UTC</createdTime>
<ownerDesignName>global11_demo</ownerDesignName>
<shouldEngineer>false</shouldEngineer>
<useDomainConstraints>false</useDomainConstraints>
<use>1</use>
<logicalDatatype>LOGDT024</logicalDatatype>
<dataTypeSize>15 BYTE</dataTypeSize>
<autoIncrementCycle>false</autoIncrementCycle>
</Column>
<Column name="TOTAL_DSC" id="2F479ACF-073D-8656-2148-B0C5C8810CFE">
<sourceConnName>fdb11r1</sourceConnName>
<sourceObjSchema>PRODUCT_DIM</sourceObjSchema>
<sourceObjName>TOTAL_DSC</sourceObjName>
<createdBy>PSTOYANO</createdBy>
<createdTime>2012-12-12 05:01:49 UTC</createdTime>
<ownerDesignName>global11_demo</ownerDesignName>
<shouldEngineer>false</shouldEngineer>
<useDomainConstraints>false</useDomainConstraints>
<use>1</use>
<logicalDatatype>LOGDT024</logicalDatatype>
<dataTypeSize>15 BYTE</dataTypeSize>
<autoIncrementCycle>false</autoIncrementCycle>
</Column>
<Column name="TOTAL_DSC_FRENCH" id="64414BEE-CEEC-F21B-69C6-35AEED8CC654">
<sourceConnName>fdb11r1</sourceConnName>
<sourceObjSchema>PRODUCT_DIM</sourceObjSchema>
<sourceObjName>TOTAL_DSC_FRENCH</sourceObjName>
<createdBy>PSTOYANO</createdBy>
<createdTime>2012-12-12 05:01:49 UTC</createdTime>
<ownerDesignName>global11_demo</ownerDesignName>
<shouldEngineer>false</shouldEngineer>
<nullsAllowed>true</nullsAllowed>
<useDomainConstraints>false</useDomainConstraints>
<use>1</use>
<logicalDatatype>LOGDT024</logicalDatatype>
<dataTypeSize>30 BYTE</dataTypeSize>
<autoIncrementCycle>false</autoIncrementCycle>
</Column>
<Column name="TOTAL_DSC_DUTCH" id="5536A554-46F9-B104-A192-43811591E50D">
<sourceConnName>fdb11r1</sourceConnName>
<sourceObjSchema>PRODUCT_DIM</sourceObjSchema>
<sourceObjName>TOTAL_DSC_DUTCH</sourceObjName>
<createdBy>PSTOYANO</createdBy>
<createdTime>2012-12-12 05:01:49 UTC</createdTime>
<ownerDesignName>global11_demo</ownerDesignName>
<shouldEngineer>false</shouldEngineer>
<nullsAllowed>true</nullsAllowed>
<useDomainConstraints>false</useDomainConstraints>
<use>1</use>
<logicalDatatype>LOGDT024</logicalDatatype>
<dataTypeSize>30 BYTE</dataTypeSize>
<autoIncrementCycle>false</autoIncrementCycle>
</Column>
</columns>
<indexes itemClass="oracle.dbtools.crest.model.design.relational.Index">
<ind_PK_UK id="18B6DD01-4E5A-F8F2-7E3B-0DC3192FA5AF" name="PRODUCT_DIM_PK">
<sourceConnName>fdb11r1</sourceConnName>
<sourceObjSchema>GLOBAL</sourceObjSchema>
<sourceObjName>PRODUCT_DIM_PK</sourceObjName>
<createdBy>PSTOYANO</createdBy>
<createdTime>2012-12-12 05:01:49 UTC</createdTime>
<ownerDesignName>global11_demo</ownerDesignName>
<shouldEngineer>false</shouldEngineer>
<pk>true</pk>
<indexState>Primary Constraint</indexState>
<isSurrogateKey>false</isSurrogateKey>
<indexColumnUsage>
<colUsage columnID="5D99FD28-8652-4833-1D33-580EA6272285"/>
</indexColumnUsage>
</ind_PK_UK>
<ind_PK_UK id="A21036F7-65D8-AEDF-750D-662A873EF002" name="PRODUCT_DIM_PK">
<sourceConnName>fdb11r1</sourceConnName>
<sourceObjSchema>GLOBAL</sourceObjSchema>
<sourceObjName>PRODUCT_DIM_PK</sourceObjName>
<createdBy>PSTOYANO</createdBy>
<createdTime>2012-12-12 05:01:49 UTC</createdTime>
<ownerDesignName>global11_demo</ownerDesignName>
<indexState>Unique Plain Index</indexState>
<schemaObject>CB09B4D8-CB63-32D4-4C34-A7CAF9C87F91</schemaObject>
<isSurrogateKey>false</isSurrogateKey>
<indexColumnUsage>
<colUsage columnID="5D99FD28-8652-4833-1D33-580EA6272285"/>
</indexColumnUsage>
</ind_PK_UK>
</indexes>
</Table>