<?xml version = '1.0' encoding = 'UTF-8'?>
<Table class="oracle.dbtools.crest.model.design.relational.Table" directorySegmentName="seg_0" id="661BD9E8-FA63-37EA-F032-8EDACFAEA470" name="UNITS_FACT">
<sourceConnName>fdb11r1</sourceConnName>
<sourceObjSchema>GLOBAL</sourceObjSchema>
<sourceObjName>UNITS_FACT</sourceObjName>
<createdBy>PSTOYANO</createdBy>
<createdTime>2012-12-12 05:01:48 UTC</createdTime>
<ownerDesignName>global11_demo</ownerDesignName>
<schemaObject>CB09B4D8-CB63-32D4-4C34-A7CAF9C87F91</schemaObject>
<allowColumnReorder>false</allowColumnReorder>
<existDependencyGenerateInDDl>true</existDependencyGenerateInDDl>
<columns itemClass="oracle.dbtools.crest.model.design.relational.Column">
<Column name="MONTH_ID" id="A0669B53-B873-C22F-02B4-FDDE8EAD6E9A">
<sourceConnName>fdb11r1</sourceConnName>
<sourceObjSchema>UNITS_FACT</sourceObjSchema>
<sourceObjName>MONTH_ID</sourceObjName>
<createdBy>PSTOYANO</createdBy>
<createdTime>2012-12-12 05:01:49 UTC</createdTime>
<ownerDesignName>global11_demo</ownerDesignName>
<useDomainConstraints>false</useDomainConstraints>
<use>1</use>
<logicalDatatype>LOGDT024</logicalDatatype>
<dataTypeSize>7 BYTE</dataTypeSize>
<delegate>89108140-F13A-AB3F-1C44-3124558332D9</delegate>
<autoIncrementCycle>false</autoIncrementCycle>
<associations>
<colAssociation fkAssociation="1399E3B0-4D38-C398-B583-61FA2F779EF5" referredColumn="89108140-F13A-AB3F-1C44-3124558332D9"/>
</associations>
</Column>
<Column name="ITEM_ID" id="ADDD76C4-6616-275B-137E-C8B18506096B">
<sourceConnName>fdb11r1</sourceConnName>
<sourceObjSchema>UNITS_FACT</sourceObjSchema>
<sourceObjName>ITEM_ID</sourceObjName>
<createdBy>PSTOYANO</createdBy>
<createdTime>2012-12-12 05:01:49 UTC</createdTime>
<ownerDesignName>global11_demo</ownerDesignName>
<useDomainConstraints>false</useDomainConstraints>
<use>1</use>
<logicalDatatype>LOGDT024</logicalDatatype>
<dataTypeSize>12 BYTE</dataTypeSize>
<delegate>5D99FD28-8652-4833-1D33-580EA6272285</delegate>
<autoIncrementCycle>false</autoIncrementCycle>
<associations>
<colAssociation fkAssociation="7B3C87E6-5592-A8E0-0225-2662E4320820" referredColumn="5D99FD28-8652-4833-1D33-580EA6272285"/>
</associations>
</Column>
<Column name="SHIP_TO_ID" id="43E65E0D-F274-A5BD-BB5E-A7ED9A329DAF">
<sourceConnName>fdb11r1</sourceConnName>
<sourceObjSchema>UNITS_FACT</sourceObjSchema>
<sourceObjName>SHIP_TO_ID</sourceObjName>
<createdBy>PSTOYANO</createdBy>
<createdTime>2012-12-12 05:01:49 UTC</createdTime>
<ownerDesignName>global11_demo</ownerDesignName>
<useDomainConstraints>false</useDomainConstraints>
<use>1</use>
<logicalDatatype>LOGDT024</logicalDatatype>
<dataTypeSize>16 BYTE</dataTypeSize>
<delegate>582F0652-B7BE-3B02-0978-C4A0A33FF989</delegate>
<autoIncrementCycle>false</autoIncrementCycle>
<associations>
<colAssociation fkAssociation="DFB59558-E942-8CAD-6934-20C6BC289B52" referredColumn="582F0652-B7BE-3B02-0978-C4A0A33FF989"/>
</associations>
</Column>
<Column name="CHANNEL_ID" id="464AC219-F470-2ACB-E65B-465207A2D160">
<sourceConnName>fdb11r1</sourceConnName>
<sourceObjSchema>UNITS_FACT</sourceObjSchema>
<sourceObjName>CHANNEL_ID</sourceObjName>
<createdBy>PSTOYANO</createdBy>
<createdTime>2012-12-12 05:01:49 UTC</createdTime>
<ownerDesignName>global11_demo</ownerDesignName>
<useDomainConstraints>false</useDomainConstraints>
<use>1</use>
<logicalDatatype>LOGDT024</logicalDatatype>
<dataTypeSize>3 BYTE</dataTypeSize>
<delegate>689D417B-587F-D4C6-4330-FE45D1996770</delegate>
<autoIncrementCycle>false</autoIncrementCycle>
<associations>
<colAssociation fkAssociation="B59074C9-09BD-5F5D-5DFC-7BBDAB5495D8" referredColumn="689D417B-587F-D4C6-4330-FE45D1996770"/>
</associations>
</Column>
<Column name="UNITS" id="FAA7450C-2A43-355D-F1E7-390D6C11E665">
<sourceConnName>fdb11r1</sourceConnName>
<sourceObjSchema>UNITS_FACT</sourceObjSchema>
<sourceObjName>UNITS</sourceObjName>
<createdBy>PSTOYANO</createdBy>
<createdTime>2012-12-12 05:01:49 UTC</createdTime>
<ownerDesignName>global11_demo</ownerDesignName>
<nullsAllowed>true</nullsAllowed>
<useDomainConstraints>false</useDomainConstraints>
<use>1</use>
<logicalDatatype>LOGDT019</logicalDatatype>
<dataTypeSize>22</dataTypeSize>
<autoIncrementCycle>false</autoIncrementCycle>
</Column>
<Column name="SALES" id="03329F81-AE45-E430-5B6D-A4941EFD1E81">
<sourceConnName>fdb11r1</sourceConnName>
<sourceObjSchema>UNITS_FACT</sourceObjSchema>
<sourceObjName>SALES</sourceObjName>
<createdBy>PSTOYANO</createdBy>
<createdTime>2012-12-12 05:01:49 UTC</createdTime>
<ownerDesignName>global11_demo</ownerDesignName>
<nullsAllowed>true</nullsAllowed>
<useDomainConstraints>false</useDomainConstraints>
<use>1</use>
<logicalDatatype>LOGDT019</logicalDatatype>
<dataTypeSize>22</dataTypeSize>
<autoIncrementCycle>false</autoIncrementCycle>
</Column>
<Column name="COST" id="9342EF23-AF5C-9FA2-CDA9-B71277CE6F7F">
<sourceConnName>fdb11r1</sourceConnName>
<sourceObjSchema>UNITS_FACT</sourceObjSchema>
<sourceObjName>COST</sourceObjName>
<createdBy>PSTOYANO</createdBy>
<createdTime>2012-12-12 05:01:49 UTC</createdTime>
<ownerDesignName>global11_demo</ownerDesignName>
<nullsAllowed>true</nullsAllowed>
<useDomainConstraints>false</useDomainConstraints>
<use>1</use>
<logicalDatatype>LOGDT019</logicalDatatype>
<dataTypeSize>22</dataTypeSize>
<autoIncrementCycle>false</autoIncrementCycle>
</Column>
<Column name="SHIP_MONTH_ID" id="5683E149-9454-0D5A-E4C4-7B2D21EC8F38">
<sourceConnName>fdb11r1</sourceConnName>
<sourceObjSchema>UNITS_FACT</sourceObjSchema>
<sourceObjName>SHIP_MONTH_ID</sourceObjName>
<createdBy>PSTOYANO</createdBy>
<createdTime>2013-01-09 08:27:59 UTC</createdTime>
<ownerDesignName>global11_demo</ownerDesignName>
<importedID>6CB3BCA0-905C-6130-6810-64E0537A4A7A</importedID>
<nullsAllowed>true</nullsAllowed>
<useDomainConstraints>false</useDomainConstraints>
<use>1</use>
<logicalDatatype>LOGDT024</logicalDatatype>
<dataTypeSize>7 BYTE</dataTypeSize>
<autoIncrementCycle>false</autoIncrementCycle>
</Column>
<Column name="DELIVERY_MONTH_ID" id="3863C66B-1D62-86EC-8E5B-C23F8D5B77D7">
<sourceConnName>fdb11r1</sourceConnName>
<sourceObjSchema>UNITS_FACT</sourceObjSchema>
<sourceObjName>DELIVERY_MONTH_ID</sourceObjName>
<createdBy>PSTOYANO</createdBy>
<createdTime>2013-01-09 08:27:59 UTC</createdTime>
<ownerDesignName>global11_demo</ownerDesignName>
<importedID>211C31F5-9FE4-36C4-799E-09A3F0419A68</importedID>
<nullsAllowed>true</nullsAllowed>
<useDomainConstraints>false</useDomainConstraints>
<use>1</use>
<logicalDatatype>LOGDT024</logicalDatatype>
<dataTypeSize>7 BYTE</dataTypeSize>
<autoIncrementCycle>false</autoIncrementCycle>
</Column>
</columns>
<indexes itemClass="oracle.dbtools.crest.model.design.relational.Index">
<ind_PK_UK id="0720F004-9D40-B8A9-9F5B-43DC8996A9AB" name="UNITS_FACT_PK">
<sourceConnName>fdb11r1</sourceConnName>
<sourceObjSchema>GLOBAL</sourceObjSchema>
<sourceObjName>UNITS_FACT_PK</sourceObjName>
<createdBy>PSTOYANO</createdBy>
<createdTime>2012-12-12 05:01:49 UTC</createdTime>
<ownerDesignName>global11_demo</ownerDesignName>
<pk>true</pk>
<indexState>Primary Constraint</indexState>
<isSurrogateKey>false</isSurrogateKey>
<indexColumnUsage>
<colUsage columnID="A0669B53-B873-C22F-02B4-FDDE8EAD6E9A"/>
<colUsage columnID="ADDD76C4-6616-275B-137E-C8B18506096B"/>
<colUsage columnID="43E65E0D-F274-A5BD-BB5E-A7ED9A329DAF"/>
<colUsage columnID="464AC219-F470-2ACB-E65B-465207A2D160"/>
</indexColumnUsage>
</ind_PK_UK>
<ind_PK_UK id="94035618-9785-F5B9-9706-923083D7DF14" name="UNITS_FACT_PK">
<sourceConnName>fdb11r1</sourceConnName>
<sourceObjSchema>GLOBAL</sourceObjSchema>
<sourceObjName>UNITS_FACT_PK</sourceObjName>
<createdBy>PSTOYANO</createdBy>
<createdTime>2012-12-12 05:01:49 UTC</createdTime>
<ownerDesignName>global11_demo</ownerDesignName>
<indexState>Unique Plain Index</indexState>
<schemaObject>CB09B4D8-CB63-32D4-4C34-A7CAF9C87F91</schemaObject>
<isSurrogateKey>false</isSurrogateKey>
<indexColumnUsage>
<colUsage columnID="A0669B53-B873-C22F-02B4-FDDE8EAD6E9A"/>
<colUsage columnID="ADDD76C4-6616-275B-137E-C8B18506096B"/>
<colUsage columnID="43E65E0D-F274-A5BD-BB5E-A7ED9A329DAF"/>
<colUsage columnID="464AC219-F470-2ACB-E65B-465207A2D160"/>
</indexColumnUsage>
</ind_PK_UK>
<ind_PK_UK id="7DAC26B3-CB93-0EC8-2DCB-99F8DE57A2F0" name="UNITS_FACT_IDX_1">
<sourceConnName>fdb11r1</sourceConnName>
<sourceObjSchema>GLOBAL</sourceObjSchema>
<sourceObjName>UNITS_FACT_IDX_1</sourceObjName>
<createdBy>PSTOYANO</createdBy>
<createdTime>2012-12-12 05:01:49 UTC</createdTime>
<ownerDesignName>global11_demo</ownerDesignName>
<schemaObject>CB09B4D8-CB63-32D4-4C34-A7CAF9C87F91</schemaObject>
<isSurrogateKey>false</isSurrogateKey>
<indexColumnUsage>
<colUsage columnID="A0669B53-B873-C22F-02B4-FDDE8EAD6E9A"/>
</indexColumnUsage>
</ind_PK_UK>
<ind_PK_UK id="5F45AC65-2FC0-7B4C-84DD-4817447C7FFF" name="UNITS_FACT_IDX_2">
<sourceConnName>fdb11r1</sourceConnName>
<sourceObjSchema>GLOBAL</sourceObjSchema>
<sourceObjName>UNITS_FACT_IDX_2</sourceObjName>
<createdBy>PSTOYANO</createdBy>
<createdTime>2012-12-12 05:01:49 UTC</createdTime>
<ownerDesignName>global11_demo</ownerDesignName>
<schemaObject>CB09B4D8-CB63-32D4-4C34-A7CAF9C87F91</schemaObject>
<isSurrogateKey>false</isSurrogateKey>
<indexColumnUsage>
<colUsage columnID="ADDD76C4-6616-275B-137E-C8B18506096B"/>
</indexColumnUsage>
</ind_PK_UK>
<ind_PK_UK id="2DD7861D-8628-EA67-376C-8B0EED8BECAD" name="UNITS_FACT_IDX_3">
<sourceConnName>fdb11r1</sourceConnName>
<sourceObjSchema>GLOBAL</sourceObjSchema>
<sourceObjName>UNITS_FACT_IDX_3</sourceObjName>
<createdBy>PSTOYANO</createdBy>
<createdTime>2012-12-12 05:01:49 UTC</createdTime>
<ownerDesignName>global11_demo</ownerDesignName>
<schemaObject>CB09B4D8-CB63-32D4-4C34-A7CAF9C87F91</schemaObject>
<isSurrogateKey>false</isSurrogateKey>
<indexColumnUsage>
<colUsage columnID="43E65E0D-F274-A5BD-BB5E-A7ED9A329DAF"/>
</indexColumnUsage>
</ind_PK_UK>
<ind_PK_UK id="19F8D2D0-E830-B99B-F145-291AA5ACDABA" name="UNITS_FACT_IDX_4">
<sourceConnName>fdb11r1</sourceConnName>
<sourceObjSchema>GLOBAL</sourceObjSchema>
<sourceObjName>UNITS_FACT_IDX_4</sourceObjName>
<createdBy>PSTOYANO</createdBy>
<createdTime>2012-12-12 05:01:49 UTC</createdTime>
<ownerDesignName>global11_demo</ownerDesignName>
<schemaObject>CB09B4D8-CB63-32D4-4C34-A7CAF9C87F91</schemaObject>
<isSurrogateKey>false</isSurrogateKey>
<indexColumnUsage>
<colUsage columnID="464AC219-F470-2ACB-E65B-465207A2D160"/>
</indexColumnUsage>
</ind_PK_UK>
<ind_PK_UK id="32B69247-9B5E-66A4-8E15-0723BC78B22A" name="UNITS_FACT_FK_1">
<createdBy>PSTOYANO</createdBy>
<createdTime>2012-12-12 05:01:50 UTC</createdTime>
<ownerDesignName>global11_demo</ownerDesignName>
<indexState>Foreign Key</indexState>
<isSurrogateKey>false</isSurrogateKey>
<indexColumnUsage>
<colUsage columnID="A0669B53-B873-C22F-02B4-FDDE8EAD6E9A"/>
</indexColumnUsage>
</ind_PK_UK>
<ind_PK_UK id="C9C625D2-DE9D-C9FF-3779-DC95A0958FBE" name="UNITS_FACT_FK_2">
<createdBy>PSTOYANO</createdBy>
<createdTime>2012-12-12 05:01:50 UTC</createdTime>
<ownerDesignName>global11_demo</ownerDesignName>
<indexState>Foreign Key</indexState>
<isSurrogateKey>false</isSurrogateKey>
<indexColumnUsage>
<colUsage columnID="ADDD76C4-6616-275B-137E-C8B18506096B"/>
</indexColumnUsage>
</ind_PK_UK>
<ind_PK_UK id="ED4F74C8-AEF4-54AE-ADC4-ED0C47F76585" name="UNITS_FACT_FK_3">
<createdBy>PSTOYANO</createdBy>
<createdTime>2012-12-12 05:01:50 UTC</createdTime>
<ownerDesignName>global11_demo</ownerDesignName>
<indexState>Foreign Key</indexState>
<isSurrogateKey>false</isSurrogateKey>
<indexColumnUsage>
<colUsage columnID="43E65E0D-F274-A5BD-BB5E-A7ED9A329DAF"/>
</indexColumnUsage>
</ind_PK_UK>
<ind_PK_UK id="8CBD60AC-1726-5507-95D1-7728D283DABD" name="UNITS_FACT_FK_4">
<createdBy>PSTOYANO</createdBy>
<createdTime>2012-12-12 05:01:50 UTC</createdTime>
<ownerDesignName>global11_demo</ownerDesignName>
<indexState>Foreign Key</indexState>
<isSurrogateKey>false</isSurrogateKey>
<indexColumnUsage>
<colUsage columnID="464AC219-F470-2ACB-E65B-465207A2D160"/>
</indexColumnUsage>
</ind_PK_UK>
</indexes>
</Table>