<?xml version = '1.0' encoding = 'UTF-8'?>
<Table class="oracle.dbtools.crest.model.design.relational.Table" directorySegmentName="seg_0" id="A3268B06-D0EA-3045-1C6D-A73356907C3E" name="CUST_ACCOUNT">
<sourceConnName>Global_11r21</sourceConnName>
<sourceObjSchema>GLOBAL</sourceObjSchema>
<sourceObjName>CUST_ACCOUNT</sourceObjName>
<createdBy>PSTOYANO</createdBy>
<createdTime>2012-12-21 10:24:35 UTC</createdTime>
<ownerDesignName>global11_demo</ownerDesignName>
<shouldEngineer>false</shouldEngineer>
<importedID>6B7A4AE0-F16C-3F22-7976-5C938DD8E200</importedID>
<schemaObject>CB09B4D8-CB63-32D4-4C34-A7CAF9C87F91</schemaObject>
<allowColumnReorder>false</allowColumnReorder>
<existDependencyGenerateInDDl>true</existDependencyGenerateInDDl>
<columns itemClass="oracle.dbtools.crest.model.design.relational.Column">
<Column name="SHIP_TO_ID" id="9BC1E906-5C82-6D72-09E5-C5AD74462548">
<sourceConnName>Global_11r21</sourceConnName>
<sourceObjSchema>CUST_ACCOUNT</sourceObjSchema>
<sourceObjName>SHIP_TO_ID</sourceObjName>
<createdBy>PSTOYANO</createdBy>
<createdTime>2012-12-21 10:24:35 UTC</createdTime>
<ownerDesignName>global11_demo</ownerDesignName>
<shouldEngineer>false</shouldEngineer>
<importedID>39473BD1-2057-E38A-9736-0B22708F02DB</importedID>
<useDomainConstraints>false</useDomainConstraints>
<use>1</use>
<logicalDatatype>LOGDT024</logicalDatatype>
<dataTypeSize>16 BYTE</dataTypeSize>
<autoIncrementCycle>false</autoIncrementCycle>
</Column>
<Column name="SHIP_TO_DSC" id="0BE8C45C-AEE0-FEB4-9B6A-23BCE3227593">
<sourceConnName>Global_11r21</sourceConnName>
<sourceObjSchema>CUST_ACCOUNT</sourceObjSchema>
<sourceObjName>SHIP_TO_DSC</sourceObjName>
<createdBy>PSTOYANO</createdBy>
<createdTime>2012-12-21 10:24:35 UTC</createdTime>
<ownerDesignName>global11_demo</ownerDesignName>
<shouldEngineer>false</shouldEngineer>
<importedID>E45520A1-63D2-6F6E-47A2-B80BCBEF24C2</importedID>
<useDomainConstraints>false</useDomainConstraints>
<use>1</use>
<logicalDatatype>LOGDT024</logicalDatatype>
<dataTypeSize>30 BYTE</dataTypeSize>
<autoIncrementCycle>false</autoIncrementCycle>
</Column>
<Column name="SHIP_TO_DSC_FRENCH" id="F078474D-59EF-0488-62F9-66C3ECD21C65">
<sourceConnName>Global_11r21</sourceConnName>
<sourceObjSchema>CUST_ACCOUNT</sourceObjSchema>
<sourceObjName>SHIP_TO_DSC_FRENCH</sourceObjName>
<createdBy>PSTOYANO</createdBy>
<createdTime>2012-12-21 10:24:35 UTC</createdTime>
<ownerDesignName>global11_demo</ownerDesignName>
<shouldEngineer>false</shouldEngineer>
<importedID>6B5F5B4F-D1F4-84C0-1476-366592065C8C</importedID>
<nullsAllowed>true</nullsAllowed>
<useDomainConstraints>false</useDomainConstraints>
<use>1</use>
<logicalDatatype>LOGDT024</logicalDatatype>
<dataTypeSize>60 BYTE</dataTypeSize>
<autoIncrementCycle>false</autoIncrementCycle>
</Column>
<Column name="SHIP_TO_DSC_DUTCH" id="C2C98F82-8111-FB60-DCB7-CD89C4DD13EB">
<sourceConnName>Global_11r21</sourceConnName>
<sourceObjSchema>CUST_ACCOUNT</sourceObjSchema>
<sourceObjName>SHIP_TO_DSC_DUTCH</sourceObjName>
<createdBy>PSTOYANO</createdBy>
<createdTime>2012-12-21 10:24:35 UTC</createdTime>
<ownerDesignName>global11_demo</ownerDesignName>
<shouldEngineer>false</shouldEngineer>
<importedID>487B7B5C-E603-EA89-4F2E-2E199754D402</importedID>
<nullsAllowed>true</nullsAllowed>
<useDomainConstraints>false</useDomainConstraints>
<use>1</use>
<logicalDatatype>LOGDT024</logicalDatatype>
<dataTypeSize>60 BYTE</dataTypeSize>
<autoIncrementCycle>false</autoIncrementCycle>
</Column>
<Column name="ACCOUNT_ID" id="4FF8DD46-B172-021A-C0EF-D0543601CBE4">
<sourceConnName>Global_11r21</sourceConnName>
<sourceObjSchema>CUST_ACCOUNT</sourceObjSchema>
<sourceObjName>ACCOUNT_ID</sourceObjName>
<createdBy>PSTOYANO</createdBy>
<createdTime>2012-12-21 10:24:35 UTC</createdTime>
<ownerDesignName>global11_demo</ownerDesignName>
<shouldEngineer>false</shouldEngineer>
<importedID>2E27ADFF-30DB-1368-A152-F1ECB74DD874</importedID>
<nullsAllowed>true</nullsAllowed>
<useDomainConstraints>false</useDomainConstraints>
<use>1</use>
<logicalDatatype>LOGDT024</logicalDatatype>
<dataTypeSize>12 BYTE</dataTypeSize>
<autoIncrementCycle>false</autoIncrementCycle>
</Column>
<Column name="FIRSTNAME" id="F34645E6-2852-8771-B85B-ADB33282EC8A">
<sourceConnName>Global_11r21</sourceConnName>
<sourceObjSchema>CUST_ACCOUNT</sourceObjSchema>
<sourceObjName>FIRSTNAME</sourceObjName>
<createdBy>PSTOYANO</createdBy>
<createdTime>2012-12-21 10:24:35 UTC</createdTime>
<ownerDesignName>global11_demo</ownerDesignName>
<shouldEngineer>false</shouldEngineer>
<importedID>0F0FA1CC-A01F-8C0C-DFEF-F9223619F531</importedID>
<nullsAllowed>true</nullsAllowed>
<useDomainConstraints>false</useDomainConstraints>
<use>1</use>
<logicalDatatype>LOGDT024</logicalDatatype>
<dataTypeSize>30 BYTE</dataTypeSize>
<autoIncrementCycle>false</autoIncrementCycle>
</Column>
<Column name="LASTNAME" id="542F70E2-EFF2-E2E7-80F4-FE6D58E2368A">
<sourceConnName>Global_11r21</sourceConnName>
<sourceObjSchema>CUST_ACCOUNT</sourceObjSchema>
<sourceObjName>LASTNAME</sourceObjName>
<createdBy>PSTOYANO</createdBy>
<createdTime>2012-12-21 10:24:35 UTC</createdTime>
<ownerDesignName>global11_demo</ownerDesignName>
<shouldEngineer>false</shouldEngineer>
<importedID>601BCE0F-7F4B-79A6-A164-B98B70DD0E15</importedID>
<nullsAllowed>true</nullsAllowed>
<useDomainConstraints>false</useDomainConstraints>
<use>1</use>
<logicalDatatype>LOGDT024</logicalDatatype>
<dataTypeSize>30 BYTE</dataTypeSize>
<autoIncrementCycle>false</autoIncrementCycle>
</Column>
<Column name="ADDRESS" id="448E09DE-C97A-2266-3C11-294CCCECDCBD">
<sourceConnName>Global_11r21</sourceConnName>
<sourceObjSchema>CUST_ACCOUNT</sourceObjSchema>
<sourceObjName>ADDRESS</sourceObjName>
<createdBy>PSTOYANO</createdBy>
<createdTime>2012-12-21 10:24:35 UTC</createdTime>
<ownerDesignName>global11_demo</ownerDesignName>
<shouldEngineer>false</shouldEngineer>
<importedID>354132D5-483A-95F1-C0EA-0D3287F9EC87</importedID>
<nullsAllowed>true</nullsAllowed>
<useDomainConstraints>false</useDomainConstraints>
<use>1</use>
<logicalDatatype>LOGDT024</logicalDatatype>
<dataTypeSize>40 BYTE</dataTypeSize>
<autoIncrementCycle>false</autoIncrementCycle>
</Column>
<Column name="ADDRESS2" id="CB1BB9B8-66AA-091D-E78B-C9ADC6B9FBB0">
<sourceConnName>Global_11r21</sourceConnName>
<sourceObjSchema>CUST_ACCOUNT</sourceObjSchema>
<sourceObjName>ADDRESS2</sourceObjName>
<createdBy>PSTOYANO</createdBy>
<createdTime>2012-12-21 10:24:35 UTC</createdTime>
<ownerDesignName>global11_demo</ownerDesignName>
<shouldEngineer>false</shouldEngineer>
<importedID>A5E3D175-1654-2E88-AF23-A275E18987D2</importedID>
<nullsAllowed>true</nullsAllowed>
<useDomainConstraints>false</useDomainConstraints>
<use>1</use>
<logicalDatatype>LOGDT024</logicalDatatype>
<dataTypeSize>40 BYTE</dataTypeSize>
<autoIncrementCycle>false</autoIncrementCycle>
</Column>
<Column name="CITY" id="88E491A2-5758-F78C-E967-69E53660856F">
<sourceConnName>Global_11r21</sourceConnName>
<sourceObjSchema>CUST_ACCOUNT</sourceObjSchema>
<sourceObjName>CITY</sourceObjName>
<createdBy>PSTOYANO</createdBy>
<createdTime>2012-12-21 10:24:35 UTC</createdTime>
<ownerDesignName>global11_demo</ownerDesignName>
<shouldEngineer>false</shouldEngineer>
<importedID>2E31CF74-5816-E478-5278-5C9859020E9E</importedID>
<nullsAllowed>true</nullsAllowed>
<useDomainConstraints>false</useDomainConstraints>
<use>1</use>
<logicalDatatype>LOGDT024</logicalDatatype>
<dataTypeSize>30 BYTE</dataTypeSize>
<autoIncrementCycle>false</autoIncrementCycle>
</Column>
<Column name="COUNTRY" id="3CE3CA16-6EDD-28F3-E851-7CD5380F83BD">
<sourceConnName>Global_11r21</sourceConnName>
<sourceObjSchema>CUST_ACCOUNT</sourceObjSchema>
<sourceObjName>COUNTRY</sourceObjName>
<createdBy>PSTOYANO</createdBy>
<createdTime>2012-12-21 10:24:35 UTC</createdTime>
<ownerDesignName>global11_demo</ownerDesignName>
<shouldEngineer>false</shouldEngineer>
<importedID>B6563936-B674-101E-B199-E12CBF6EF1F5</importedID>
<nullsAllowed>true</nullsAllowed>
<useDomainConstraints>false</useDomainConstraints>
<use>1</use>
<logicalDatatype>LOGDT024</logicalDatatype>
<dataTypeSize>30 BYTE</dataTypeSize>
<autoIncrementCycle>false</autoIncrementCycle>
</Column>
<Column name="ZIP_PC" id="28C140E5-8F8E-10EF-3B4E-84567785102C">
<sourceConnName>Global_11r21</sourceConnName>
<sourceObjSchema>CUST_ACCOUNT</sourceObjSchema>
<sourceObjName>ZIP_PC</sourceObjName>
<createdBy>PSTOYANO</createdBy>
<createdTime>2012-12-21 10:24:35 UTC</createdTime>
<ownerDesignName>global11_demo</ownerDesignName>
<shouldEngineer>false</shouldEngineer>
<importedID>51B34B08-8E07-2EED-E9A8-80825478716E</importedID>
<nullsAllowed>true</nullsAllowed>
<useDomainConstraints>false</useDomainConstraints>
<use>1</use>
<logicalDatatype>LOGDT024</logicalDatatype>
<dataTypeSize>15 BYTE</dataTypeSize>
<autoIncrementCycle>false</autoIncrementCycle>
</Column>
<Column name="PHONE" id="E7441BCA-2420-04B5-3AA7-CC46AE892680">
<sourceConnName>Global_11r21</sourceConnName>
<sourceObjSchema>CUST_ACCOUNT</sourceObjSchema>
<sourceObjName>PHONE</sourceObjName>
<createdBy>PSTOYANO</createdBy>
<createdTime>2012-12-21 10:24:35 UTC</createdTime>
<ownerDesignName>global11_demo</ownerDesignName>
<shouldEngineer>false</shouldEngineer>
<importedID>28D19CC7-C93A-FA4C-DBA0-D326F640EEBE</importedID>
<nullsAllowed>true</nullsAllowed>
<useDomainConstraints>false</useDomainConstraints>
<use>1</use>
<logicalDatatype>LOGDT024</logicalDatatype>
<dataTypeSize>20 BYTE</dataTypeSize>
<autoIncrementCycle>false</autoIncrementCycle>
</Column>
<Column name="FAX" id="0E88C289-E1D7-13A3-DA29-F32380943A77">
<sourceConnName>Global_11r21</sourceConnName>
<sourceObjSchema>CUST_ACCOUNT</sourceObjSchema>
<sourceObjName>FAX</sourceObjName>
<createdBy>PSTOYANO</createdBy>
<createdTime>2012-12-21 10:24:35 UTC</createdTime>
<ownerDesignName>global11_demo</ownerDesignName>
<shouldEngineer>false</shouldEngineer>
<importedID>CEDA2C50-1EF5-F78B-1C7C-575244662D34</importedID>
<nullsAllowed>true</nullsAllowed>
<useDomainConstraints>false</useDomainConstraints>
<use>1</use>
<logicalDatatype>LOGDT024</logicalDatatype>
<dataTypeSize>20 BYTE</dataTypeSize>
<autoIncrementCycle>false</autoIncrementCycle>
</Column>
<Column name="EMAIL" id="596375CB-7161-079D-B6E2-C3FC557CF79A">
<sourceConnName>Global_11r21</sourceConnName>
<sourceObjSchema>CUST_ACCOUNT</sourceObjSchema>
<sourceObjName>EMAIL</sourceObjName>
<createdBy>PSTOYANO</createdBy>
<createdTime>2012-12-21 10:24:35 UTC</createdTime>
<ownerDesignName>global11_demo</ownerDesignName>
<shouldEngineer>false</shouldEngineer>
<importedID>85C1EC24-5D10-2ADD-6E16-D413E345DAD4</importedID>
<nullsAllowed>true</nullsAllowed>
<useDomainConstraints>false</useDomainConstraints>
<use>1</use>
<logicalDatatype>LOGDT024</logicalDatatype>
<dataTypeSize>30 BYTE</dataTypeSize>
<autoIncrementCycle>false</autoIncrementCycle>
</Column>
</columns>
</Table>