<?xml version = '1.0' encoding = 'UTF-8'?>
<Table class="oracle.dbtools.crest.model.design.relational.Table" directorySegmentName="seg_0" id="E16B4BD7-252B-78FF-3C15-2EA93112ACFD" name="PRICE_FACT">
<sourceConnName>fdb11r1</sourceConnName>
<sourceObjSchema>GLOBAL</sourceObjSchema>
<sourceObjName>PRICE_FACT</sourceObjName>
<createdBy>PSTOYANO</createdBy>
<createdTime>2012-12-12 05:01:48 UTC</createdTime>
<ownerDesignName>global11_demo</ownerDesignName>
<shouldEngineer>false</shouldEngineer>
<schemaObject>CB09B4D8-CB63-32D4-4C34-A7CAF9C87F91</schemaObject>
<allowColumnReorder>false</allowColumnReorder>
<existDependencyGenerateInDDl>true</existDependencyGenerateInDDl>
<columns itemClass="oracle.dbtools.crest.model.design.relational.Column">
<Column name="ITEM_ID" id="9D1F3FD2-537C-EC49-A0B1-1F202D57EA28">
<sourceConnName>fdb11r1</sourceConnName>
<sourceObjSchema>PRICE_FACT</sourceObjSchema>
<sourceObjName>ITEM_ID</sourceObjName>
<createdBy>PSTOYANO</createdBy>
<createdTime>2012-12-12 05:01:49 UTC</createdTime>
<ownerDesignName>global11_demo</ownerDesignName>
<shouldEngineer>false</shouldEngineer>
<useDomainConstraints>false</useDomainConstraints>
<use>1</use>
<logicalDatatype>LOGDT024</logicalDatatype>
<dataTypeSize>12 BYTE</dataTypeSize>
<autoIncrementCycle>false</autoIncrementCycle>
</Column>
<Column name="MONTH_ID" id="85DE0357-98A6-B0BB-E87A-A976E5A29821">
<sourceConnName>fdb11r1</sourceConnName>
<sourceObjSchema>PRICE_FACT</sourceObjSchema>
<sourceObjName>MONTH_ID</sourceObjName>
<createdBy>PSTOYANO</createdBy>
<createdTime>2012-12-12 05:01:49 UTC</createdTime>
<ownerDesignName>global11_demo</ownerDesignName>
<shouldEngineer>false</shouldEngineer>
<useDomainConstraints>false</useDomainConstraints>
<use>1</use>
<logicalDatatype>LOGDT024</logicalDatatype>
<dataTypeSize>7 BYTE</dataTypeSize>
<autoIncrementCycle>false</autoIncrementCycle>
</Column>
<Column name="UNIT_PRICE" id="A3A4EB7A-D768-FB41-DB78-25441B26E8B0">
<sourceConnName>fdb11r1</sourceConnName>
<sourceObjSchema>PRICE_FACT</sourceObjSchema>
<sourceObjName>UNIT_PRICE</sourceObjName>
<createdBy>PSTOYANO</createdBy>
<createdTime>2012-12-12 05:01:49 UTC</createdTime>
<ownerDesignName>global11_demo</ownerDesignName>
<shouldEngineer>false</shouldEngineer>
<nullsAllowed>true</nullsAllowed>
<useDomainConstraints>false</useDomainConstraints>
<use>1</use>
<logicalDatatype>LOGDT019</logicalDatatype>
<dataTypeSize>22</dataTypeSize>
<autoIncrementCycle>false</autoIncrementCycle>
</Column>
<Column name="UNIT_COST" id="2F740FA9-71A1-007B-C5AA-0C617887D573">
<sourceConnName>fdb11r1</sourceConnName>
<sourceObjSchema>PRICE_FACT</sourceObjSchema>
<sourceObjName>UNIT_COST</sourceObjName>
<createdBy>PSTOYANO</createdBy>
<createdTime>2012-12-12 05:01:49 UTC</createdTime>
<ownerDesignName>global11_demo</ownerDesignName>
<shouldEngineer>false</shouldEngineer>
<nullsAllowed>true</nullsAllowed>
<useDomainConstraints>false</useDomainConstraints>
<use>1</use>
<logicalDatatype>LOGDT019</logicalDatatype>
<dataTypeSize>22</dataTypeSize>
<autoIncrementCycle>false</autoIncrementCycle>
</Column>
</columns>
</Table>