<?xml version = '1.0' encoding = 'UTF-8'?>
<Table class="oracle.dbtools.crest.model.design.relational.Table" directorySegmentName="seg_0" id="EA084DBB-8975-4C53-065C-E6A90A1664A2" name="CHANNEL_DIM">
<sourceConnName>fdb11r1</sourceConnName>
<sourceObjSchema>GLOBAL</sourceObjSchema>
<sourceObjName>CHANNEL_DIM</sourceObjName>
<createdBy>PSTOYANO</createdBy>
<createdTime>2012-12-12 05:01:48 UTC</createdTime>
<ownerDesignName>global11_demo</ownerDesignName>
<shouldEngineer>false</shouldEngineer>
<schemaObject>CB09B4D8-CB63-32D4-4C34-A7CAF9C87F91</schemaObject>
<allowColumnReorder>false</allowColumnReorder>
<existDependencyGenerateInDDl>true</existDependencyGenerateInDDl>
<columns itemClass="oracle.dbtools.crest.model.design.relational.Column">
<Column name="CHANNEL_ID" id="689D417B-587F-D4C6-4330-FE45D1996770">
<sourceConnName>fdb11r1</sourceConnName>
<sourceObjSchema>CHANNEL_DIM</sourceObjSchema>
<sourceObjName>CHANNEL_ID</sourceObjName>
<createdBy>PSTOYANO</createdBy>
<createdTime>2012-12-12 05:01:49 UTC</createdTime>
<ownerDesignName>global11_demo</ownerDesignName>
<shouldEngineer>false</shouldEngineer>
<useDomainConstraints>false</useDomainConstraints>
<use>1</use>
<logicalDatatype>LOGDT024</logicalDatatype>
<dataTypeSize>3 BYTE</dataTypeSize>
<autoIncrementCycle>false</autoIncrementCycle>
</Column>
<Column name="CHANNEL_DSC" id="F974CFD5-BCCA-CC41-5A1E-EB16CEB311DD">
<sourceConnName>fdb11r1</sourceConnName>
<sourceObjSchema>CHANNEL_DIM</sourceObjSchema>
<sourceObjName>CHANNEL_DSC</sourceObjName>
<createdBy>PSTOYANO</createdBy>
<createdTime>2012-12-12 05:01:49 UTC</createdTime>
<ownerDesignName>global11_demo</ownerDesignName>
<shouldEngineer>false</shouldEngineer>
<useDomainConstraints>false</useDomainConstraints>
<use>1</use>
<logicalDatatype>LOGDT024</logicalDatatype>
<dataTypeSize>15 BYTE</dataTypeSize>
<autoIncrementCycle>false</autoIncrementCycle>
</Column>
<Column name="CHANNEL_DSC_FRENCH" id="627B455C-13F4-6271-0108-834ED8844E12">
<sourceConnName>fdb11r1</sourceConnName>
<sourceObjSchema>CHANNEL_DIM</sourceObjSchema>
<sourceObjName>CHANNEL_DSC_FRENCH</sourceObjName>
<createdBy>PSTOYANO</createdBy>
<createdTime>2012-12-12 05:01:49 UTC</createdTime>
<ownerDesignName>global11_demo</ownerDesignName>
<shouldEngineer>false</shouldEngineer>
<nullsAllowed>true</nullsAllowed>
<useDomainConstraints>false</useDomainConstraints>
<use>1</use>
<logicalDatatype>LOGDT024</logicalDatatype>
<dataTypeSize>20 BYTE</dataTypeSize>
<autoIncrementCycle>false</autoIncrementCycle>
</Column>
<Column name="CHANNEL_DSC_DUTCH" id="BABF67D6-1387-5CBC-8458-7AB34C355B8C">
<sourceConnName>fdb11r1</sourceConnName>
<sourceObjSchema>CHANNEL_DIM</sourceObjSchema>
<sourceObjName>CHANNEL_DSC_DUTCH</sourceObjName>
<createdBy>PSTOYANO</createdBy>
<createdTime>2012-12-12 05:01:49 UTC</createdTime>
<ownerDesignName>global11_demo</ownerDesignName>
<shouldEngineer>false</shouldEngineer>
<nullsAllowed>true</nullsAllowed>
<useDomainConstraints>false</useDomainConstraints>
<use>1</use>
<logicalDatatype>LOGDT024</logicalDatatype>
<dataTypeSize>20 BYTE</dataTypeSize>
<autoIncrementCycle>false</autoIncrementCycle>
</Column>
<Column name="TOTAL_ID" id="1860DFDB-3EF1-9AAC-2328-28CA53777AC9">
<sourceConnName>fdb11r1</sourceConnName>
<sourceObjSchema>CHANNEL_DIM</sourceObjSchema>
<sourceObjName>TOTAL_ID</sourceObjName>
<createdBy>PSTOYANO</createdBy>
<createdTime>2012-12-12 05:01:49 UTC</createdTime>
<ownerDesignName>global11_demo</ownerDesignName>
<shouldEngineer>false</shouldEngineer>
<useDomainConstraints>false</useDomainConstraints>
<use>1</use>
<logicalDatatype>LOGDT024</logicalDatatype>
<dataTypeSize>40 BYTE</dataTypeSize>
<autoIncrementCycle>false</autoIncrementCycle>
</Column>
<Column name="TOTAL_DSC" id="22D46DF4-F476-BC78-0961-420314C3B1C0">
<sourceConnName>fdb11r1</sourceConnName>
<sourceObjSchema>CHANNEL_DIM</sourceObjSchema>
<sourceObjName>TOTAL_DSC</sourceObjName>
<createdBy>PSTOYANO</createdBy>
<createdTime>2012-12-12 05:01:49 UTC</createdTime>
<ownerDesignName>global11_demo</ownerDesignName>
<shouldEngineer>false</shouldEngineer>
<useDomainConstraints>false</useDomainConstraints>
<use>1</use>
<logicalDatatype>LOGDT024</logicalDatatype>
<dataTypeSize>15 BYTE</dataTypeSize>
<autoIncrementCycle>false</autoIncrementCycle>
</Column>
<Column name="TOTAL_DSC_FRENCH" id="1B3D641E-3F38-C492-C0A6-3730B647D3AB">
<sourceConnName>fdb11r1</sourceConnName>
<sourceObjSchema>CHANNEL_DIM</sourceObjSchema>
<sourceObjName>TOTAL_DSC_FRENCH</sourceObjName>
<createdBy>PSTOYANO</createdBy>
<createdTime>2012-12-12 05:01:49 UTC</createdTime>
<ownerDesignName>global11_demo</ownerDesignName>
<shouldEngineer>false</shouldEngineer>
<nullsAllowed>true</nullsAllowed>
<useDomainConstraints>false</useDomainConstraints>
<use>1</use>
<logicalDatatype>LOGDT024</logicalDatatype>
<dataTypeSize>20 BYTE</dataTypeSize>
<autoIncrementCycle>false</autoIncrementCycle>
</Column>
<Column name="TOTAL_DSC_DUTCH" id="023078A3-C825-F9D9-E0F5-BC387F70AFC9">
<sourceConnName>fdb11r1</sourceConnName>
<sourceObjSchema>CHANNEL_DIM</sourceObjSchema>
<sourceObjName>TOTAL_DSC_DUTCH</sourceObjName>
<createdBy>PSTOYANO</createdBy>
<createdTime>2012-12-12 05:01:49 UTC</createdTime>
<ownerDesignName>global11_demo</ownerDesignName>
<shouldEngineer>false</shouldEngineer>
<nullsAllowed>true</nullsAllowed>
<useDomainConstraints>false</useDomainConstraints>
<use>1</use>
<logicalDatatype>LOGDT024</logicalDatatype>
<dataTypeSize>20 BYTE</dataTypeSize>
<autoIncrementCycle>false</autoIncrementCycle>
</Column>
</columns>
<indexes itemClass="oracle.dbtools.crest.model.design.relational.Index">
<ind_PK_UK id="FB66F695-8E95-9376-7BC5-89F9CA1E2AB0" name="CHANNEL_DIM_PK">
<sourceConnName>fdb11r1</sourceConnName>
<sourceObjSchema>GLOBAL</sourceObjSchema>
<sourceObjName>CHANNEL_DIM_PK</sourceObjName>
<createdBy>PSTOYANO</createdBy>
<createdTime>2012-12-12 05:01:49 UTC</createdTime>
<ownerDesignName>global11_demo</ownerDesignName>
<shouldEngineer>false</shouldEngineer>
<pk>true</pk>
<indexState>Primary Constraint</indexState>
<isSurrogateKey>false</isSurrogateKey>
<indexColumnUsage>
<colUsage columnID="689D417B-587F-D4C6-4330-FE45D1996770"/>
</indexColumnUsage>
</ind_PK_UK>
<ind_PK_UK id="E88D5333-C64B-65E5-C784-FFA84C5C5426" name="CHANNEL_DIM_PK">
<sourceConnName>fdb11r1</sourceConnName>
<sourceObjSchema>GLOBAL</sourceObjSchema>
<sourceObjName>CHANNEL_DIM_PK</sourceObjName>
<createdBy>PSTOYANO</createdBy>
<createdTime>2012-12-12 05:01:49 UTC</createdTime>
<ownerDesignName>global11_demo</ownerDesignName>
<indexState>Unique Plain Index</indexState>
<schemaObject>CB09B4D8-CB63-32D4-4C34-A7CAF9C87F91</schemaObject>
<isSurrogateKey>false</isSurrogateKey>
<indexColumnUsage>
<colUsage columnID="689D417B-587F-D4C6-4330-FE45D1996770"/>
</indexColumnUsage>
</ind_PK_UK>
</indexes>
</Table>