<?xml version = '1.0' encoding = 'UTF-8'?>
<Diagram class="oracle.dbtools.crest.swingui.logical.DPVLogical" name="Logical" id="3B247620-3340-E2CF-4B26-29E54BB02C90">
<createdBy>PSTOYANO</createdBy>
<createdTime>2012-12-12 05:03:22 UTC</createdTime>
<autoRoute>false</autoRoute>
<boxInbox>true</boxInbox>
<showLegend>false</showLegend>
<showLabels>false</showLabels>
<showRelAttributes>false</showRelAttributes>
<showGrid>false</showGrid>
<diagramColor>-1</diagramColor>
<display>false</display>
<notation>1</notation>
<objectViews>
<OView class="oracle.dbtools.crest.swingui.logical.TVEntity" oid="2FD0D1B1-C565-5B16-29D3-37AE9A1AB88C" otype="Entity" vid="B2A4EC77-7691-FB31-F25B-7C490A7B5775">
<hideElementsInCurrentOnly>false</hideElementsInCurrentOnly>
<bounds x="20" y="300" width="334" height="754"/>
</OView>
<OView class="oracle.dbtools.crest.swingui.logical.TVEntity" oid="3ABD8059-38A1-D701-DE66-4FA8776F1C06" otype="Entity" vid="FF9B5577-51A7-F6D1-AE4C-EA9998E20411">
<hideElementsInCurrentOnly>false</hideElementsInCurrentOnly>
<bounds x="653" y="622" width="323" height="483"/>
</OView>
<OView class="oracle.dbtools.crest.swingui.logical.TVEntity" oid="61059591-E00D-F325-75BD-1580E94E5E84" otype="Entity" vid="268EA92B-FAE3-30C5-9A2D-BDADD4135331">
<hideElementsInCurrentOnly>false</hideElementsInCurrentOnly>
<bounds x="438" y="324" width="357" height="220"/>
</OView>
<OView class="oracle.dbtools.crest.swingui.logical.TVEntity" oid="7A2F2250-433C-4C6D-6708-C88BD60D09AA" otype="Entity" vid="2B72067E-C388-2E04-2450-01A100A72044">
<hideElementsInCurrentOnly>false</hideElementsInCurrentOnly>
<bounds x="1011" y="144" width="299" height="371"/>
</OView>
<OView class="oracle.dbtools.crest.swingui.logical.TVEntity" oid="7B528DC6-F847-F044-70FF-1E7C1E2CE4CB" otype="Entity" vid="12B2199B-7E30-80A2-1069-39876AA0AD59">
<hideElementsInCurrentOnly>false</hideElementsInCurrentOnly>
<bounds x="1086" y="885" width="217" height="205"/>
</OView>
<OView class="oracle.dbtools.crest.swingui.logical.TVEntity" oid="7BCDF19D-06A5-B334-993F-909A41F5CEE0" otype="Entity" vid="0DA8F1A6-0C92-0CEA-720A-ABC4CE73648F">
<hideElementsInCurrentOnly>false</hideElementsInCurrentOnly>
<bounds x="561" y="1266" width="268" height="250"/>
</OView>
<OView class="oracle.dbtools.crest.swingui.logical.TVEntity" oid="828DEB76-0E3C-716F-BC6C-4517702FE2AF" otype="Entity" vid="69CBA310-A3D3-514D-DEDC-43E6A694A493">
<hideElementsInCurrentOnly>false</hideElementsInCurrentOnly>
<bounds x="832" y="1136" width="269" height="115"/>
</OView>
<OView class="oracle.dbtools.crest.swingui.logical.TVEntity" oid="9B0FB279-0E43-18D3-9009-32CB750CC625" otype="Entity" vid="E61D96E1-DB2F-946A-B390-5832F0E55EC7">
<hideElementsInCurrentOnly>false</hideElementsInCurrentOnly>
<bounds x="457" y="20" width="273" height="179"/>
</OView>
<OView class="oracle.dbtools.crest.swingui.logical.TVEntity" oid="A382B39F-A16F-DCB6-6420-16020AED5143" otype="Entity" vid="701C5A7B-344A-B337-996F-8F8BEFFDF6E5">
<hideElementsInCurrentOnly>false</hideElementsInCurrentOnly>
<bounds x="415" y="1139" width="210" height="85"/>
</OView>
</objectViews>
<connectors>
<Connector class="oracle.dbtools.crest.swingui.logical.TVRelation" oid="268883F0-F13A-AA66-A4C8-3BBE927A5251" otype="Relation" vid_source="FF9B5577-51A7-F6D1-AE4C-EA9998E20411" vid_target="268EA92B-FAE3-30C5-9A2D-BDADD4135331">
<hideElementsInCurrentOnly>false</hideElementsInCurrentOnly>
<lineWidth>1</lineWidth>
<points>
<point x="734" y="622"/>
<point x="734" y="544"/>
</points>
</Connector>
<Connector class="oracle.dbtools.crest.swingui.logical.TVRelation" oid="4BAF4E38-5C83-6404-4F31-EDE95EB024EC" otype="Relation" vid_source="B2A4EC77-7691-FB31-F25B-7C490A7B5775" vid_target="268EA92B-FAE3-30C5-9A2D-BDADD4135331">
<hideElementsInCurrentOnly>false</hideElementsInCurrentOnly>
<lineWidth>1</lineWidth>
<points>
<point x="354" y="444"/>
<point x="438" y="444"/>
</points>
</Connector>
<Connector class="oracle.dbtools.crest.swingui.logical.TVRelation" oid="54BAFD65-376C-DE62-D143-C536F4DFE52B" otype="Relation" vid_source="E61D96E1-DB2F-946A-B390-5832F0E55EC7" vid_target="268EA92B-FAE3-30C5-9A2D-BDADD4135331">
<hideElementsInCurrentOnly>false</hideElementsInCurrentOnly>
<lineWidth>1</lineWidth>
<points>
<point x="603" y="199"/>
<point x="603" y="324"/>
</points>
</Connector>
<Connector class="oracle.dbtools.crest.swingui.logical.TVRelation" oid="8D6E09A3-F03A-941C-72FA-B5D962DFC47B" otype="Relation" vid_source="2B72067E-C388-2E04-2450-01A100A72044" vid_target="268EA92B-FAE3-30C5-9A2D-BDADD4135331">
<hideElementsInCurrentOnly>false</hideElementsInCurrentOnly>
<lineWidth>1</lineWidth>
<points>
<point x="1011" y="429"/>
<point x="795" y="429"/>
</points>
</Connector>
</connectors>
</Diagram>