<?xml version = '1.0' encoding = 'UTF-8'?>
<Relation class="oracle.dbtools.crest.model.design.logical.Relation" name="UNITS_FACT_FK_3" directorySegmentName="seg_0" id="268883F0-F13A-AA66-A4C8-3BBE927A5251">
<createdBy>PSTOYANO</createdBy>
<createdTime>2012-12-12 05:11:01 UTC</createdTime>
<generatorID>DFB59558-E942-8CAD-6934-20C6BC289B52</generatorID>
<ownerDesignName>global11_demo</ownerDesignName>
<engineerTo>
<item key="79F86B88-E904-D333-7DC6-8EB59E540524" value="true"/>
</engineerTo>
<sourcePk>141671C2-BCA0-8C1C-B9BB-9260B6985FF8</sourcePk>
<identifying>true</identifying>
<optionalSource>true</optionalSource>
<optionalTarget>false</optionalTarget>
<sourceCardinality>1</sourceCardinality>
<sourceEntity>3ABD8059-38A1-D701-DE66-4FA8776F1C06</sourceEntity>
<targetCardinalityString>*</targetCardinalityString>
<targetEntity>61059591-E00D-F325-75BD-1580E94E5E84</targetEntity>
<transferable>true</transferable>
<deleteRule>NO ACTION</deleteRule>
</Relation>