<?xml version = '1.0' encoding = 'UTF-8'?>
<Relation class="oracle.dbtools.crest.model.design.logical.Relation" name="UNITS_FACT_FK_1" directorySegmentName="seg_0" id="4BAF4E38-5C83-6404-4F31-EDE95EB024EC">
<createdBy>PSTOYANO</createdBy>
<createdTime>2012-12-12 05:11:01 UTC</createdTime>
<generatorID>1399E3B0-4D38-C398-B583-61FA2F779EF5</generatorID>
<ownerDesignName>global11_demo</ownerDesignName>
<engineerTo>
<item key="79F86B88-E904-D333-7DC6-8EB59E540524" value="true"/>
</engineerTo>
<sourcePk>BCAF3F3A-98BF-00D8-12A6-9F638A6604CA</sourcePk>
<identifying>true</identifying>
<optionalSource>true</optionalSource>
<optionalTarget>false</optionalTarget>
<sourceCardinality>1</sourceCardinality>
<sourceEntity>2FD0D1B1-C565-5B16-29D3-37AE9A1AB88C</sourceEntity>
<targetCardinalityString>*</targetCardinalityString>
<targetEntity>61059591-E00D-F325-75BD-1580E94E5E84</targetEntity>
<transferable>true</transferable>
<deleteRule>NO ACTION</deleteRule>
</Relation>