<?xml version = '1.0' encoding = 'UTF-8'?>
<Relation class="oracle.dbtools.crest.model.design.logical.Relation" name="UNITS_FACT_FK_4" directorySegmentName="seg_0" id="54BAFD65-376C-DE62-D143-C536F4DFE52B">
<createdBy>PSTOYANO</createdBy>
<createdTime>2012-12-12 05:11:01 UTC</createdTime>
<generatorID>B59074C9-09BD-5F5D-5DFC-7BBDAB5495D8</generatorID>
<ownerDesignName>global11_demo</ownerDesignName>
<engineerTo>
<item key="79F86B88-E904-D333-7DC6-8EB59E540524" value="true"/>
</engineerTo>
<sourcePk>0AD26B2A-BDDA-4F93-4113-2011BF954C4A</sourcePk>
<identifying>true</identifying>
<optionalSource>true</optionalSource>
<optionalTarget>false</optionalTarget>
<sourceCardinality>1</sourceCardinality>
<sourceEntity>9B0FB279-0E43-18D3-9009-32CB750CC625</sourceEntity>
<targetCardinalityString>*</targetCardinalityString>
<targetEntity>61059591-E00D-F325-75BD-1580E94E5E84</targetEntity>
<transferable>true</transferable>
<deleteRule>NO ACTION</deleteRule>
</Relation>