<?xml version = '1.0' encoding = 'UTF-8'?>
<Relation class="oracle.dbtools.crest.model.design.logical.Relation" name="UNITS_FACT_FK_2" directorySegmentName="seg_0" id="8D6E09A3-F03A-941C-72FA-B5D962DFC47B">
<createdBy>PSTOYANO</createdBy>
<createdTime>2012-12-12 05:11:01 UTC</createdTime>
<generatorID>7B3C87E6-5592-A8E0-0225-2662E4320820</generatorID>
<ownerDesignName>global11_demo</ownerDesignName>
<engineerTo>
<item key="79F86B88-E904-D333-7DC6-8EB59E540524" value="true"/>
</engineerTo>
<sourcePk>96CD19C7-A271-C418-DD8B-ADB1BD1EEB97</sourcePk>
<identifying>true</identifying>
<optionalSource>true</optionalSource>
<optionalTarget>false</optionalTarget>
<sourceCardinality>1</sourceCardinality>
<sourceEntity>7A2F2250-433C-4C6D-6708-C88BD60D09AA</sourceEntity>
<targetCardinalityString>*</targetCardinalityString>
<targetEntity>61059591-E00D-F325-75BD-1580E94E5E84</targetEntity>
<transferable>true</transferable>
<deleteRule>NO ACTION</deleteRule>
</Relation>