<?xml version = '1.0' encoding = 'UTF-8'?>
<RollupLink class="oracle.dbtools.crest.model.design.multidimensional.RollupLink" name="RollupLink_40" directorySegmentName="seg_0" id="16744E60-F199-646B-156F-220F61E0B0E0">
<createdBy>PSTOYANO</createdBy>
<createdTime>2013-01-09 09:16:00 UTC</createdTime>
<ownerDesignName>global11_demo</ownerDesignName>
<nameInOracleAW>ROLLUPLINK_40</nameInOracleAW>
<childLevel>A6F13826-F8E6-2CF9-BBBD-57B8590F6868</childLevel>
<defaultAggregationOperator>SUM</defaultAggregationOperator>
<parentLevel>6AA759DC-2F77-FD5D-038E-5D5ABA4169B7</parentLevel>
<rolePlaying>false</rolePlaying>
<sparseDimension>false</sparseDimension>
<link class="oracle.dbtools.crest.model.design.multidimensional.Link" name="Link_40" id="3B54092C-BF06-1BCF-F801-C2E04BF62BB0">
<createdBy>PSTOYANO</createdBy>
<createdTime>2013-01-09 09:16:00 UTC</createdTime>
<ownerDesignName>global11</ownerDesignName>
<nameInOracleAW>LINK_40</nameInOracleAW>
<rollupLink>16744E60-F199-646B-156F-220F61E0B0E0</rollupLink>
<sourceMDObject>A6F13826-F8E6-2CF9-BBBD-57B8590F6868</sourceMDObject>
<targetMDObject>6AA759DC-2F77-FD5D-038E-5D5ABA4169B7</targetMDObject>
</link>
</RollupLink>