<?xml version = '1.0' encoding = 'UTF-8'?>
<RollupLink class="oracle.dbtools.crest.model.design.multidimensional.RollupLink" name="RollupLink_19" directorySegmentName="seg_0" id="191402F4-8918-F686-35A6-E452E82E374A">
<createdBy>PSTOYANO</createdBy>
<createdTime>2012-12-18 15:15:54 UTC</createdTime>
<ownerDesignName>global11_demo</ownerDesignName>
<nameInOracleAW>ROLLUPLINK_19</nameInOracleAW>
<childLevel>136FDFF4-79C2-A7C4-F1D5-3B7A2C3E72AC</childLevel>
<defaultAggregationOperator>SUM</defaultAggregationOperator>
<parentLevel>2934810D-BAE4-B5A0-6D40-A13BA605E31A</parentLevel>
<rolePlaying>false</rolePlaying>
<sparseDimension>false</sparseDimension>
<link class="oracle.dbtools.crest.model.design.multidimensional.Link" name="Link_19" id="4D5E35EC-D6C8-0A9B-BD31-422AE5BC2ED5">
<createdBy>PSTOYANO</createdBy>
<createdTime>2012-12-18 15:15:54 UTC</createdTime>
<ownerDesignName>global11</ownerDesignName>
<nameInOracleAW>LINK_19</nameInOracleAW>
<rollupLink>191402F4-8918-F686-35A6-E452E82E374A</rollupLink>
<sourceMDObject>136FDFF4-79C2-A7C4-F1D5-3B7A2C3E72AC</sourceMDObject>
<targetMDObject>2934810D-BAE4-B5A0-6D40-A13BA605E31A</targetMDObject>
</link>
</RollupLink>