<?xml version = '1.0' encoding = 'UTF-8'?>
<RollupLink class="oracle.dbtools.crest.model.design.multidimensional.RollupLink" name="RollupLink_41" directorySegmentName="seg_0" id="21EC6F0A-360F-0F25-8155-9E07EEB9990B">
<createdBy>PSTOYANO</createdBy>
<createdTime>2013-01-09 09:16:03 UTC</createdTime>
<ownerDesignName>global11_demo</ownerDesignName>
<nameInOracleAW>ROLLUPLINK_41</nameInOracleAW>
<childLevel>48B0E33F-732B-4134-7AD8-36EA93D51055</childLevel>
<defaultAggregationOperator>SUM</defaultAggregationOperator>
<parentLevel>8C62AF9A-00EF-D530-4547-2658DE377ED0</parentLevel>
<rolePlaying>false</rolePlaying>
<sparseDimension>false</sparseDimension>
<link class="oracle.dbtools.crest.model.design.multidimensional.Link" name="Link_41" id="A85A53A3-5BCB-3810-3BA1-8BD9C48BF780">
<createdBy>PSTOYANO</createdBy>
<createdTime>2013-01-09 09:16:03 UTC</createdTime>
<ownerDesignName>global11</ownerDesignName>
<nameInOracleAW>LINK_41</nameInOracleAW>
<rollupLink>21EC6F0A-360F-0F25-8155-9E07EEB9990B</rollupLink>
<sourceMDObject>48B0E33F-732B-4134-7AD8-36EA93D51055</sourceMDObject>
<targetMDObject>8C62AF9A-00EF-D530-4547-2658DE377ED0</targetMDObject>
</link>
</RollupLink>