<?xml version = '1.0' encoding = 'UTF-8'?>
<RollupLink class="oracle.dbtools.crest.model.design.multidimensional.RollupLink" name="RollupLink_35" directorySegmentName="seg_0" id="27CA655C-2089-936B-FA3F-4CEF75CD2814">
<createdBy>PSTOYANO</createdBy>
<createdTime>2013-01-02 11:54:46 UTC</createdTime>
<ownerDesignName>global11_demo</ownerDesignName>
<nameInOracleAW>ROLLUPLINK_35</nameInOracleAW>
<childLevel>9C40ACAC-E558-DC3C-CB8A-70C9FA32BE3A</childLevel>
<defaultAggregationOperator>SUM</defaultAggregationOperator>
<factEntity>61059591-E00D-F325-75BD-1580E94E5E84</factEntity>
<parentLevel>474BD63F-734D-E47A-B9E8-0A9A4BBA0C12</parentLevel>
<rolePlaying>false</rolePlaying>
<sparseDimension>true</sparseDimension>
<link class="oracle.dbtools.crest.model.design.multidimensional.Link" name="Link_35" id="BBDF1499-AD35-460B-9A12-8D4D4E297754">
<createdBy>PSTOYANO</createdBy>
<createdTime>2013-01-02 11:54:46 UTC</createdTime>
<ownerDesignName>global11</ownerDesignName>
<nameInOracleAW>LINK_35</nameInOracleAW>
<rollupLink>27CA655C-2089-936B-FA3F-4CEF75CD2814</rollupLink>
<sourceMDObject>9C40ACAC-E558-DC3C-CB8A-70C9FA32BE3A</sourceMDObject>
<targetMDObject>474BD63F-734D-E47A-B9E8-0A9A4BBA0C12</targetMDObject>
</link>
<childToParentAttributes>
<joinAttribute>4D2C6CAD-FFD2-08D7-6D60-5959639BAF09</joinAttribute>
</childToParentAttributes>
</RollupLink>