<?xml version = '1.0' encoding = 'UTF-8'?>
<RollupLink class="oracle.dbtools.crest.model.design.multidimensional.RollupLink" name="RollupLink_14" directorySegmentName="seg_0" id="280C37DC-AD8D-184E-355A-099F17E49CCA">
<createdBy>PSTOYANO</createdBy>
<createdTime>2012-12-17 13:12:39 UTC</createdTime>
<ownerDesignName>global11_demo</ownerDesignName>
<nameInOracleAW>ROLLUPLINK_14</nameInOracleAW>
<childLevel>DDF01FA3-0F23-FC47-B316-CBAF1E41B04A</childLevel>
<defaultAggregationOperator>SUM</defaultAggregationOperator>
<parentLevel>E3D172DD-D2A5-85B3-5069-76ACB713BD0F</parentLevel>
<rolePlaying>false</rolePlaying>
<sparseDimension>false</sparseDimension>
<link class="oracle.dbtools.crest.model.design.multidimensional.Link" name="Link_14" id="1C56D5D0-5A37-DCC8-296C-26327011E84B">
<createdBy>PSTOYANO</createdBy>
<createdTime>2012-12-17 13:12:39 UTC</createdTime>
<ownerDesignName>global11</ownerDesignName>
<nameInOracleAW>LINK_14</nameInOracleAW>
<rollupLink>280C37DC-AD8D-184E-355A-099F17E49CCA</rollupLink>
<sourceMDObject>DDF01FA3-0F23-FC47-B316-CBAF1E41B04A</sourceMDObject>
<targetMDObject>E3D172DD-D2A5-85B3-5069-76ACB713BD0F</targetMDObject>
</link>
</RollupLink>