<?xml version = '1.0' encoding = 'UTF-8'?>
<RollupLink class="oracle.dbtools.crest.model.design.multidimensional.RollupLink" name="RollupLink_9" directorySegmentName="seg_0" id="2CAAD60A-8DD3-60DA-3F3F-C33DEF2C01FD">
<createdBy>PSTOYANO</createdBy>
<createdTime>2012-12-17 12:59:06 UTC</createdTime>
<ownerDesignName>global11_demo</ownerDesignName>
<nameInOracleAW>ROLLUPLINK_9</nameInOracleAW>
<childLevel>CAE7C507-927D-7832-24FF-C31AF40409B8</childLevel>
<defaultAggregationOperator>SUM</defaultAggregationOperator>
<parentLevel>8C827BFD-E819-3C24-5073-02F5028DAF38</parentLevel>
<rolePlaying>false</rolePlaying>
<sparseDimension>false</sparseDimension>
<link class="oracle.dbtools.crest.model.design.multidimensional.Link" name="Link_9" id="E1185729-076B-FF9E-F7E0-25C356B55E7B">
<createdBy>PSTOYANO</createdBy>
<createdTime>2012-12-17 12:59:06 UTC</createdTime>
<ownerDesignName>global11</ownerDesignName>
<nameInOracleAW>LINK_9</nameInOracleAW>
<rollupLink>2CAAD60A-8DD3-60DA-3F3F-C33DEF2C01FD</rollupLink>
<sourceMDObject>CAE7C507-927D-7832-24FF-C31AF40409B8</sourceMDObject>
<targetMDObject>8C827BFD-E819-3C24-5073-02F5028DAF38</targetMDObject>
</link>
</RollupLink>