<?xml version = '1.0' encoding = 'UTF-8'?>
<RollupLink class="oracle.dbtools.crest.model.design.multidimensional.RollupLink" name="RollupLink_23" directorySegmentName="seg_0" id="2E4B1898-96ED-39E6-D708-C277D9033947">
<createdBy>PSTOYANO</createdBy>
<createdTime>2012-12-21 10:31:04 UTC</createdTime>
<ownerDesignName>global11_demo</ownerDesignName>
<nameInOracleAW>ROLLUPLINK_23</nameInOracleAW>
<childLevel>88DE3FC8-3264-2BBB-C6EB-5CBB0CAF0711</childLevel>
<defaultAggregationOperator>SUM</defaultAggregationOperator>
<parentLevel>9B3B0499-AADB-E609-A8F0-F8087A3AA761</parentLevel>
<rolePlaying>false</rolePlaying>
<sparseDimension>false</sparseDimension>
<link class="oracle.dbtools.crest.model.design.multidimensional.Link" name="Link_23" id="9FDDB74E-ACA8-E17B-CAE1-D4A9AD5C4D54">
<createdBy>PSTOYANO</createdBy>
<createdTime>2012-12-21 10:31:04 UTC</createdTime>
<ownerDesignName>global11</ownerDesignName>
<nameInOracleAW>LINK_23</nameInOracleAW>
<rollupLink>2E4B1898-96ED-39E6-D708-C277D9033947</rollupLink>
<sourceMDObject>88DE3FC8-3264-2BBB-C6EB-5CBB0CAF0711</sourceMDObject>
<targetMDObject>9B3B0499-AADB-E609-A8F0-F8087A3AA761</targetMDObject>
</link>
</RollupLink>