<?xml version = '1.0' encoding = 'UTF-8'?>
<RollupLink class="oracle.dbtools.crest.model.design.multidimensional.RollupLink" name="RollupLink_39" directorySegmentName="seg_0" id="3E7205D6-BF25-CFED-422D-60F775169DD8">
<createdBy>PSTOYANO</createdBy>
<createdTime>2013-01-09 09:15:58 UTC</createdTime>
<ownerDesignName>global11_demo</ownerDesignName>
<nameInOracleAW>ROLLUPLINK_39</nameInOracleAW>
<childLevel>470612FC-5FC2-9DEA-7CAA-22186162408C</childLevel>
<defaultAggregationOperator>SUM</defaultAggregationOperator>
<parentLevel>A6F13826-F8E6-2CF9-BBBD-57B8590F6868</parentLevel>
<rolePlaying>false</rolePlaying>
<sparseDimension>false</sparseDimension>
<link class="oracle.dbtools.crest.model.design.multidimensional.Link" name="Link_39" id="EB56E9AD-9F8A-B1CC-0F14-2DEC7F1B6EF8">
<createdBy>PSTOYANO</createdBy>
<createdTime>2013-01-09 09:15:58 UTC</createdTime>
<ownerDesignName>global11</ownerDesignName>
<nameInOracleAW>LINK_39</nameInOracleAW>
<rollupLink>3E7205D6-BF25-CFED-422D-60F775169DD8</rollupLink>
<sourceMDObject>470612FC-5FC2-9DEA-7CAA-22186162408C</sourceMDObject>
<targetMDObject>A6F13826-F8E6-2CF9-BBBD-57B8590F6868</targetMDObject>
</link>
</RollupLink>