<?xml version = '1.0' encoding = 'UTF-8'?>
<RollupLink class="oracle.dbtools.crest.model.design.multidimensional.RollupLink" name="RollupLink_42" directorySegmentName="seg_0" id="4924ED8B-DE6E-E658-BCA3-0014D53050D5">
<createdBy>PSTOYANO</createdBy>
<createdTime>2013-01-09 09:16:05 UTC</createdTime>
<ownerDesignName>global11_demo</ownerDesignName>
<nameInOracleAW>ROLLUPLINK_42</nameInOracleAW>
<childLevel>8C62AF9A-00EF-D530-4547-2658DE377ED0</childLevel>
<defaultAggregationOperator>SUM</defaultAggregationOperator>
<parentLevel>76E5D44C-773C-B09F-A45C-DA4ABCC34657</parentLevel>
<rolePlaying>false</rolePlaying>
<sparseDimension>false</sparseDimension>
<link class="oracle.dbtools.crest.model.design.multidimensional.Link" name="Link_42" id="6CE4090C-B5BB-0949-9E16-C9A2E3C2D1CA">
<createdBy>PSTOYANO</createdBy>
<createdTime>2013-01-09 09:16:05 UTC</createdTime>
<ownerDesignName>global11</ownerDesignName>
<nameInOracleAW>LINK_42</nameInOracleAW>
<rollupLink>4924ED8B-DE6E-E658-BCA3-0014D53050D5</rollupLink>
<sourceMDObject>8C62AF9A-00EF-D530-4547-2658DE377ED0</sourceMDObject>
<targetMDObject>76E5D44C-773C-B09F-A45C-DA4ABCC34657</targetMDObject>
</link>
</RollupLink>