<?xml version = '1.0' encoding = 'UTF-8'?>
<RollupLink class="oracle.dbtools.crest.model.design.multidimensional.RollupLink" name="RollupLink_43" directorySegmentName="seg_0" id="4A1A06E7-3D5C-7CB9-CFB7-728CD3373554">
<createdBy>PSTOYANO</createdBy>
<createdTime>2013-01-09 09:16:08 UTC</createdTime>
<ownerDesignName>global11_demo</ownerDesignName>
<nameInOracleAW>ROLLUPLINK_43</nameInOracleAW>
<childLevel>76E5D44C-773C-B09F-A45C-DA4ABCC34657</childLevel>
<defaultAggregationOperator>SUM</defaultAggregationOperator>
<parentLevel>6AA759DC-2F77-FD5D-038E-5D5ABA4169B7</parentLevel>
<rolePlaying>false</rolePlaying>
<sparseDimension>false</sparseDimension>
<link class="oracle.dbtools.crest.model.design.multidimensional.Link" name="Link_43" id="A15BAD88-5842-B4BB-1880-92C453E62875">
<createdBy>PSTOYANO</createdBy>
<createdTime>2013-01-09 09:16:08 UTC</createdTime>
<ownerDesignName>global11</ownerDesignName>
<nameInOracleAW>LINK_43</nameInOracleAW>
<rollupLink>4A1A06E7-3D5C-7CB9-CFB7-728CD3373554</rollupLink>
<sourceMDObject>76E5D44C-773C-B09F-A45C-DA4ABCC34657</sourceMDObject>
<targetMDObject>6AA759DC-2F77-FD5D-038E-5D5ABA4169B7</targetMDObject>
</link>
</RollupLink>