<?xml version = '1.0' encoding = 'UTF-8'?>
<RollupLink class="oracle.dbtools.crest.model.design.multidimensional.RollupLink" name="RollupLink_38" directorySegmentName="seg_0" id="4B35ABDF-88CD-F64B-AE5C-365153966B34">
<createdBy>PSTOYANO</createdBy>
<createdTime>2013-01-09 09:15:55 UTC</createdTime>
<ownerDesignName>global11_demo</ownerDesignName>
<nameInOracleAW>ROLLUPLINK_38</nameInOracleAW>
<childLevel>48B0E33F-732B-4134-7AD8-36EA93D51055</childLevel>
<defaultAggregationOperator>SUM</defaultAggregationOperator>
<parentLevel>470612FC-5FC2-9DEA-7CAA-22186162408C</parentLevel>
<rolePlaying>false</rolePlaying>
<sparseDimension>false</sparseDimension>
<link class="oracle.dbtools.crest.model.design.multidimensional.Link" name="Link_38" id="EEB522F9-B767-B7FA-584C-9115E68A7B32">
<createdBy>PSTOYANO</createdBy>
<createdTime>2013-01-09 09:15:55 UTC</createdTime>
<ownerDesignName>global11</ownerDesignName>
<nameInOracleAW>LINK_38</nameInOracleAW>
<rollupLink>4B35ABDF-88CD-F64B-AE5C-365153966B34</rollupLink>
<sourceMDObject>48B0E33F-732B-4134-7AD8-36EA93D51055</sourceMDObject>
<targetMDObject>470612FC-5FC2-9DEA-7CAA-22186162408C</targetMDObject>
</link>
</RollupLink>