<?xml version = '1.0' encoding = 'UTF-8'?>
<RollupLink class="oracle.dbtools.crest.model.design.multidimensional.RollupLink" name="RollupLink_37" directorySegmentName="seg_0" id="4FCC01E1-14DE-1E96-8837-4E95413298A5">
<createdBy>PSTOYANO</createdBy>
<createdTime>2013-01-03 11:20:09 UTC</createdTime>
<ownerDesignName>global11_demo</ownerDesignName>
<nameInOracleAW>ROLLUPLINK_37</nameInOracleAW>
<childLevel>2934810D-BAE4-B5A0-6D40-A13BA605E31A</childLevel>
<defaultAggregationOperator>SUM</defaultAggregationOperator>
<parentLevel>116B1269-7CB8-5F9F-4BF3-C8D89B9E872D</parentLevel>
<rolePlaying>false</rolePlaying>
<sparseDimension>false</sparseDimension>
<link class="oracle.dbtools.crest.model.design.multidimensional.Link" name="Link_37" id="05602C76-B872-2110-A2D9-6F8354E29530">
<createdBy>PSTOYANO</createdBy>
<createdTime>2013-01-03 11:20:09 UTC</createdTime>
<ownerDesignName>global11</ownerDesignName>
<nameInOracleAW>LINK_37</nameInOracleAW>
<rollupLink>4FCC01E1-14DE-1E96-8837-4E95413298A5</rollupLink>
<sourceMDObject>2934810D-BAE4-B5A0-6D40-A13BA605E31A</sourceMDObject>
<targetMDObject>116B1269-7CB8-5F9F-4BF3-C8D89B9E872D</targetMDObject>
</link>
<childToParentAttributes>
<joinAttribute>DB6628E4-F598-4101-129F-97C4A2343C88</joinAttribute>
</childToParentAttributes>
</RollupLink>