<?xml version = '1.0' encoding = 'UTF-8'?>
<RollupLink class="oracle.dbtools.crest.model.design.multidimensional.RollupLink" name="Shipped_month" directorySegmentName="seg_0" id="52334865-9C72-A684-8D04-16ECDA2D9494">
<createdBy>PSTOYANO</createdBy>
<createdTime>2013-01-09 09:30:04 UTC</createdTime>
<ownerDesignName>global11_demo</ownerDesignName>
<nameInOracleAW>SHIPPED_MONTH</nameInOracleAW>
<childLevel>9C40ACAC-E558-DC3C-CB8A-70C9FA32BE3A</childLevel>
<defaultAggregationOperator>SUM</defaultAggregationOperator>
<factEntity>61059591-E00D-F325-75BD-1580E94E5E84</factEntity>
<parentLevel>E46D500E-D9C1-7DBB-098B-392AF0F366CC</parentLevel>
<rolePlaying>true</rolePlaying>
<sparseDimension>false</sparseDimension>
<link class="oracle.dbtools.crest.model.design.multidimensional.Link" name="Shipped_month" id="4C06F71D-366F-03AD-AB08-AB9C15799278">
<createdBy>PSTOYANO</createdBy>
<createdTime>2013-01-09 09:30:04 UTC</createdTime>
<ownerDesignName>global11</ownerDesignName>
<nameInOracleAW>LINK_45</nameInOracleAW>
<rollupLink>52334865-9C72-A684-8D04-16ECDA2D9494</rollupLink>
<sourceMDObject>9C40ACAC-E558-DC3C-CB8A-70C9FA32BE3A</sourceMDObject>
<targetMDObject>E46D500E-D9C1-7DBB-098B-392AF0F366CC</targetMDObject>
</link>
<childToParentAttributes>
<joinAttribute>C8F8DA96-262B-07C5-3B0F-D4DCE32D18BE</joinAttribute>
</childToParentAttributes>
</RollupLink>