<?xml version = '1.0' encoding = 'UTF-8'?>
<RollupLink class="oracle.dbtools.crest.model.design.multidimensional.RollupLink" name="RollupLink_34" directorySegmentName="seg_0" id="58CBF93F-D85E-30C9-DF31-5B07B5C1E2C3">
<createdBy>PSTOYANO</createdBy>
<createdTime>2013-01-02 11:54:41 UTC</createdTime>
<ownerDesignName>global11_demo</ownerDesignName>
<nameInOracleAW>ROLLUPLINK_34</nameInOracleAW>
<childLevel>474BD63F-734D-E47A-B9E8-0A9A4BBA0C12</childLevel>
<defaultAggregationOperator>SUM</defaultAggregationOperator>
<parentLevel>3B18749D-23EE-C9CF-ED09-68B863D48630</parentLevel>
<rolePlaying>false</rolePlaying>
<sparseDimension>false</sparseDimension>
<link class="oracle.dbtools.crest.model.design.multidimensional.Link" name="Link_34" id="6CF8318B-1966-2081-3427-EC176D9E9A5A">
<createdBy>PSTOYANO</createdBy>
<createdTime>2013-01-02 11:54:41 UTC</createdTime>
<ownerDesignName>global11</ownerDesignName>
<nameInOracleAW>LINK_34</nameInOracleAW>
<rollupLink>58CBF93F-D85E-30C9-DF31-5B07B5C1E2C3</rollupLink>
<sourceMDObject>474BD63F-734D-E47A-B9E8-0A9A4BBA0C12</sourceMDObject>
<targetMDObject>3B18749D-23EE-C9CF-ED09-68B863D48630</targetMDObject>
</link>
</RollupLink>