<?xml version = '1.0' encoding = 'UTF-8'?>
<RollupLink class="oracle.dbtools.crest.model.design.multidimensional.RollupLink" name="Order_Month" directorySegmentName="seg_0" id="592804E9-0347-4501-884D-47A28E2535C4">
<createdBy>PSTOYANO</createdBy>
<createdTime>2013-01-09 09:16:15 UTC</createdTime>
<ownerDesignName>global11_demo</ownerDesignName>
<nameInOracleAW>ORDER_MONTH</nameInOracleAW>
<childLevel>9C40ACAC-E558-DC3C-CB8A-70C9FA32BE3A</childLevel>
<defaultAggregationOperator>SUM</defaultAggregationOperator>
<factEntity>61059591-E00D-F325-75BD-1580E94E5E84</factEntity>
<parentLevel>E46D500E-D9C1-7DBB-098B-392AF0F366CC</parentLevel>
<rolePlaying>true</rolePlaying>
<sparseDimension>false</sparseDimension>
<link class="oracle.dbtools.crest.model.design.multidimensional.Link" name="Order_Month" id="280374BC-C06A-89A8-96A3-FA5F2CF37233">
<createdBy>PSTOYANO</createdBy>
<createdTime>2013-01-09 09:16:15 UTC</createdTime>
<ownerDesignName>global11</ownerDesignName>
<nameInOracleAW>LINK_44</nameInOracleAW>
<rollupLink>592804E9-0347-4501-884D-47A28E2535C4</rollupLink>
<sourceMDObject>9C40ACAC-E558-DC3C-CB8A-70C9FA32BE3A</sourceMDObject>
<targetMDObject>E46D500E-D9C1-7DBB-098B-392AF0F366CC</targetMDObject>
</link>
<childToParentAttributes>
<joinAttribute>9B1478DD-FAA6-E6BD-B19D-00E1E8002F44</joinAttribute>
</childToParentAttributes>
</RollupLink>