<?xml version = '1.0' encoding = 'UTF-8'?>
<RollupLink class="oracle.dbtools.crest.model.design.multidimensional.RollupLink" name="RollupLink_8" directorySegmentName="seg_0" id="6CF418A5-9969-B91E-9604-00641F5EA1AE">
<createdBy>PSTOYANO</createdBy>
<createdTime>2012-12-17 12:59:03 UTC</createdTime>
<ownerDesignName>global11_demo</ownerDesignName>
<nameInOracleAW>ROLLUPLINK_8</nameInOracleAW>
<childLevel>E261D11B-B85C-8AC3-E1EB-229DD5684EC3</childLevel>
<defaultAggregationOperator>SUM</defaultAggregationOperator>
<parentLevel>CAE7C507-927D-7832-24FF-C31AF40409B8</parentLevel>
<rolePlaying>false</rolePlaying>
<sparseDimension>false</sparseDimension>
<link class="oracle.dbtools.crest.model.design.multidimensional.Link" name="Link_8" id="AD2F7783-2285-4E09-7465-98434597CD44">
<createdBy>PSTOYANO</createdBy>
<createdTime>2012-12-17 12:59:03 UTC</createdTime>
<ownerDesignName>global11</ownerDesignName>
<nameInOracleAW>LINK_8</nameInOracleAW>
<rollupLink>6CF418A5-9969-B91E-9604-00641F5EA1AE</rollupLink>
<sourceMDObject>E261D11B-B85C-8AC3-E1EB-229DD5684EC3</sourceMDObject>
<targetMDObject>CAE7C507-927D-7832-24FF-C31AF40409B8</targetMDObject>
</link>
</RollupLink>