<?xml version = '1.0' encoding = 'UTF-8'?>
<RollupLink class="oracle.dbtools.crest.model.design.multidimensional.RollupLink" name="RollupLink_29" directorySegmentName="seg_0" id="81745C65-14C2-45E8-4B77-BEAB134741FA">
<createdBy>PSTOYANO</createdBy>
<createdTime>2012-12-21 12:01:44 UTC</createdTime>
<ownerDesignName>global11_demo</ownerDesignName>
<nameInOracleAW>ROLLUPLINK_29</nameInOracleAW>
<childLevel>E640273B-D6E9-51EF-3BD8-03B4C91474EC</childLevel>
<defaultAggregationOperator>SUM</defaultAggregationOperator>
<parentLevel>001D8D79-EE3A-58E4-BE21-4A40DB18E8A8</parentLevel>
<rolePlaying>false</rolePlaying>
<sparseDimension>false</sparseDimension>
<link class="oracle.dbtools.crest.model.design.multidimensional.Link" name="Link_29" id="844BF4B5-10AB-E456-2EA6-44517F14EE1A">
<createdBy>PSTOYANO</createdBy>
<createdTime>2012-12-21 12:01:44 UTC</createdTime>
<ownerDesignName>global11</ownerDesignName>
<nameInOracleAW>LINK_29</nameInOracleAW>
<rollupLink>81745C65-14C2-45E8-4B77-BEAB134741FA</rollupLink>
<sourceMDObject>E640273B-D6E9-51EF-3BD8-03B4C91474EC</sourceMDObject>
<targetMDObject>001D8D79-EE3A-58E4-BE21-4A40DB18E8A8</targetMDObject>
</link>
</RollupLink>