<?xml version = '1.0' encoding = 'UTF-8'?>
<RollupLink class="oracle.dbtools.crest.model.design.multidimensional.RollupLink" name="RollupLink_4" directorySegmentName="seg_0" id="8334581B-7323-7436-C5FC-011FA4044158">
<createdBy>PSTOYANO</createdBy>
<createdTime>2012-12-17 12:52:41 UTC</createdTime>
<ownerDesignName>global11_demo</ownerDesignName>
<nameInOracleAW>ROLLUPLINK_4</nameInOracleAW>
<childLevel>494C2042-26D8-7FA3-736F-850BCD6F9157</childLevel>
<defaultAggregationOperator>SUM</defaultAggregationOperator>
<parentLevel>8C827BFD-E819-3C24-5073-02F5028DAF38</parentLevel>
<rolePlaying>false</rolePlaying>
<sparseDimension>false</sparseDimension>
<link class="oracle.dbtools.crest.model.design.multidimensional.Link" name="Link_4" id="250F9020-76B1-C802-B9BA-DE7762FA23DE">
<createdBy>PSTOYANO</createdBy>
<createdTime>2012-12-17 12:52:41 UTC</createdTime>
<ownerDesignName>global11</ownerDesignName>
<nameInOracleAW>LINK_4</nameInOracleAW>
<rollupLink>8334581B-7323-7436-C5FC-011FA4044158</rollupLink>
<sourceMDObject>494C2042-26D8-7FA3-736F-850BCD6F9157</sourceMDObject>
<targetMDObject>8C827BFD-E819-3C24-5073-02F5028DAF38</targetMDObject>
</link>
</RollupLink>