<?xml version = '1.0' encoding = 'UTF-8'?>
<RollupLink class="oracle.dbtools.crest.model.design.multidimensional.RollupLink" name="RollupLink_15" directorySegmentName="seg_0" id="83B444C7-7909-ABA7-1C49-BAA4FD03295F">
<createdBy>PSTOYANO</createdBy>
<createdTime>2012-12-17 13:12:41 UTC</createdTime>
<ownerDesignName>global11_demo</ownerDesignName>
<nameInOracleAW>ROLLUPLINK_15</nameInOracleAW>
<childLevel>E3D172DD-D2A5-85B3-5069-76ACB713BD0F</childLevel>
<defaultAggregationOperator>SUM</defaultAggregationOperator>
<parentLevel>293B4C4E-A1B1-8E68-09D4-B80D610CC3DD</parentLevel>
<rolePlaying>false</rolePlaying>
<sparseDimension>false</sparseDimension>
<link class="oracle.dbtools.crest.model.design.multidimensional.Link" name="Link_15" id="77C82744-C744-5F1F-61C1-80C379915A5F">
<createdBy>PSTOYANO</createdBy>
<createdTime>2012-12-17 13:12:41 UTC</createdTime>
<ownerDesignName>global11</ownerDesignName>
<nameInOracleAW>LINK_15</nameInOracleAW>
<rollupLink>83B444C7-7909-ABA7-1C49-BAA4FD03295F</rollupLink>
<sourceMDObject>E3D172DD-D2A5-85B3-5069-76ACB713BD0F</sourceMDObject>
<targetMDObject>293B4C4E-A1B1-8E68-09D4-B80D610CC3DD</targetMDObject>
</link>
</RollupLink>