<?xml version = '1.0' encoding = 'UTF-8'?>
<RollupLink class="oracle.dbtools.crest.model.design.multidimensional.RollupLink" name="RollupLink_1" directorySegmentName="seg_0" id="871C64AE-AEDE-495C-F299-5162E45AC02F">
<createdBy>PSTOYANO</createdBy>
<createdTime>2012-12-17 12:50:49 UTC</createdTime>
<ownerDesignName>global11_demo</ownerDesignName>
<nameInOracleAW>ROLLUPLINK_1</nameInOracleAW>
<childLevel>2934810D-BAE4-B5A0-6D40-A13BA605E31A</childLevel>
<defaultAggregationOperator>SUM</defaultAggregationOperator>
<parentLevel>1F0254DF-8165-B197-25A9-F6EBA9DC4231</parentLevel>
<rolePlaying>false</rolePlaying>
<sparseDimension>false</sparseDimension>
<link class="oracle.dbtools.crest.model.design.multidimensional.Link" name="Link_1" id="EB2D05AA-99AE-CE00-8700-AD9AD2C3D224">
<createdBy>PSTOYANO</createdBy>
<createdTime>2012-12-17 12:50:49 UTC</createdTime>
<ownerDesignName>global11</ownerDesignName>
<nameInOracleAW>LINK_1</nameInOracleAW>
<rollupLink>871C64AE-AEDE-495C-F299-5162E45AC02F</rollupLink>
<sourceMDObject>2934810D-BAE4-B5A0-6D40-A13BA605E31A</sourceMDObject>
<targetMDObject>1F0254DF-8165-B197-25A9-F6EBA9DC4231</targetMDObject>
</link>
</RollupLink>