<?xml version = '1.0' encoding = 'UTF-8'?>
<RollupLink class="oracle.dbtools.crest.model.design.multidimensional.RollupLink" name="RollupLink_24" directorySegmentName="seg_0" id="9ECB3EFE-ECF4-5F09-232D-B11BAF9E9D7F">
<createdBy>PSTOYANO</createdBy>
<createdTime>2012-12-21 10:31:05 UTC</createdTime>
<ownerDesignName>global11_demo</ownerDesignName>
<nameInOracleAW>ROLLUPLINK_24</nameInOracleAW>
<childLevel>9B3B0499-AADB-E609-A8F0-F8087A3AA761</childLevel>
<defaultAggregationOperator>SUM</defaultAggregationOperator>
<parentLevel>29697BAB-47AD-2297-ACA8-9E195E122E13</parentLevel>
<rolePlaying>false</rolePlaying>
<sparseDimension>false</sparseDimension>
<link class="oracle.dbtools.crest.model.design.multidimensional.Link" name="Link_24" id="ABCBFE0B-07B2-1EC6-E082-855DBCA57419">
<createdBy>PSTOYANO</createdBy>
<createdTime>2012-12-21 10:31:05 UTC</createdTime>
<ownerDesignName>global11</ownerDesignName>
<nameInOracleAW>LINK_24</nameInOracleAW>
<rollupLink>9ECB3EFE-ECF4-5F09-232D-B11BAF9E9D7F</rollupLink>
<sourceMDObject>9B3B0499-AADB-E609-A8F0-F8087A3AA761</sourceMDObject>
<targetMDObject>29697BAB-47AD-2297-ACA8-9E195E122E13</targetMDObject>
</link>
</RollupLink>