<?xml version = '1.0' encoding = 'UTF-8'?>
<RollupLink class="oracle.dbtools.crest.model.design.multidimensional.RollupLink" name="RollupLink_30" directorySegmentName="seg_0" id="A9275EBE-21B5-296E-F15D-05CBAC7B16AE">
<createdBy>PSTOYANO</createdBy>
<createdTime>2012-12-21 12:01:45 UTC</createdTime>
<ownerDesignName>global11_demo</ownerDesignName>
<nameInOracleAW>ROLLUPLINK_30</nameInOracleAW>
<childLevel>001D8D79-EE3A-58E4-BE21-4A40DB18E8A8</childLevel>
<defaultAggregationOperator>SUM</defaultAggregationOperator>
<parentLevel>A33DAC83-A47B-5E35-0DF4-57BD53D3C137</parentLevel>
<rolePlaying>false</rolePlaying>
<sparseDimension>false</sparseDimension>
<link class="oracle.dbtools.crest.model.design.multidimensional.Link" name="Link_30" id="FF998242-0B4D-EA0C-8ECF-864BD4A1B1B4">
<createdBy>PSTOYANO</createdBy>
<createdTime>2012-12-21 12:01:45 UTC</createdTime>
<ownerDesignName>global11</ownerDesignName>
<nameInOracleAW>LINK_30</nameInOracleAW>
<rollupLink>A9275EBE-21B5-296E-F15D-05CBAC7B16AE</rollupLink>
<sourceMDObject>001D8D79-EE3A-58E4-BE21-4A40DB18E8A8</sourceMDObject>
<targetMDObject>A33DAC83-A47B-5E35-0DF4-57BD53D3C137</targetMDObject>
</link>
</RollupLink>