<?xml version = '1.0' encoding = 'UTF-8'?>
<RollupLink class="oracle.dbtools.crest.model.design.multidimensional.RollupLink" name="RollupLink_36" directorySegmentName="seg_0" id="B6A764E1-A9B0-4CD4-42EB-F3E8EBCAA91B">
<createdBy>PSTOYANO</createdBy>
<createdTime>2013-01-09 09:15:52 UTC</createdTime>
<ownerDesignName>global11_demo</ownerDesignName>
<nameInOracleAW>ROLLUPLINK_36</nameInOracleAW>
<childLevel>E46D500E-D9C1-7DBB-098B-392AF0F366CC</childLevel>
<defaultAggregationOperator>SUM</defaultAggregationOperator>
<parentLevel>48B0E33F-732B-4134-7AD8-36EA93D51055</parentLevel>
<rolePlaying>false</rolePlaying>
<sparseDimension>false</sparseDimension>
<link class="oracle.dbtools.crest.model.design.multidimensional.Link" name="Link_36" id="F7E6C4EB-7A23-0C60-DBD3-EB0F29A96BB5">
<createdBy>PSTOYANO</createdBy>
<createdTime>2013-01-09 09:15:52 UTC</createdTime>
<ownerDesignName>global11</ownerDesignName>
<nameInOracleAW>LINK_36</nameInOracleAW>
<rollupLink>B6A764E1-A9B0-4CD4-42EB-F3E8EBCAA91B</rollupLink>
<sourceMDObject>E46D500E-D9C1-7DBB-098B-392AF0F366CC</sourceMDObject>
<targetMDObject>48B0E33F-732B-4134-7AD8-36EA93D51055</targetMDObject>
</link>
</RollupLink>