<?xml version = '1.0' encoding = 'UTF-8'?>
<RollupLink class="oracle.dbtools.crest.model.design.multidimensional.RollupLink" name="RollupLink_3" directorySegmentName="seg_0" id="C4F162E6-75A8-83DD-E3AD-115D496F7F28">
<createdBy>PSTOYANO</createdBy>
<createdTime>2012-12-17 12:51:19 UTC</createdTime>
<ownerDesignName>global11_demo</ownerDesignName>
<nameInOracleAW>ROLLUPLINK_3</nameInOracleAW>
<childLevel>1F0254DF-8165-B197-25A9-F6EBA9DC4231</childLevel>
<defaultAggregationOperator>SUM</defaultAggregationOperator>
<parentLevel>494C2042-26D8-7FA3-736F-850BCD6F9157</parentLevel>
<rolePlaying>false</rolePlaying>
<sparseDimension>false</sparseDimension>
<link class="oracle.dbtools.crest.model.design.multidimensional.Link" name="Link_3" id="1A39EAA7-7FF6-DD05-E2FB-E6E29FF8C783">
<createdBy>PSTOYANO</createdBy>
<createdTime>2012-12-17 12:51:19 UTC</createdTime>
<ownerDesignName>global11</ownerDesignName>
<nameInOracleAW>LINK_3</nameInOracleAW>
<rollupLink>C4F162E6-75A8-83DD-E3AD-115D496F7F28</rollupLink>
<sourceMDObject>1F0254DF-8165-B197-25A9-F6EBA9DC4231</sourceMDObject>
<targetMDObject>494C2042-26D8-7FA3-736F-850BCD6F9157</targetMDObject>
</link>
</RollupLink>