<?xml version = '1.0' encoding = 'UTF-8'?>
<RollupLink class="oracle.dbtools.crest.model.design.multidimensional.RollupLink" name="RollupLink_22" directorySegmentName="seg_0" id="C8E08C72-22BF-3E68-C53D-4E3C0CF427B3">
<createdBy>PSTOYANO</createdBy>
<createdTime>2012-12-21 10:31:01 UTC</createdTime>
<ownerDesignName>global11_demo</ownerDesignName>
<nameInOracleAW>ROLLUPLINK_22</nameInOracleAW>
<childLevel>A6BB9419-DE69-AC6B-CC0A-78A2BB6E6967</childLevel>
<defaultAggregationOperator>SUM</defaultAggregationOperator>
<parentLevel>88DE3FC8-3264-2BBB-C6EB-5CBB0CAF0711</parentLevel>
<rolePlaying>false</rolePlaying>
<sparseDimension>false</sparseDimension>
<link class="oracle.dbtools.crest.model.design.multidimensional.Link" name="Link_22" id="2533B74B-D1F6-F2DB-4A9F-FAA6E0634798">
<createdBy>PSTOYANO</createdBy>
<createdTime>2012-12-21 10:31:01 UTC</createdTime>
<ownerDesignName>global11</ownerDesignName>
<nameInOracleAW>LINK_22</nameInOracleAW>
<rollupLink>C8E08C72-22BF-3E68-C53D-4E3C0CF427B3</rollupLink>
<sourceMDObject>A6BB9419-DE69-AC6B-CC0A-78A2BB6E6967</sourceMDObject>
<targetMDObject>88DE3FC8-3264-2BBB-C6EB-5CBB0CAF0711</targetMDObject>
</link>
</RollupLink>