<?xml version = '1.0' encoding = 'UTF-8'?>
<RollupLink class="oracle.dbtools.crest.model.design.multidimensional.RollupLink" name="RollupLink_27" directorySegmentName="seg_0" id="CAC524BB-6743-D3B5-1259-B536AA68DF79">
<createdBy>PSTOYANO</createdBy>
<createdTime>2012-12-21 12:01:38 UTC</createdTime>
<ownerDesignName>global11_demo</ownerDesignName>
<nameInOracleAW>ROLLUPLINK_27</nameInOracleAW>
<childLevel>400DCF40-5BA0-16D4-2500-55873173737F</childLevel>
<defaultAggregationOperator>SUM</defaultAggregationOperator>
<parentLevel>BC274463-281B-C0DE-2D63-C71F43BAFCDD</parentLevel>
<rolePlaying>false</rolePlaying>
<sparseDimension>false</sparseDimension>
<link class="oracle.dbtools.crest.model.design.multidimensional.Link" name="Link_27" id="51C40A40-CB40-9DB0-F05E-86BAE2761C9A">
<createdBy>PSTOYANO</createdBy>
<createdTime>2012-12-21 12:01:38 UTC</createdTime>
<ownerDesignName>global11</ownerDesignName>
<nameInOracleAW>LINK_27</nameInOracleAW>
<rollupLink>CAC524BB-6743-D3B5-1259-B536AA68DF79</rollupLink>
<sourceMDObject>400DCF40-5BA0-16D4-2500-55873173737F</sourceMDObject>
<targetMDObject>BC274463-281B-C0DE-2D63-C71F43BAFCDD</targetMDObject>
</link>
</RollupLink>