<?xml version = '1.0' encoding = 'UTF-8'?>
<RollupLink class="oracle.dbtools.crest.model.design.multidimensional.RollupLink" name="RollupLink_28" directorySegmentName="seg_0" id="D968DEF9-A03B-DF7C-4A03-17CA23B97476">
<createdBy>PSTOYANO</createdBy>
<createdTime>2012-12-21 12:01:42 UTC</createdTime>
<ownerDesignName>global11_demo</ownerDesignName>
<nameInOracleAW>ROLLUPLINK_28</nameInOracleAW>
<childLevel>BC274463-281B-C0DE-2D63-C71F43BAFCDD</childLevel>
<defaultAggregationOperator>SUM</defaultAggregationOperator>
<parentLevel>E640273B-D6E9-51EF-3BD8-03B4C91474EC</parentLevel>
<rolePlaying>false</rolePlaying>
<sparseDimension>false</sparseDimension>
<link class="oracle.dbtools.crest.model.design.multidimensional.Link" name="Link_28" id="CE5BADB7-EA6C-1691-4965-A550FEE390AB">
<createdBy>PSTOYANO</createdBy>
<createdTime>2012-12-21 12:01:42 UTC</createdTime>
<ownerDesignName>global11</ownerDesignName>
<nameInOracleAW>LINK_28</nameInOracleAW>
<rollupLink>D968DEF9-A03B-DF7C-4A03-17CA23B97476</rollupLink>
<sourceMDObject>BC274463-281B-C0DE-2D63-C71F43BAFCDD</sourceMDObject>
<targetMDObject>E640273B-D6E9-51EF-3BD8-03B4C91474EC</targetMDObject>
</link>
</RollupLink>