<?xml version = '1.0' encoding = 'UTF-8'?>
<RollupLink class="oracle.dbtools.crest.model.design.multidimensional.RollupLink" name="Delivery_month" directorySegmentName="seg_0" id="E10C10FF-3B65-6F78-D503-D4F230884B95">
<createdBy>PSTOYANO</createdBy>
<createdTime>2013-01-09 09:31:57 UTC</createdTime>
<ownerDesignName>global11_demo</ownerDesignName>
<nameInOracleAW>DELIVERY_MONTH</nameInOracleAW>
<childLevel>9C40ACAC-E558-DC3C-CB8A-70C9FA32BE3A</childLevel>
<defaultAggregationOperator>SUM</defaultAggregationOperator>
<factEntity>61059591-E00D-F325-75BD-1580E94E5E84</factEntity>
<parentLevel>E46D500E-D9C1-7DBB-098B-392AF0F366CC</parentLevel>
<rolePlaying>true</rolePlaying>
<sparseDimension>false</sparseDimension>
<link class="oracle.dbtools.crest.model.design.multidimensional.Link" name="Delivery_month" id="F2CD05C3-2A4F-1A1A-AC4A-719A70B5B72C">
<createdBy>PSTOYANO</createdBy>
<createdTime>2013-01-09 09:31:57 UTC</createdTime>
<ownerDesignName>global11</ownerDesignName>
<nameInOracleAW>LINK_46</nameInOracleAW>
<rollupLink>E10C10FF-3B65-6F78-D503-D4F230884B95</rollupLink>
<sourceMDObject>9C40ACAC-E558-DC3C-CB8A-70C9FA32BE3A</sourceMDObject>
<targetMDObject>E46D500E-D9C1-7DBB-098B-392AF0F366CC</targetMDObject>
</link>
<childToParentAttributes>
<joinAttribute>23DE11AB-E069-9B75-5E02-B465B554ED6F</joinAttribute>
</childToParentAttributes>
</RollupLink>