<?xml version = '1.0' encoding = 'UTF-8'?>
<RollupLink class="oracle.dbtools.crest.model.design.multidimensional.RollupLink" name="RollupLink_13" directorySegmentName="seg_0" id="E41D15E8-CB49-9CD4-EF82-3AA0F6F8642B">
<createdBy>PSTOYANO</createdBy>
<createdTime>2012-12-17 13:05:13 UTC</createdTime>
<ownerDesignName>global11_demo</ownerDesignName>
<nameInOracleAW>ROLLUPLINK_13</nameInOracleAW>
<childLevel>116B1269-7CB8-5F9F-4BF3-C8D89B9E872D</childLevel>
<defaultAggregationOperator>SUM</defaultAggregationOperator>
<parentLevel>DDF01FA3-0F23-FC47-B316-CBAF1E41B04A</parentLevel>
<rolePlaying>false</rolePlaying>
<sparseDimension>false</sparseDimension>
<link class="oracle.dbtools.crest.model.design.multidimensional.Link" name="Link_13" id="B4390D8E-81F2-BF30-F5C9-2B98D32F049B">
<createdBy>PSTOYANO</createdBy>
<createdTime>2012-12-17 13:05:13 UTC</createdTime>
<ownerDesignName>global11</ownerDesignName>
<nameInOracleAW>LINK_13</nameInOracleAW>
<rollupLink>E41D15E8-CB49-9CD4-EF82-3AA0F6F8642B</rollupLink>
<sourceMDObject>116B1269-7CB8-5F9F-4BF3-C8D89B9E872D</sourceMDObject>
<targetMDObject>DDF01FA3-0F23-FC47-B316-CBAF1E41B04A</targetMDObject>
</link>
</RollupLink>