<?xml version = '1.0' encoding = 'UTF-8'?>
<RollupLink class="oracle.dbtools.crest.model.design.multidimensional.RollupLink" name="RollupLink_32" directorySegmentName="seg_0" id="E4CD832A-070D-0C7F-9F12-DD1FF39D02F0">
<createdBy>PSTOYANO</createdBy>
<createdTime>2012-12-21 12:44:03 UTC</createdTime>
<ownerDesignName>global11_demo</ownerDesignName>
<nameInOracleAW>ROLLUPLINK_32</nameInOracleAW>
<childLevel>9C40ACAC-E558-DC3C-CB8A-70C9FA32BE3A</childLevel>
<defaultAggregationOperator>SUM</defaultAggregationOperator>
<factEntity>61059591-E00D-F325-75BD-1580E94E5E84</factEntity>
<parentLevel>A6BB9419-DE69-AC6B-CC0A-78A2BB6E6967</parentLevel>
<rolePlaying>false</rolePlaying>
<sparseDimension>true</sparseDimension>
<link class="oracle.dbtools.crest.model.design.multidimensional.Link" name="Link_32" id="047C325D-8FDF-1E17-762D-A8FB1BEDD700">
<createdBy>PSTOYANO</createdBy>
<createdTime>2012-12-21 12:44:03 UTC</createdTime>
<ownerDesignName>global11</ownerDesignName>
<nameInOracleAW>LINK_32</nameInOracleAW>
<rollupLink>E4CD832A-070D-0C7F-9F12-DD1FF39D02F0</rollupLink>
<sourceMDObject>9C40ACAC-E558-DC3C-CB8A-70C9FA32BE3A</sourceMDObject>
<targetMDObject>A6BB9419-DE69-AC6B-CC0A-78A2BB6E6967</targetMDObject>
</link>
<childToParentAttributes>
<joinAttribute>3788A111-5BC9-4B44-6542-DFD51E4B88FF</joinAttribute>
</childToParentAttributes>
</RollupLink>