<?xml version = '1.0' encoding = 'UTF-8'?>
<RollupLink class="oracle.dbtools.crest.model.design.multidimensional.RollupLink" name="RollupLink_10" directorySegmentName="seg_0" id="E82DDC6D-314A-36EE-5EC5-23F79F068877">
<createdBy>PSTOYANO</createdBy>
<createdTime>2012-12-17 13:00:28 UTC</createdTime>
<ownerDesignName>global11_demo</ownerDesignName>
<nameInOracleAW>ROLLUPLINK_10</nameInOracleAW>
<childLevel>9C40ACAC-E558-DC3C-CB8A-70C9FA32BE3A</childLevel>
<defaultAggregationOperator>SUM</defaultAggregationOperator>
<factEntity>61059591-E00D-F325-75BD-1580E94E5E84</factEntity>
<parentLevel>136FDFF4-79C2-A7C4-F1D5-3B7A2C3E72AC</parentLevel>
<rolePlaying>false</rolePlaying>
<sparseDimension>false</sparseDimension>
<link class="oracle.dbtools.crest.model.design.multidimensional.Link" name="Link_10" id="BFC2A5F9-6DDD-7D44-DD01-C2A885630B05">
<createdBy>PSTOYANO</createdBy>
<createdTime>2012-12-17 13:00:28 UTC</createdTime>
<ownerDesignName>global11</ownerDesignName>
<nameInOracleAW>LINK_10</nameInOracleAW>
<rollupLink>E82DDC6D-314A-36EE-5EC5-23F79F068877</rollupLink>
<sourceMDObject>9C40ACAC-E558-DC3C-CB8A-70C9FA32BE3A</sourceMDObject>
<targetMDObject>136FDFF4-79C2-A7C4-F1D5-3B7A2C3E72AC</targetMDObject>
</link>
<childToParentAttributes>
<joinAttribute>3788A111-5BC9-4B44-6542-DFD51E4B88FF</joinAttribute>
</childToParentAttributes>
</RollupLink>