<?xml version = '1.0' encoding = 'UTF-8'?>
<TableProxyOraclev11g class="oracle.dbtools.crest.model.design.storage.oracle.v11g.TableProxyOraclev11g" name="TIME_DIM" directorySegmentName="seg_0" id="213B2B80-F4A4-E7CE-2864-112034A8C60F">
<createdBy>PSTOYANO</createdBy>
<createdTime>2012-12-12 05:01:48 UTC</createdTime>
<ownerDesignName>global11_demo</ownerDesignName>
<logging>YES</logging>
<partitionedRowMovement>DISABLE</partitionedRowMovement>
<segment>FB689752-4F60-A8DB-1EAE-CBF8DFB368E3</segment>
<tableSpace>2BB9FC8E-BC62-9D3F-6924-5E283D7484E1</tableSpace>
<columnProxies>
<ColumnProxy class="oracle.dbtools.crest.model.design.storage.oracle.v11g.ColumnProxyOraclev11g" name="TOTAL_TIME_SPAN" id="08A139AA-9F8D-C24F-8A9A-3EFA231C4AAE">
<createdBy>PSTOYANO</createdBy>
<createdTime>2012-12-12 05:01:49 UTC</createdTime>
<ownerDesignName>global11_demo</ownerDesignName>
</ColumnProxy>
<ColumnProxy class="oracle.dbtools.crest.model.design.storage.oracle.v11g.ColumnProxyOraclev11g" name="FISCAL_YEAR_ID" id="1452AA49-7189-DD89-0595-ABC1E632F977">
<createdBy>PSTOYANO</createdBy>
<createdTime>2012-12-12 05:01:49 UTC</createdTime>
<ownerDesignName>global11_demo</ownerDesignName>
</ColumnProxy>
<ColumnProxy class="oracle.dbtools.crest.model.design.storage.oracle.v11g.ColumnProxyOraclev11g" name="MONTH_DSC_FRENCH" id="1D68F889-473A-E1B6-C776-A21D34CFD256">
<createdBy>PSTOYANO</createdBy>
<createdTime>2012-12-12 05:01:49 UTC</createdTime>
<ownerDesignName>global11_demo</ownerDesignName>
</ColumnProxy>
<ColumnProxy class="oracle.dbtools.crest.model.design.storage.oracle.v11g.ColumnProxyOraclev11g" name="FISCAL_QUARTER_END_DATE" id="22F1F742-0E04-F7A1-7EFB-2B5F093FD4DE">
<createdBy>PSTOYANO</createdBy>
<createdTime>2012-12-12 05:01:49 UTC</createdTime>
<ownerDesignName>global11_demo</ownerDesignName>
</ColumnProxy>
<ColumnProxy class="oracle.dbtools.crest.model.design.storage.oracle.v11g.ColumnProxyOraclev11g" name="CALENDAR_QUARTER_END_DATE" id="29B822F4-D598-07E0-7673-B93DD9FBBB7F">
<createdBy>PSTOYANO</createdBy>
<createdTime>2012-12-12 05:01:49 UTC</createdTime>
<ownerDesignName>global11_demo</ownerDesignName>
</ColumnProxy>
<ColumnProxy class="oracle.dbtools.crest.model.design.storage.oracle.v11g.ColumnProxyOraclev11g" name="TOTAL_DSC_DUTCH" id="2B5467F6-5A57-3CE9-FCE3-F1DEAAE717B8">
<createdBy>PSTOYANO</createdBy>
<createdTime>2012-12-12 05:01:49 UTC</createdTime>
<ownerDesignName>global11_demo</ownerDesignName>
</ColumnProxy>
<ColumnProxy class="oracle.dbtools.crest.model.design.storage.oracle.v11g.ColumnProxyOraclev11g" name="CALENDAR_YEAR_DSC_DUTCH" id="41859E94-F126-3C5E-5773-628E2C42D8B6">
<createdBy>PSTOYANO</createdBy>
<createdTime>2012-12-12 05:01:49 UTC</createdTime>
<ownerDesignName>global11_demo</ownerDesignName>
</ColumnProxy>
<ColumnProxy class="oracle.dbtools.crest.model.design.storage.oracle.v11g.ColumnProxyOraclev11g" name="CALENDAR_QUARTER_DSC" id="514D5DA0-FACB-CD17-F3C2-28CDBB620118">
<createdBy>PSTOYANO</createdBy>
<createdTime>2012-12-12 05:01:49 UTC</createdTime>
<ownerDesignName>global11_demo</ownerDesignName>
</ColumnProxy>
<ColumnProxy class="oracle.dbtools.crest.model.design.storage.oracle.v11g.ColumnProxyOraclev11g" name="TOTAL_END_DATE" id="5518C2E4-EC63-6110-F8BF-F24032A6F04C">
<createdBy>PSTOYANO</createdBy>
<createdTime>2012-12-12 05:01:49 UTC</createdTime>
<ownerDesignName>global11_demo</ownerDesignName>
</ColumnProxy>
<ColumnProxy class="oracle.dbtools.crest.model.design.storage.oracle.v11g.ColumnProxyOraclev11g" name="MONTH_END_DATE" id="5DDF73F0-AD08-4FAE-BAC5-3C4863BCAA1E">
<createdBy>PSTOYANO</createdBy>
<createdTime>2012-12-12 05:01:49 UTC</createdTime>
<ownerDesignName>global11_demo</ownerDesignName>
</ColumnProxy>
<ColumnProxy class="oracle.dbtools.crest.model.design.storage.oracle.v11g.ColumnProxyOraclev11g" name="MONTH_OF_FISCAL_YEAR" id="6206CD3B-0A15-EFC3-194E-B1094407075D">
<createdBy>PSTOYANO</createdBy>
<createdTime>2012-12-12 05:01:49 UTC</createdTime>
<ownerDesignName>global11_demo</ownerDesignName>
</ColumnProxy>
<ColumnProxy class="oracle.dbtools.crest.model.design.storage.oracle.v11g.ColumnProxyOraclev11g" name="CALENDAR_YEAR_DSC_FRENCH" id="656F5B13-A81A-B029-D982-3A8339785094">
<createdBy>PSTOYANO</createdBy>
<createdTime>2012-12-12 05:01:49 UTC</createdTime>
<ownerDesignName>global11_demo</ownerDesignName>
</ColumnProxy>
<ColumnProxy class="oracle.dbtools.crest.model.design.storage.oracle.v11g.ColumnProxyOraclev11g" name="MONTH_OF_CALENDAR_QUARTER" id="6738559C-5066-2E06-9572-7B06EFCF2808">
<createdBy>PSTOYANO</createdBy>
<createdTime>2012-12-12 05:01:49 UTC</createdTime>
<ownerDesignName>global11_demo</ownerDesignName>
</ColumnProxy>
<ColumnProxy class="oracle.dbtools.crest.model.design.storage.oracle.v11g.ColumnProxyOraclev11g" name="FISCAL_QUARTER_DSC_FRENCH" id="681C3DC9-15BA-67A2-EF80-EBD094D861D6">
<createdBy>PSTOYANO</createdBy>
<createdTime>2012-12-12 05:01:49 UTC</createdTime>
<ownerDesignName>global11_demo</ownerDesignName>
</ColumnProxy>
<ColumnProxy class="oracle.dbtools.crest.model.design.storage.oracle.v11g.ColumnProxyOraclev11g" name="MONTH_DSC" id="6D19794C-CA12-ED8C-EF47-A5F1CE4C0696">
<createdBy>PSTOYANO</createdBy>
<createdTime>2012-12-12 05:01:49 UTC</createdTime>
<ownerDesignName>global11_demo</ownerDesignName>
</ColumnProxy>
<ColumnProxy class="oracle.dbtools.crest.model.design.storage.oracle.v11g.ColumnProxyOraclev11g" name="FISCAL_QUARTER_DSC" id="6F613DA2-7F97-0776-E2D3-8CF6727CA9AD">
<createdBy>PSTOYANO</createdBy>
<createdTime>2012-12-12 05:01:49 UTC</createdTime>
<ownerDesignName>global11_demo</ownerDesignName>
</ColumnProxy>
<ColumnProxy class="oracle.dbtools.crest.model.design.storage.oracle.v11g.ColumnProxyOraclev11g" name="CALENDAR_YEAR_DSC" id="74ED7822-20C0-49E5-ACF5-F88FED93EEC8">
<createdBy>PSTOYANO</createdBy>
<createdTime>2012-12-12 05:01:49 UTC</createdTime>
<ownerDesignName>global11_demo</ownerDesignName>
</ColumnProxy>
<ColumnProxy class="oracle.dbtools.crest.model.design.storage.oracle.v11g.ColumnProxyOraclev11g" name="CALENDAR_QUARTER_DSC_DUTCH" id="785558E1-0442-ED20-290D-51AF1CAF9017">
<createdBy>PSTOYANO</createdBy>
<createdTime>2012-12-12 05:01:49 UTC</createdTime>
<ownerDesignName>global11_demo</ownerDesignName>
</ColumnProxy>
<ColumnProxy class="oracle.dbtools.crest.model.design.storage.oracle.v11g.ColumnProxyOraclev11g" name="MONTH_OF_CALENDAR_YEAR" id="7AFE30FA-F685-B0E7-9F82-B72039184BD6">
<createdBy>PSTOYANO</createdBy>
<createdTime>2012-12-12 05:01:49 UTC</createdTime>
<ownerDesignName>global11_demo</ownerDesignName>
</ColumnProxy>
<ColumnProxy class="oracle.dbtools.crest.model.design.storage.oracle.v11g.ColumnProxyOraclev11g" name="MONTH_ID" id="89108140-F13A-AB3F-1C44-3124558332D9">
<createdBy>PSTOYANO</createdBy>
<createdTime>2012-12-12 05:01:49 UTC</createdTime>
<ownerDesignName>global11_demo</ownerDesignName>
</ColumnProxy>
<ColumnProxy class="oracle.dbtools.crest.model.design.storage.oracle.v11g.ColumnProxyOraclev11g" name="FISCAL_YEAR_TIME_SPAN" id="900BAA9D-5BBC-65C1-0FD8-E51A85A4D8E5">
<createdBy>PSTOYANO</createdBy>
<createdTime>2012-12-12 05:01:49 UTC</createdTime>
<ownerDesignName>global11_demo</ownerDesignName>
</ColumnProxy>
<ColumnProxy class="oracle.dbtools.crest.model.design.storage.oracle.v11g.ColumnProxyOraclev11g" name="FISCAL_QUARTER_TIME_SPAN" id="9033BF3E-D21D-8F40-010B-F867BA9BD762">
<createdBy>PSTOYANO</createdBy>
<createdTime>2012-12-12 05:01:49 UTC</createdTime>
<ownerDesignName>global11_demo</ownerDesignName>
</ColumnProxy>
<ColumnProxy class="oracle.dbtools.crest.model.design.storage.oracle.v11g.ColumnProxyOraclev11g" name="MONTH_OF_FISCAL_QUARTER" id="90C547F0-B754-6532-270E-FC315A529852">
<createdBy>PSTOYANO</createdBy>
<createdTime>2012-12-12 05:01:49 UTC</createdTime>
<ownerDesignName>global11_demo</ownerDesignName>
</ColumnProxy>
<ColumnProxy class="oracle.dbtools.crest.model.design.storage.oracle.v11g.ColumnProxyOraclev11g" name="MONTH_TIME_SPAN" id="914C2695-FE1F-3432-84CC-4C2C1D4E8571">
<createdBy>PSTOYANO</createdBy>
<createdTime>2012-12-12 05:01:49 UTC</createdTime>
<ownerDesignName>global11_demo</ownerDesignName>
</ColumnProxy>
<ColumnProxy class="oracle.dbtools.crest.model.design.storage.oracle.v11g.ColumnProxyOraclev11g" name="FISCAL_YEAR_DSC_FRENCH" id="A3CA7A28-0568-3132-4E70-9699D7E393F1">
<createdBy>PSTOYANO</createdBy>
<createdTime>2012-12-12 05:01:49 UTC</createdTime>
<ownerDesignName>global11_demo</ownerDesignName>
</ColumnProxy>
<ColumnProxy class="oracle.dbtools.crest.model.design.storage.oracle.v11g.ColumnProxyOraclev11g" name="CALENDAR_YEAR_ID" id="ABAF2D1F-714C-25BB-13FD-9753CAA9A6D8">
<createdBy>PSTOYANO</createdBy>
<createdTime>2012-12-12 05:01:49 UTC</createdTime>
<ownerDesignName>global11_demo</ownerDesignName>
</ColumnProxy>
<ColumnProxy class="oracle.dbtools.crest.model.design.storage.oracle.v11g.ColumnProxyOraclev11g" name="TOTAL_DSC" id="AFEF6BD1-6F81-D6F4-E922-4A0C7991A476">
<createdBy>PSTOYANO</createdBy>
<createdTime>2012-12-12 05:01:49 UTC</createdTime>
<ownerDesignName>global11_demo</ownerDesignName>
</ColumnProxy>
<ColumnProxy class="oracle.dbtools.crest.model.design.storage.oracle.v11g.ColumnProxyOraclev11g" name="TOTAL_ID" id="B693FD18-B393-B624-0C96-C6ACE444189F">
<createdBy>PSTOYANO</createdBy>
<createdTime>2012-12-12 05:01:49 UTC</createdTime>
<ownerDesignName>global11_demo</ownerDesignName>
</ColumnProxy>
<ColumnProxy class="oracle.dbtools.crest.model.design.storage.oracle.v11g.ColumnProxyOraclev11g" name="FISCAL_QUARTER_ID" id="B9F709A8-5862-8EE4-6F6E-FEFBD19BC571">
<createdBy>PSTOYANO</createdBy>
<createdTime>2012-12-12 05:01:49 UTC</createdTime>
<ownerDesignName>global11_demo</ownerDesignName>
</ColumnProxy>
<ColumnProxy class="oracle.dbtools.crest.model.design.storage.oracle.v11g.ColumnProxyOraclev11g" name="FISCAL_YEAR_DSC" id="C04D8D7F-2BFE-8E6A-71F6-EF6F95A9EB52">
<createdBy>PSTOYANO</createdBy>
<createdTime>2012-12-12 05:01:49 UTC</createdTime>
<ownerDesignName>global11_demo</ownerDesignName>
</ColumnProxy>
<ColumnProxy class="oracle.dbtools.crest.model.design.storage.oracle.v11g.ColumnProxyOraclev11g" name="CALENDAR_YEAR_END_DATE" id="C18FA0FF-148F-CF20-976B-C0AAB6BD6713">
<createdBy>PSTOYANO</createdBy>
<createdTime>2012-12-12 05:01:49 UTC</createdTime>
<ownerDesignName>global11_demo</ownerDesignName>
</ColumnProxy>
<ColumnProxy class="oracle.dbtools.crest.model.design.storage.oracle.v11g.ColumnProxyOraclev11g" name="CALENDAR_YEAR_TIME_SPAN" id="C3DFA2A5-C8A5-B3F6-B5B7-F4DE40D883EA">
<createdBy>PSTOYANO</createdBy>
<createdTime>2012-12-12 05:01:49 UTC</createdTime>
<ownerDesignName>global11_demo</ownerDesignName>
</ColumnProxy>
<ColumnProxy class="oracle.dbtools.crest.model.design.storage.oracle.v11g.ColumnProxyOraclev11g" name="FISCAL_YEAR_DSC_DUTCH" id="C5C3E122-783F-ECCD-03F1-E46E8AEF3E4E">
<createdBy>PSTOYANO</createdBy>
<createdTime>2012-12-12 05:01:49 UTC</createdTime>
<ownerDesignName>global11_demo</ownerDesignName>
</ColumnProxy>
<ColumnProxy class="oracle.dbtools.crest.model.design.storage.oracle.v11g.ColumnProxyOraclev11g" name="CALENDAR_QUARTER_DSC_FRENCH" id="CA7B94DD-6ED1-6C19-AAA3-4C60A357927E">
<createdBy>PSTOYANO</createdBy>
<createdTime>2012-12-12 05:01:49 UTC</createdTime>
<ownerDesignName>global11_demo</ownerDesignName>
</ColumnProxy>
<ColumnProxy class="oracle.dbtools.crest.model.design.storage.oracle.v11g.ColumnProxyOraclev11g" name="CALENDAR_QUARTER_OF_YEAR" id="CFC988F7-639C-B652-172D-05358D076EBE">
<createdBy>PSTOYANO</createdBy>
<createdTime>2012-12-12 05:01:49 UTC</createdTime>
<ownerDesignName>global11_demo</ownerDesignName>
</ColumnProxy>
<ColumnProxy class="oracle.dbtools.crest.model.design.storage.oracle.v11g.ColumnProxyOraclev11g" name="FISCAL_QUARTER_DSC_DUTCH" id="D84531CC-C554-D895-FEA9-CCCFF8C2289C">
<createdBy>PSTOYANO</createdBy>
<createdTime>2012-12-12 05:01:49 UTC</createdTime>
<ownerDesignName>global11_demo</ownerDesignName>
</ColumnProxy>
<ColumnProxy class="oracle.dbtools.crest.model.design.storage.oracle.v11g.ColumnProxyOraclev11g" name="FISCAL_YEAR_END_DATE" id="E8747A0B-78BC-5F46-3BD0-89E7FC3FA4EE">
<createdBy>PSTOYANO</createdBy>
<createdTime>2012-12-12 05:01:49 UTC</createdTime>
<ownerDesignName>global11_demo</ownerDesignName>
</ColumnProxy>
<ColumnProxy class="oracle.dbtools.crest.model.design.storage.oracle.v11g.ColumnProxyOraclev11g" name="CALENDAR_QUARTER_ID" id="ED6A498C-A7E4-B39B-E06B-BD0952F16B87">
<createdBy>PSTOYANO</createdBy>
<createdTime>2012-12-12 05:01:49 UTC</createdTime>
<ownerDesignName>global11_demo</ownerDesignName>
</ColumnProxy>
<ColumnProxy class="oracle.dbtools.crest.model.design.storage.oracle.v11g.ColumnProxyOraclev11g" name="MONTH_DSC_DUTCH" id="EDA519F5-1506-F51D-407A-327D2EBE64C1">
<createdBy>PSTOYANO</createdBy>
<createdTime>2012-12-12 05:01:49 UTC</createdTime>
<ownerDesignName>global11_demo</ownerDesignName>
</ColumnProxy>
<ColumnProxy class="oracle.dbtools.crest.model.design.storage.oracle.v11g.ColumnProxyOraclev11g" name="FISCAL_QUARTER_OF_YEAR" id="F0A0CD9E-76AB-A4B1-0419-E94FF8000D94">
<createdBy>PSTOYANO</createdBy>
<createdTime>2012-12-12 05:01:49 UTC</createdTime>
<ownerDesignName>global11_demo</ownerDesignName>
</ColumnProxy>
<ColumnProxy class="oracle.dbtools.crest.model.design.storage.oracle.v11g.ColumnProxyOraclev11g" name="TOTAL_DSC_FRENCH" id="F97B3BB1-1419-CDB9-532B-D2E4CE373DD7">
<createdBy>PSTOYANO</createdBy>
<createdTime>2012-12-12 05:01:49 UTC</createdTime>
<ownerDesignName>global11_demo</ownerDesignName>
</ColumnProxy>
<ColumnProxy class="oracle.dbtools.crest.model.design.storage.oracle.v11g.ColumnProxyOraclev11g" name="CALENDAR_QUARTER_TIME_SPAN" id="FFB9D853-5EC1-2EF6-C346-6B598DCA74E0">
<createdBy>PSTOYANO</createdBy>
<createdTime>2012-12-12 05:01:49 UTC</createdTime>
<ownerDesignName>global11_demo</ownerDesignName>
</ColumnProxy>
</columnProxies>
<indexProxies>
<IndexProxy class="oracle.dbtools.crest.model.design.storage.oracle.v10g.IndexProxyOraclev10g" name="TIME_DIM_PK" id="5D9EA5D9-C9B4-03F3-54BE-1FCCE098B087">
<createdBy>PSTOYANO</createdBy>
<createdTime>2012-12-12 05:01:49 UTC</createdTime>
<ownerDesignName>global11_demo</ownerDesignName>
<segment>DF5403CB-0D90-4BC8-55A6-C46093910A1B</segment>
<tableSpace>2BB9FC8E-BC62-9D3F-6924-5E283D7484E1</tableSpace>
</IndexProxy>
</indexProxies>
<primaryKeys>
<PrimaryKey class="oracle.dbtools.crest.model.design.storage.oracle.v10g.PKProxyOraclev10g" name="TIME_DIM_PK" id="666E6B22-EFD5-BBEF-603C-52C7CF33F729">
<createdBy>PSTOYANO</createdBy>
<createdTime>2012-12-12 05:01:49 UTC</createdTime>
<ownerDesignName>global11_demo</ownerDesignName>
<segment>DF5403CB-0D90-4BC8-55A6-C46093910A1B</segment>
<tableSpace>2BB9FC8E-BC62-9D3F-6924-5E283D7484E1</tableSpace>
<existingIndex>5D9EA5D9-C9B4-03F3-54BE-1FCCE098B087</existingIndex>
<indexSegment>DF5403CB-0D90-4BC8-55A6-C46093910A1B</indexSegment>
<indexSort>SORTED</indexSort>
<usingIndex>BY INDEX NAME</usingIndex>
</PrimaryKey>
</primaryKeys>
</TableProxyOraclev11g>