<?xml version = '1.0' encoding = 'UTF-8'?>
<TableProxyOraclev11g class="oracle.dbtools.crest.model.design.storage.oracle.v11g.TableProxyOraclev11g" name="UNITS_FACT" directorySegmentName="seg_0" id="661BD9E8-FA63-37EA-F032-8EDACFAEA470">
<createdBy>PSTOYANO</createdBy>
<createdTime>2012-12-12 05:01:48 UTC</createdTime>
<ownerDesignName>global11_demo</ownerDesignName>
<logging>YES</logging>
<partitionedRowMovement>DISABLE</partitionedRowMovement>
<segment>68A5DED8-74A2-D2D8-EB7F-5FE818CD7220</segment>
<tableSpace>2BB9FC8E-BC62-9D3F-6924-5E283D7484E1</tableSpace>
<columnProxies>
<ColumnProxy class="oracle.dbtools.crest.model.design.storage.oracle.v11g.ColumnProxyOraclev11g" name="SALES" id="03329F81-AE45-E430-5B6D-A4941EFD1E81">
<createdBy>PSTOYANO</createdBy>
<createdTime>2012-12-12 05:01:49 UTC</createdTime>
<ownerDesignName>global11_demo</ownerDesignName>
</ColumnProxy>
<ColumnProxy class="oracle.dbtools.crest.model.design.storage.oracle.v11g.ColumnProxyOraclev11g" name="DELIVERY_MONTH_ID" id="3863C66B-1D62-86EC-8E5B-C23F8D5B77D7">
<createdBy>PSTOYANO</createdBy>
<createdTime>2013-01-09 08:27:59 UTC</createdTime>
<ownerDesignName>global11_demo</ownerDesignName>
</ColumnProxy>
<ColumnProxy class="oracle.dbtools.crest.model.design.storage.oracle.v11g.ColumnProxyOraclev11g" name="SHIP_TO_ID" id="43E65E0D-F274-A5BD-BB5E-A7ED9A329DAF">
<createdBy>PSTOYANO</createdBy>
<createdTime>2012-12-12 05:01:49 UTC</createdTime>
<ownerDesignName>global11_demo</ownerDesignName>
</ColumnProxy>
<ColumnProxy class="oracle.dbtools.crest.model.design.storage.oracle.v11g.ColumnProxyOraclev11g" name="CHANNEL_ID" id="464AC219-F470-2ACB-E65B-465207A2D160">
<createdBy>PSTOYANO</createdBy>
<createdTime>2012-12-12 05:01:49 UTC</createdTime>
<ownerDesignName>global11_demo</ownerDesignName>
</ColumnProxy>
<ColumnProxy class="oracle.dbtools.crest.model.design.storage.oracle.v11g.ColumnProxyOraclev11g" name="SHIP_MONTH_ID" id="5683E149-9454-0D5A-E4C4-7B2D21EC8F38">
<createdBy>PSTOYANO</createdBy>
<createdTime>2013-01-09 08:27:59 UTC</createdTime>
<ownerDesignName>global11_demo</ownerDesignName>
</ColumnProxy>
<ColumnProxy class="oracle.dbtools.crest.model.design.storage.oracle.v11g.ColumnProxyOraclev11g" name="COST" id="9342EF23-AF5C-9FA2-CDA9-B71277CE6F7F">
<createdBy>PSTOYANO</createdBy>
<createdTime>2012-12-12 05:01:49 UTC</createdTime>
<ownerDesignName>global11_demo</ownerDesignName>
</ColumnProxy>
<ColumnProxy class="oracle.dbtools.crest.model.design.storage.oracle.v11g.ColumnProxyOraclev11g" name="MONTH_ID" id="A0669B53-B873-C22F-02B4-FDDE8EAD6E9A">
<createdBy>PSTOYANO</createdBy>
<createdTime>2012-12-12 05:01:49 UTC</createdTime>
<ownerDesignName>global11_demo</ownerDesignName>
</ColumnProxy>
<ColumnProxy class="oracle.dbtools.crest.model.design.storage.oracle.v11g.ColumnProxyOraclev11g" name="ITEM_ID" id="ADDD76C4-6616-275B-137E-C8B18506096B">
<createdBy>PSTOYANO</createdBy>
<createdTime>2012-12-12 05:01:49 UTC</createdTime>
<ownerDesignName>global11_demo</ownerDesignName>
</ColumnProxy>
<ColumnProxy class="oracle.dbtools.crest.model.design.storage.oracle.v11g.ColumnProxyOraclev11g" name="UNITS" id="FAA7450C-2A43-355D-F1E7-390D6C11E665">
<createdBy>PSTOYANO</createdBy>
<createdTime>2012-12-12 05:01:49 UTC</createdTime>
<ownerDesignName>global11_demo</ownerDesignName>
</ColumnProxy>
</columnProxies>
<indexProxies>
<IndexProxy class="oracle.dbtools.crest.model.design.storage.oracle.v10g.IndexProxyOraclev10g" name="UNITS_FACT_IDX_4" id="19F8D2D0-E830-B99B-F145-291AA5ACDABA">
<createdBy>PSTOYANO</createdBy>
<createdTime>2012-12-12 05:01:49 UTC</createdTime>
<ownerDesignName>global11_demo</ownerDesignName>
<bitmapIndex>true</bitmapIndex>
<segment>80A05AB2-47BA-B428-6A23-BB7230FE3061</segment>
<tableSpace>2BB9FC8E-BC62-9D3F-6924-5E283D7484E1</tableSpace>
</IndexProxy>
<IndexProxy class="oracle.dbtools.crest.model.design.storage.oracle.v10g.IndexProxyOraclev10g" name="UNITS_FACT_IDX_3" id="2DD7861D-8628-EA67-376C-8B0EED8BECAD">
<createdBy>PSTOYANO</createdBy>
<createdTime>2012-12-12 05:01:49 UTC</createdTime>
<ownerDesignName>global11_demo</ownerDesignName>
<bitmapIndex>true</bitmapIndex>
<segment>80A05AB2-47BA-B428-6A23-BB7230FE3061</segment>
<tableSpace>2BB9FC8E-BC62-9D3F-6924-5E283D7484E1</tableSpace>
</IndexProxy>
<IndexProxy class="oracle.dbtools.crest.model.design.storage.oracle.v10g.IndexProxyOraclev10g" name="UNITS_FACT_IDX_2" id="5F45AC65-2FC0-7B4C-84DD-4817447C7FFF">
<createdBy>PSTOYANO</createdBy>
<createdTime>2012-12-12 05:01:49 UTC</createdTime>
<ownerDesignName>global11_demo</ownerDesignName>
<bitmapIndex>true</bitmapIndex>
<segment>F2E00F1E-1C6E-AC5D-C909-A06F2D10903E</segment>
<tableSpace>2BB9FC8E-BC62-9D3F-6924-5E283D7484E1</tableSpace>
</IndexProxy>
<IndexProxy class="oracle.dbtools.crest.model.design.storage.oracle.v10g.IndexProxyOraclev10g" name="UNITS_FACT_IDX_1" id="7DAC26B3-CB93-0EC8-2DCB-99F8DE57A2F0">
<createdBy>PSTOYANO</createdBy>
<createdTime>2012-12-12 05:01:49 UTC</createdTime>
<ownerDesignName>global11_demo</ownerDesignName>
<bitmapIndex>true</bitmapIndex>
<segment>6B021B26-1CC7-E01B-3946-AA3ECF443CE3</segment>
<tableSpace>2BB9FC8E-BC62-9D3F-6924-5E283D7484E1</tableSpace>
</IndexProxy>
<IndexProxy class="oracle.dbtools.crest.model.design.storage.oracle.v10g.IndexProxyOraclev10g" name="UNITS_FACT_PK" id="94035618-9785-F5B9-9706-923083D7DF14">
<createdBy>PSTOYANO</createdBy>
<createdTime>2012-12-12 05:01:49 UTC</createdTime>
<ownerDesignName>global11_demo</ownerDesignName>
<segment>87C42BB9-5B66-197A-F581-8074C869AF19</segment>
<tableSpace>2BB9FC8E-BC62-9D3F-6924-5E283D7484E1</tableSpace>
</IndexProxy>
</indexProxies>
<foreignKeys>
<ForeignKey class="oracle.dbtools.crest.model.design.storage.oracle.v10g.FKProxyOraclev10g" name="UNITS_FACT_FK_1" id="32B69247-9B5E-66A4-8E15-0723BC78B22A">
<createdBy>PSTOYANO</createdBy>
<createdTime>2012-12-12 05:01:50 UTC</createdTime>
<ownerDesignName>global11_demo</ownerDesignName>
</ForeignKey>
<ForeignKey class="oracle.dbtools.crest.model.design.storage.oracle.v10g.FKProxyOraclev10g" name="UNITS_FACT_FK_4" id="8CBD60AC-1726-5507-95D1-7728D283DABD">
<createdBy>PSTOYANO</createdBy>
<createdTime>2012-12-12 05:01:50 UTC</createdTime>
<ownerDesignName>global11_demo</ownerDesignName>
</ForeignKey>
<ForeignKey class="oracle.dbtools.crest.model.design.storage.oracle.v10g.FKProxyOraclev10g" name="UNITS_FACT_FK_2" id="C9C625D2-DE9D-C9FF-3779-DC95A0958FBE">
<createdBy>PSTOYANO</createdBy>
<createdTime>2012-12-12 05:01:50 UTC</createdTime>
<ownerDesignName>global11_demo</ownerDesignName>
</ForeignKey>
<ForeignKey class="oracle.dbtools.crest.model.design.storage.oracle.v10g.FKProxyOraclev10g" name="UNITS_FACT_FK_3" id="ED4F74C8-AEF4-54AE-ADC4-ED0C47F76585">
<createdBy>PSTOYANO</createdBy>
<createdTime>2012-12-12 05:01:50 UTC</createdTime>
<ownerDesignName>global11_demo</ownerDesignName>
</ForeignKey>
</foreignKeys>
<primaryKeys>
<PrimaryKey class="oracle.dbtools.crest.model.design.storage.oracle.v10g.PKProxyOraclev10g" name="UNITS_FACT_PK" id="0720F004-9D40-B8A9-9F5B-43DC8996A9AB">
<createdBy>PSTOYANO</createdBy>
<createdTime>2012-12-12 05:01:49 UTC</createdTime>
<ownerDesignName>global11_demo</ownerDesignName>
<segment>87C42BB9-5B66-197A-F581-8074C869AF19</segment>
<tableSpace>2BB9FC8E-BC62-9D3F-6924-5E283D7484E1</tableSpace>
<existingIndex>94035618-9785-F5B9-9706-923083D7DF14</existingIndex>
<indexSegment>87C42BB9-5B66-197A-F581-8074C869AF19</indexSegment>
<indexSort>SORTED</indexSort>
<usingIndex>BY INDEX NAME</usingIndex>
</PrimaryKey>
</primaryKeys>
</TableProxyOraclev11g>