<?xml version = '1.0' encoding = 'UTF-8'?>
<TableProxyOraclev11g class="oracle.dbtools.crest.model.design.storage.oracle.v11g.TableProxyOraclev11g" name="CUST_ACCOUNT" directorySegmentName="seg_0" id="A3268B06-D0EA-3045-1C6D-A73356907C3E">
<createdBy>PSTOYANO</createdBy>
<createdTime>2012-12-21 10:24:35 UTC</createdTime>
<ownerDesignName>global11_demo</ownerDesignName>
<logging>YES</logging>
<partitionedRowMovement>DISABLE</partitionedRowMovement>
<segment>FB689752-4F60-A8DB-1EAE-CBF8DFB368E3</segment>
<tableSpace>2BB9FC8E-BC62-9D3F-6924-5E283D7484E1</tableSpace>
<columnProxies>
<ColumnProxy class="oracle.dbtools.crest.model.design.storage.oracle.v11g.ColumnProxyOraclev11g" name="SHIP_TO_DSC" id="0BE8C45C-AEE0-FEB4-9B6A-23BCE3227593">
<createdBy>PSTOYANO</createdBy>
<createdTime>2012-12-21 10:24:35 UTC</createdTime>
<ownerDesignName>global11_demo</ownerDesignName>
</ColumnProxy>
<ColumnProxy class="oracle.dbtools.crest.model.design.storage.oracle.v11g.ColumnProxyOraclev11g" name="FAX" id="0E88C289-E1D7-13A3-DA29-F32380943A77">
<createdBy>PSTOYANO</createdBy>
<createdTime>2012-12-21 10:24:35 UTC</createdTime>
<ownerDesignName>global11_demo</ownerDesignName>
</ColumnProxy>
<ColumnProxy class="oracle.dbtools.crest.model.design.storage.oracle.v11g.ColumnProxyOraclev11g" name="ZIP_PC" id="28C140E5-8F8E-10EF-3B4E-84567785102C">
<createdBy>PSTOYANO</createdBy>
<createdTime>2012-12-21 10:24:35 UTC</createdTime>
<ownerDesignName>global11_demo</ownerDesignName>
</ColumnProxy>
<ColumnProxy class="oracle.dbtools.crest.model.design.storage.oracle.v11g.ColumnProxyOraclev11g" name="COUNTRY" id="3CE3CA16-6EDD-28F3-E851-7CD5380F83BD">
<createdBy>PSTOYANO</createdBy>
<createdTime>2012-12-21 10:24:35 UTC</createdTime>
<ownerDesignName>global11_demo</ownerDesignName>
</ColumnProxy>
<ColumnProxy class="oracle.dbtools.crest.model.design.storage.oracle.v11g.ColumnProxyOraclev11g" name="ADDRESS" id="448E09DE-C97A-2266-3C11-294CCCECDCBD">
<createdBy>PSTOYANO</createdBy>
<createdTime>2012-12-21 10:24:35 UTC</createdTime>
<ownerDesignName>global11_demo</ownerDesignName>
</ColumnProxy>
<ColumnProxy class="oracle.dbtools.crest.model.design.storage.oracle.v11g.ColumnProxyOraclev11g" name="ACCOUNT_ID" id="4FF8DD46-B172-021A-C0EF-D0543601CBE4">
<createdBy>PSTOYANO</createdBy>
<createdTime>2012-12-21 10:24:35 UTC</createdTime>
<ownerDesignName>global11_demo</ownerDesignName>
</ColumnProxy>
<ColumnProxy class="oracle.dbtools.crest.model.design.storage.oracle.v11g.ColumnProxyOraclev11g" name="LASTNAME" id="542F70E2-EFF2-E2E7-80F4-FE6D58E2368A">
<createdBy>PSTOYANO</createdBy>
<createdTime>2012-12-21 10:24:35 UTC</createdTime>
<ownerDesignName>global11_demo</ownerDesignName>
</ColumnProxy>
<ColumnProxy class="oracle.dbtools.crest.model.design.storage.oracle.v11g.ColumnProxyOraclev11g" name="EMAIL" id="596375CB-7161-079D-B6E2-C3FC557CF79A">
<createdBy>PSTOYANO</createdBy>
<createdTime>2012-12-21 10:24:35 UTC</createdTime>
<ownerDesignName>global11_demo</ownerDesignName>
</ColumnProxy>
<ColumnProxy class="oracle.dbtools.crest.model.design.storage.oracle.v11g.ColumnProxyOraclev11g" name="CITY" id="88E491A2-5758-F78C-E967-69E53660856F">
<createdBy>PSTOYANO</createdBy>
<createdTime>2012-12-21 10:24:35 UTC</createdTime>
<ownerDesignName>global11_demo</ownerDesignName>
</ColumnProxy>
<ColumnProxy class="oracle.dbtools.crest.model.design.storage.oracle.v11g.ColumnProxyOraclev11g" name="SHIP_TO_ID" id="9BC1E906-5C82-6D72-09E5-C5AD74462548">
<createdBy>PSTOYANO</createdBy>
<createdTime>2012-12-21 10:24:35 UTC</createdTime>
<ownerDesignName>global11_demo</ownerDesignName>
</ColumnProxy>
<ColumnProxy class="oracle.dbtools.crest.model.design.storage.oracle.v11g.ColumnProxyOraclev11g" name="SHIP_TO_DSC_DUTCH" id="C2C98F82-8111-FB60-DCB7-CD89C4DD13EB">
<createdBy>PSTOYANO</createdBy>
<createdTime>2012-12-21 10:24:35 UTC</createdTime>
<ownerDesignName>global11_demo</ownerDesignName>
</ColumnProxy>
<ColumnProxy class="oracle.dbtools.crest.model.design.storage.oracle.v11g.ColumnProxyOraclev11g" name="ADDRESS2" id="CB1BB9B8-66AA-091D-E78B-C9ADC6B9FBB0">
<createdBy>PSTOYANO</createdBy>
<createdTime>2012-12-21 10:24:35 UTC</createdTime>
<ownerDesignName>global11_demo</ownerDesignName>
</ColumnProxy>
<ColumnProxy class="oracle.dbtools.crest.model.design.storage.oracle.v11g.ColumnProxyOraclev11g" name="PHONE" id="E7441BCA-2420-04B5-3AA7-CC46AE892680">
<createdBy>PSTOYANO</createdBy>
<createdTime>2012-12-21 10:24:35 UTC</createdTime>
<ownerDesignName>global11_demo</ownerDesignName>
</ColumnProxy>
<ColumnProxy class="oracle.dbtools.crest.model.design.storage.oracle.v11g.ColumnProxyOraclev11g" name="SHIP_TO_DSC_FRENCH" id="F078474D-59EF-0488-62F9-66C3ECD21C65">
<createdBy>PSTOYANO</createdBy>
<createdTime>2012-12-21 10:24:35 UTC</createdTime>
<ownerDesignName>global11_demo</ownerDesignName>
</ColumnProxy>
<ColumnProxy class="oracle.dbtools.crest.model.design.storage.oracle.v11g.ColumnProxyOraclev11g" name="FIRSTNAME" id="F34645E6-2852-8771-B85B-ADB33282EC8A">
<createdBy>PSTOYANO</createdBy>
<createdTime>2012-12-21 10:24:35 UTC</createdTime>
<ownerDesignName>global11_demo</ownerDesignName>
</ColumnProxy>
</columnProxies>
</TableProxyOraclev11g>