<?xml version = '1.0' encoding = 'UTF-8'?>
<Slice class="oracle.dbtools.crest.model.design.multidimensional.Slice" name="Slice_1" directorySegmentName="seg_0" id="633A5324-A61D-7255-0DCD-E84C0539EBE7">
<createdBy>PSTOYANO</createdBy>
<createdTime>2012-12-28 07:06:48 UTC</createdTime>
<ownerDesignName>global11_demo</ownerDesignName>
<nameInOracleAW>SLICE_1</nameInOracleAW>
<fullyRealized>false</fullyRealized>
<readOnlySlice>true</readOnlySlice>
<selectedMeasureWrappers>
<selectedMeasureWrapper class="oracle.dbtools.crest.model.design.multidimensional.Slice$MeasureWrapper">
<aggrFuncId>3</aggrFuncId>
<measureId>36A343FC-A337-2A3F-A6F2-00F749519002</measureId>
</selectedMeasureWrapper>
</selectedMeasureWrappers>
<selectedLevels>
<selectedLevel class="oracle.dbtools.crest.model.design.multidimensional.Slice$SelectedLevel">
<dimension>136FDFF4-79C2-A7C4-F1D5-3B7A2C3E72AC</dimension>
<hierarchy>74FC446E-9AED-A302-8C8B-ABE97C71F641</hierarchy>
<level>2934810D-BAE4-B5A0-6D40-A13BA605E31A</level>
<selAttrIDs>2D583215-9C76-57A4-A5A8-C8DCB9AADDE2</selAttrIDs>
</selectedLevel>
<selectedLevel class="oracle.dbtools.crest.model.design.multidimensional.Slice$SelectedLevel">
<dimension>A6BB9419-DE69-AC6B-CC0A-78A2BB6E6967</dimension>
<hierarchy>B1F12B04-DF5C-45B3-C3F2-120DB5D3F554</hierarchy>
<level>88DE3FC8-3264-2BBB-C6EB-5CBB0CAF0711</level>
<selAttrIDs>55F5B622-3C52-2A40-20D0-7BDF52BB2EF2</selAttrIDs>
</selectedLevel>
</selectedLevels>
</Slice>