<?xml version = '1.0' encoding = 'UTF-8'?>
<Dimension class="oracle.dbtools.crest.model.design.multidimensional.Dimension" name="Customers" directorySegmentName="seg_0" id="136FDFF4-79C2-A7C4-F1D5-3B7A2C3E72AC">
<createdBy>PSTOYANO</createdBy>
<createdTime>2012-12-17 12:47:00 UTC</createdTime>
<ownerDesignName>global11_demo</ownerDesignName>
<nameInOracleAW>CUSTOMER</nameInOracleAW>
<oracleLongName>Customers dim</oracleLongName>
<oracleShortName>Customers</oracleShortName>
<summaryLevels>
<summaryLevel>2934810D-BAE4-B5A0-6D40-A13BA605E31A</summaryLevel>
<summaryLevel>DDF01FA3-0F23-FC47-B316-CBAF1E41B04A</summaryLevel>
<summaryLevel>1F0254DF-8165-B197-25A9-F6EBA9DC4231</summaryLevel>
</summaryLevels>
</Dimension>