<?xml version = '1.0' encoding = 'UTF-8'?>
<Dimension class="oracle.dbtools.crest.model.design.multidimensional.Dimension" name="Shipto_Country" directorySegmentName="seg_0" id="A6BB9419-DE69-AC6B-CC0A-78A2BB6E6967">
<createdBy>PSTOYANO</createdBy>
<createdTime>2012-12-21 09:05:20 UTC</createdTime>
<ownerDesignName>global11_demo</ownerDesignName>
<nameInOracleAW>SHIPTO_COUNTRY</nameInOracleAW>
<summaryLevels>
<summaryLevel>88DE3FC8-3264-2BBB-C6EB-5CBB0CAF0711</summaryLevel>
</summaryLevels>
</Dimension>