<?xml version = '1.0' encoding = 'UTF-8'?>
<Dimension class="oracle.dbtools.crest.model.design.multidimensional.Dimension" name="Time" directorySegmentName="seg_0" id="E46D500E-D9C1-7DBB-098B-392AF0F366CC">
<createdBy>PSTOYANO</createdBy>
<createdTime>2013-01-09 08:31:09 UTC</createdTime>
<ownerDesignName>global11_demo</ownerDesignName>
<nameInOracleAW>TIME</nameInOracleAW>
<timeDimension>true</timeDimension>
<summaryLevels>
<summaryLevel>48B0E33F-732B-4134-7AD8-36EA93D51055</summaryLevel>
<summaryLevel>470612FC-5FC2-9DEA-7CAA-22186162408C</summaryLevel>
<summaryLevel>8C62AF9A-00EF-D530-4547-2658DE377ED0</summaryLevel>
</summaryLevels>
</Dimension>