<?xml version = '1.0' encoding = 'UTF-8'?>
<Diagram class="oracle.dbtools.crest.swingui.multidimensional.DPVMultidimensional" name="Multidimensional_1a" id="36AD4C47-9127-828C-C8BF-68B32849954B">
<createdBy>PSTOYANO</createdBy>
<createdTime>2012-12-17 12:41:39 UTC</createdTime>
<autoRoute>false</autoRoute>
<boxInbox>true</boxInbox>
<showLegend>false</showLegend>
<showLabels>false</showLabels>
<showRelAttributes>false</showRelAttributes>
<showGrid>false</showGrid>
<diagramColor>-1</diagramColor>
<display>false</display>
<notation>1</notation>
<compactDiagram class="oracle.dbtools.crest.swingui.multidimensional.DPVCompactMultidimentional" name="Multidimensional_1a - Compact Diagram" id="A10A8977-5C54-5F98-4C7B-5113CE7C40DB">
<createdBy>PSTOYANO</createdBy>
<createdTime>2012-12-17 12:41:39 UTC</createdTime>
<autoRoute>false</autoRoute>
<boxInbox>true</boxInbox>
<showLegend>false</showLegend>
<showLabels>false</showLabels>
<showRelAttributes>false</showRelAttributes>
<showGrid>false</showGrid>
<diagramColor>-1</diagramColor>
<display>false</display>
<notation>1</notation>
<objectViews>
<OView class="oracle.dbtools.crest.swingui.multidimensional.TVLevel" oid="001D8D79-EE3A-58E4-BE21-4A40DB18E8A8" otype="Level" vid="4475B2F6-B822-DCB9-76C4-88EF9582BF12">
<hideElementsInCurrentOnly>false</hideElementsInCurrentOnly>
<bounds x="838" y="524" width="80" height="30"/>
</OView>
<OView class="oracle.dbtools.crest.swingui.multidimensional.TVLevel" oid="116B1269-7CB8-5F9F-4BF3-C8D89B9E872D" otype="Level" vid="79294E93-1E7E-08CB-EDC7-D6CF16BD4079">
<hideElementsInCurrentOnly>false</hideElementsInCurrentOnly>
<bounds x="608" y="173" width="96" height="30"/>
</OView>
<OView class="oracle.dbtools.crest.swingui.multidimensional.TVDimension" oid="136FDFF4-79C2-A7C4-F1D5-3B7A2C3E72AC" otype="Dimension" vid="41599303-0014-D419-366B-2FA4BAE0F7A0">
<hideElementsInCurrentOnly>false</hideElementsInCurrentOnly>
<bounds x="404" y="239" width="103" height="30"/>
</OView>
<OView class="oracle.dbtools.crest.swingui.multidimensional.TVLevel" oid="1F0254DF-8165-B197-25A9-F6EBA9DC4231" otype="Level" vid="33CC4683-AB9D-033B-5C56-E6AC21387A46">
<hideElementsInCurrentOnly>false</hideElementsInCurrentOnly>
<bounds x="754" y="237" width="98" height="30"/>
</OView>
<OView class="oracle.dbtools.crest.swingui.multidimensional.TVLevel" oid="2934810D-BAE4-B5A0-6D40-A13BA605E31A" otype="Level" vid="FB20541C-EED0-D03C-6BB3-581C19F881D0">
<hideElementsInCurrentOnly>false</hideElementsInCurrentOnly>
<bounds x="585" y="239" width="80" height="30"/>
</OView>
<OView class="oracle.dbtools.crest.swingui.multidimensional.TVLevel" oid="293B4C4E-A1B1-8E68-09D4-B80D610CC3DD" otype="Level" vid="3EB5192D-832D-6359-C022-84CEBCB09CE9">
<hideElementsInCurrentOnly>false</hideElementsInCurrentOnly>
<bounds x="1211" y="173" width="80" height="30"/>
</OView>
<OView class="oracle.dbtools.crest.swingui.multidimensional.TVLevel" oid="29697BAB-47AD-2297-ACA8-9E195E122E13" otype="Level" vid="C1BFDE0A-CF3E-1EF9-07F5-03F34B077515">
<hideElementsInCurrentOnly>false</hideElementsInCurrentOnly>
<bounds x="936" y="411" width="80" height="30"/>
</OView>
<OView class="oracle.dbtools.crest.swingui.multidimensional.TVLevel" oid="3B18749D-23EE-C9CF-ED09-68B863D48630" otype="Level" vid="98051A55-761E-DD3B-6C10-5D59BBAB094A">
<hideElementsInCurrentOnly>false</hideElementsInCurrentOnly>
<bounds x="394" y="354" width="80" height="30"/>
</OView>
<OView class="oracle.dbtools.crest.swingui.multidimensional.TVDimension" oid="400DCF40-5BA0-16D4-2500-55873173737F" otype="Dimension" vid="2FA9C036-EB67-B42A-26CC-C6D7D57730C3">
<hideElementsInCurrentOnly>false</hideElementsInCurrentOnly>
<bounds x="310" y="516" width="93" height="30"/>
</OView>
<OView class="oracle.dbtools.crest.swingui.multidimensional.TVLevel" oid="470612FC-5FC2-9DEA-7CAA-22186162408C" otype="Level" vid="8041F8F0-6E36-DF9D-8993-688EF7487B20">
<hideElementsInCurrentOnly>false</hideElementsInCurrentOnly>
<bounds x="604" y="40" width="122" height="30"/>
</OView>
<OView class="oracle.dbtools.crest.swingui.multidimensional.TVDimension" oid="474BD63F-734D-E47A-B9E8-0A9A4BBA0C12" otype="Dimension" vid="2A5D7A1D-B471-4DDD-32E3-C26A9D3B79CE">
<hideElementsInCurrentOnly>false</hideElementsInCurrentOnly>
<bounds x="388" y="298" width="102" height="30"/>
</OView>
<OView class="oracle.dbtools.crest.swingui.multidimensional.TVLevel" oid="48B0E33F-732B-4134-7AD8-36EA93D51055" otype="Level" vid="4A94791C-E520-9DE1-5FAF-FB4B42E91B67">
<hideElementsInCurrentOnly>false</hideElementsInCurrentOnly>
<bounds x="448" y="41" width="80" height="30"/>
</OView>
<OView class="oracle.dbtools.crest.swingui.multidimensional.TVLevel" oid="494C2042-26D8-7FA3-736F-850BCD6F9157" otype="Level" vid="9DD750CD-311A-2747-D002-819A285815F2">
<hideElementsInCurrentOnly>false</hideElementsInCurrentOnly>
<bounds x="917" y="238" width="80" height="30"/>
</OView>
<OView class="oracle.dbtools.crest.swingui.multidimensional.TVLevel" oid="6AA759DC-2F77-FD5D-038E-5D5ABA4169B7" otype="Level" vid="637BB65B-B5BE-30B1-9FFA-AA41CC897BBA">
<hideElementsInCurrentOnly>false</hideElementsInCurrentOnly>
<bounds x="942" y="44" width="80" height="30"/>
</OView>
<OView class="oracle.dbtools.crest.swingui.multidimensional.TVLevel" oid="76E5D44C-773C-B09F-A45C-DA4ABCC34657" otype="Level" vid="3CAAC4FD-845E-B502-6686-7391A4184DB7">
<hideElementsInCurrentOnly>false</hideElementsInCurrentOnly>
<bounds x="779" y="106" width="99" height="30"/>
</OView>
<OView class="oracle.dbtools.crest.swingui.multidimensional.TVLevel" oid="88DE3FC8-3264-2BBB-C6EB-5CBB0CAF0711" otype="Level" vid="80D34B8E-C4BB-5371-74B7-C31F6736D46C">
<hideElementsInCurrentOnly>false</hideElementsInCurrentOnly>
<bounds x="623" y="415" width="80" height="30"/>
</OView>
<OView class="oracle.dbtools.crest.swingui.multidimensional.TVLevel" oid="8C62AF9A-00EF-D530-4547-2658DE377ED0" otype="Level" vid="572DCBA1-6362-4790-EC90-4475861A6928">
<hideElementsInCurrentOnly>false</hideElementsInCurrentOnly>
<bounds x="608" y="97" width="103" height="30"/>
</OView>
<OView class="oracle.dbtools.crest.swingui.multidimensional.TVLevel" oid="8C827BFD-E819-3C24-5073-02F5028DAF38" otype="Level" vid="BA1B66EF-1D4F-518D-4DD0-EFEE2191105F">
<hideElementsInCurrentOnly>false</hideElementsInCurrentOnly>
<bounds x="1104" y="236" width="80" height="30"/>
</OView>
<OView class="oracle.dbtools.crest.swingui.multidimensional.TVLevel" oid="9B3B0499-AADB-E609-A8F0-F8087A3AA761" otype="Level" vid="9C2828BC-27A8-1FA0-E67D-AC808178C92A">
<hideElementsInCurrentOnly>false</hideElementsInCurrentOnly>
<bounds x="769" y="415" width="80" height="30"/>
</OView>
<OView class="oracle.dbtools.crest.swingui.multidimensional.TVCube" oid="9C40ACAC-E558-DC3C-CB8A-70C9FA32BE3A" otype="Cube" vid="7FC514E8-E46A-8D97-D919-29A25990921B">
<hideElementsInCurrentOnly>false</hideElementsInCurrentOnly>
<bounds x="32" y="211" width="292" height="292"/>
</OView>
<OView class="oracle.dbtools.crest.swingui.multidimensional.TVLevel" oid="A33DAC83-A47B-5E35-0DF4-57BD53D3C137" otype="Level" vid="648DF220-3306-A0C7-40BE-C73FBB10C4B6">
<hideElementsInCurrentOnly>false</hideElementsInCurrentOnly>
<bounds x="994" y="525" width="115" height="30"/>
</OView>
<OView class="oracle.dbtools.crest.swingui.multidimensional.TVDimension" oid="A6BB9419-DE69-AC6B-CC0A-78A2BB6E6967" otype="Dimension" vid="C7FB66E3-C6AF-F5B6-68FA-EAFD3F141A76">
<hideElementsInCurrentOnly>false</hideElementsInCurrentOnly>
<bounds x="419" y="413" width="125" height="30"/>
</OView>
<OView class="oracle.dbtools.crest.swingui.multidimensional.TVLevel" oid="A6F13826-F8E6-2CF9-BBBD-57B8590F6868" otype="Level" vid="634E66EB-C514-6DD3-2492-34F0D6A07FB2">
<hideElementsInCurrentOnly>false</hideElementsInCurrentOnly>
<bounds x="771" y="37" width="102" height="30"/>
</OView>
<OView class="oracle.dbtools.crest.swingui.multidimensional.TVLevel" oid="BC274463-281B-C0DE-2D63-C71F43BAFCDD" otype="Level" vid="FE193154-2FBD-77BE-E623-4127CA226CB5">
<hideElementsInCurrentOnly>false</hideElementsInCurrentOnly>
<bounds x="551" y="518" width="80" height="30"/>
</OView>
<OView class="oracle.dbtools.crest.swingui.multidimensional.TVLevel" oid="CAE7C507-927D-7832-24FF-C31AF40409B8" otype="Level" vid="4A5366BB-480C-8E7B-28F3-53F18C95EDA8">
<hideElementsInCurrentOnly>false</hideElementsInCurrentOnly>
<bounds x="1087" y="306" width="112" height="30"/>
</OView>
<OView class="oracle.dbtools.crest.swingui.multidimensional.TVLevel" oid="DDF01FA3-0F23-FC47-B316-CBAF1E41B04A" otype="Level" vid="FFCC49B9-5BC9-3681-DFEC-3B70D6928D7E">
<hideElementsInCurrentOnly>false</hideElementsInCurrentOnly>
<bounds x="780" y="173" width="110" height="30"/>
</OView>
<OView class="oracle.dbtools.crest.swingui.multidimensional.TVLevel" oid="E261D11B-B85C-8AC3-E1EB-229DD5684EC3" otype="Level" vid="B8C36F59-1FBF-E5A2-EB7F-1F719653D383">
<hideElementsInCurrentOnly>false</hideElementsInCurrentOnly>
<bounds x="766" y="305" width="80" height="30"/>
</OView>
<OView class="oracle.dbtools.crest.swingui.multidimensional.TVLevel" oid="E3D172DD-D2A5-85B3-5069-76ACB713BD0F" otype="Level" vid="DD49FA71-D847-ACE0-E62A-F78EDD953AA1">
<hideElementsInCurrentOnly>false</hideElementsInCurrentOnly>
<bounds x="975" y="173" width="138" height="30"/>
</OView>
<OView class="oracle.dbtools.crest.swingui.multidimensional.TVDimension" oid="E46D500E-D9C1-7DBB-098B-392AF0F366CC" otype="Dimension" vid="802395FD-4A3A-A8E8-6853-DDB86CC036E5">
<hideElementsInCurrentOnly>false</hideElementsInCurrentOnly>
<bounds x="281" y="45" width="80" height="45"/>
</OView>
<OView class="oracle.dbtools.crest.swingui.multidimensional.TVLevel" oid="E640273B-D6E9-51EF-3BD8-03B4C91474EC" otype="Level" vid="21C5DEE4-5E1A-CB3E-6AC0-B03FC4A5AF1A">
<hideElementsInCurrentOnly>false</hideElementsInCurrentOnly>
<bounds x="699" y="521" width="80" height="30"/>
</OView>
</objectViews>
<connectors>
<Connector class="oracle.dbtools.crest.swingui.multidimensional.TVLink" oid="047C325D-8FDF-1E17-762D-A8FB1BEDD700" otype="Link" vid_source="7FC514E8-E46A-8D97-D919-29A25990921B" vid_target="C7FB66E3-C6AF-F5B6-68FA-EAFD3F141A76">
<hideElementsInCurrentOnly>false</hideElementsInCurrentOnly>
<lineWidth>1</lineWidth>
<points>
<point x="324" y="428"/>
<point x="419" y="428"/>
</points>
</Connector>
<Connector class="oracle.dbtools.crest.swingui.multidimensional.TVLink" oid="05602C76-B872-2110-A2D9-6F8354E29530" otype="Link" vid_source="FB20541C-EED0-D03C-6BB3-581C19F881D0" vid_target="79294E93-1E7E-08CB-EDC7-D6CF16BD4079">
<hideElementsInCurrentOnly>false</hideElementsInCurrentOnly>
<lineWidth>1</lineWidth>
<points>
<point x="636" y="239"/>
<point x="636" y="203"/>
</points>
</Connector>
<Connector class="oracle.dbtools.crest.swingui.multidimensional.TVLink" oid="1A39EAA7-7FF6-DD05-E2FB-E6E29FF8C783" otype="Link" vid_source="33CC4683-AB9D-033B-5C56-E6AC21387A46" vid_target="9DD750CD-311A-2747-D002-819A285815F2">
<hideElementsInCurrentOnly>false</hideElementsInCurrentOnly>
<lineWidth>1</lineWidth>
<points>
<point x="852" y="252"/>
<point x="917" y="252"/>
</points>
</Connector>
<Connector class="oracle.dbtools.crest.swingui.multidimensional.TVLink" oid="1C56D5D0-5A37-DCC8-296C-26327011E84B" otype="Link" vid_source="FFCC49B9-5BC9-3681-DFEC-3B70D6928D7E" vid_target="DD49FA71-D847-ACE0-E62A-F78EDD953AA1">
<hideElementsInCurrentOnly>false</hideElementsInCurrentOnly>
<lineWidth>1</lineWidth>
<points>
<point x="890" y="188"/>
<point x="975" y="188"/>
</points>
</Connector>
<Connector class="oracle.dbtools.crest.swingui.multidimensional.TVLink" oid="250F9020-76B1-C802-B9BA-DE7762FA23DE" otype="Link" vid_source="9DD750CD-311A-2747-D002-819A285815F2" vid_target="BA1B66EF-1D4F-518D-4DD0-EFEE2191105F">
<hideElementsInCurrentOnly>false</hideElementsInCurrentOnly>
<lineWidth>1</lineWidth>
<points>
<point x="997" y="252"/>
<point x="1104" y="252"/>
</points>
</Connector>
<Connector class="oracle.dbtools.crest.swingui.multidimensional.TVLink" oid="2533B74B-D1F6-F2DB-4A9F-FAA6E0634798" otype="Link" vid_source="C7FB66E3-C6AF-F5B6-68FA-EAFD3F141A76" vid_target="80D34B8E-C4BB-5371-74B7-C31F6736D46C">
<hideElementsInCurrentOnly>false</hideElementsInCurrentOnly>
<lineWidth>1</lineWidth>
<points>
<point x="544" y="429"/>
<point x="623" y="429"/>
</points>
</Connector>
<Connector class="oracle.dbtools.crest.swingui.multidimensional.TVLink" oid="280374BC-C06A-89A8-96A3-FA5F2CF37233" otype="Link" vid_source="7FC514E8-E46A-8D97-D919-29A25990921B" vid_target="802395FD-4A3A-A8E8-6853-DDB86CC036E5">
<hideElementsInCurrentOnly>false</hideElementsInCurrentOnly>
<lineWidth>1</lineWidth>
<centerLabel class="oracle.dbtools.crest.model.design.Label">
<site>1</site>
<labelBounds x="0" y="0" width="72" height="20"/>
<fonts itemClass="oracle.dbtools.crest.model.design.FontObjectWr">
<FontObject>
<foType>Text</foType>
<colorRGB>-16777216</colorRGB>
</FontObject>
</fonts>
</centerLabel>
<points>
<point x="178" y="211"/>
<point x="178" y="81"/>
<point x="281" y="81"/>
</points>
</Connector>
<Connector class="oracle.dbtools.crest.swingui.multidimensional.TVLink" oid="3B54092C-BF06-1BCF-F801-C2E04BF62BB0" otype="Link" vid_source="634E66EB-C514-6DD3-2492-34F0D6A07FB2" vid_target="637BB65B-B5BE-30B1-9FFA-AA41CC897BBA">
<hideElementsInCurrentOnly>false</hideElementsInCurrentOnly>
<lineWidth>1</lineWidth>
<points>
<point x="873" y="55"/>
<point x="942" y="55"/>
</points>
</Connector>
<Connector class="oracle.dbtools.crest.swingui.multidimensional.TVLink" oid="4C06F71D-366F-03AD-AB08-AB9C15799278" otype="Link" vid_source="7FC514E8-E46A-8D97-D919-29A25990921B" vid_target="802395FD-4A3A-A8E8-6853-DDB86CC036E5">
<hideElementsInCurrentOnly>false</hideElementsInCurrentOnly>
<lineWidth>1</lineWidth>
<centerLabel class="oracle.dbtools.crest.model.design.Label">
<site>1</site>
<labelBounds x="-44" y="-11" width="86" height="20"/>
<fonts itemClass="oracle.dbtools.crest.model.design.FontObjectWr">
<FontObject>
<foType>Text</foType>
<colorRGB>-16777216</colorRGB>
</FontObject>
</fonts>
</centerLabel>
<points>
<point x="302" y="211"/>
<point x="302" y="90"/>
</points>
</Connector>
<Connector class="oracle.dbtools.crest.swingui.multidimensional.TVLink" oid="4D5E35EC-D6C8-0A9B-BD31-422AE5BC2ED5" otype="Link" vid_source="41599303-0014-D419-366B-2FA4BAE0F7A0" vid_target="FB20541C-EED0-D03C-6BB3-581C19F881D0">
<hideElementsInCurrentOnly>false</hideElementsInCurrentOnly>
<lineWidth>1</lineWidth>
<points>
<point x="507" y="258"/>
<point x="533" y="258"/>
<point x="585" y="258"/>
</points>
</Connector>
<Connector class="oracle.dbtools.crest.swingui.multidimensional.TVLink" oid="51C40A40-CB40-9DB0-F05E-86BAE2761C9A" otype="Link" vid_source="2FA9C036-EB67-B42A-26CC-C6D7D57730C3" vid_target="FE193154-2FBD-77BE-E623-4127CA226CB5">
<hideElementsInCurrentOnly>false</hideElementsInCurrentOnly>
<lineWidth>1</lineWidth>
<points>
<point x="403" y="532"/>
<point x="551" y="532"/>
</points>
</Connector>
<Connector class="oracle.dbtools.crest.swingui.multidimensional.TVLink" oid="6CE4090C-B5BB-0949-9E16-C9A2E3C2D1CA" otype="Link" vid_source="572DCBA1-6362-4790-EC90-4475861A6928" vid_target="3CAAC4FD-845E-B502-6686-7391A4184DB7">
<hideElementsInCurrentOnly>false</hideElementsInCurrentOnly>
<lineWidth>1</lineWidth>
<points>
<point x="711" y="116"/>
<point x="779" y="116"/>
</points>
</Connector>
<Connector class="oracle.dbtools.crest.swingui.multidimensional.TVLink" oid="6CF8318B-1966-2081-3427-EC176D9E9A5A" otype="Link" vid_source="2A5D7A1D-B471-4DDD-32E3-C26A9D3B79CE" vid_target="98051A55-761E-DD3B-6C10-5D59BBAB094A">
<hideElementsInCurrentOnly>false</hideElementsInCurrentOnly>
<lineWidth>1</lineWidth>
<points>
<point x="434" y="328"/>
<point x="434" y="354"/>
</points>
</Connector>
<Connector class="oracle.dbtools.crest.swingui.multidimensional.TVLink" oid="77C82744-C744-5F1F-61C1-80C379915A5F" otype="Link" vid_source="DD49FA71-D847-ACE0-E62A-F78EDD953AA1" vid_target="3EB5192D-832D-6359-C022-84CEBCB09CE9">
<hideElementsInCurrentOnly>false</hideElementsInCurrentOnly>
<lineWidth>1</lineWidth>
<points>
<point x="1113" y="193"/>
<point x="1211" y="193"/>
</points>
</Connector>
<Connector class="oracle.dbtools.crest.swingui.multidimensional.TVLink" oid="844BF4B5-10AB-E456-2EA6-44517F14EE1A" otype="Link" vid_source="21C5DEE4-5E1A-CB3E-6AC0-B03FC4A5AF1A" vid_target="4475B2F6-B822-DCB9-76C4-88EF9582BF12">
<hideElementsInCurrentOnly>false</hideElementsInCurrentOnly>
<lineWidth>1</lineWidth>
<points>
<point x="779" y="537"/>
<point x="838" y="537"/>
</points>
</Connector>
<Connector class="oracle.dbtools.crest.swingui.multidimensional.TVLink" oid="9FDDB74E-ACA8-E17B-CAE1-D4A9AD5C4D54" otype="Link" vid_source="80D34B8E-C4BB-5371-74B7-C31F6736D46C" vid_target="9C2828BC-27A8-1FA0-E67D-AC808178C92A">
<hideElementsInCurrentOnly>false</hideElementsInCurrentOnly>
<lineWidth>1</lineWidth>
<points>
<point x="703" y="430"/>
<point x="769" y="430"/>
</points>
</Connector>
<Connector class="oracle.dbtools.crest.swingui.multidimensional.TVLink" oid="A15BAD88-5842-B4BB-1880-92C453E62875" otype="Link" vid_source="3CAAC4FD-845E-B502-6686-7391A4184DB7" vid_target="637BB65B-B5BE-30B1-9FFA-AA41CC897BBA">
<hideElementsInCurrentOnly>false</hideElementsInCurrentOnly>
<lineWidth>1</lineWidth>
<points>
<point x="878" y="115"/>
<point x="985" y="115"/>
<point x="985" y="74"/>
</points>
</Connector>
<Connector class="oracle.dbtools.crest.swingui.multidimensional.TVLink" oid="A85A53A3-5BCB-3810-3BA1-8BD9C48BF780" otype="Link" vid_source="4A94791C-E520-9DE1-5FAF-FB4B42E91B67" vid_target="572DCBA1-6362-4790-EC90-4475861A6928">
<hideElementsInCurrentOnly>false</hideElementsInCurrentOnly>
<lineWidth>1</lineWidth>
<points>
<point x="478" y="71"/>
<point x="478" y="113"/>
<point x="608" y="113"/>
</points>
</Connector>
<Connector class="oracle.dbtools.crest.swingui.multidimensional.TVLink" oid="ABCBFE0B-07B2-1EC6-E082-855DBCA57419" otype="Link" vid_source="9C2828BC-27A8-1FA0-E67D-AC808178C92A" vid_target="C1BFDE0A-CF3E-1EF9-07F5-03F34B077515">
<hideElementsInCurrentOnly>false</hideElementsInCurrentOnly>
<lineWidth>1</lineWidth>
<points>
<point x="849" y="428"/>
<point x="936" y="428"/>
</points>
</Connector>
<Connector class="oracle.dbtools.crest.swingui.multidimensional.TVLink" oid="AD2F7783-2285-4E09-7465-98434597CD44" otype="Link" vid_source="B8C36F59-1FBF-E5A2-EB7F-1F719653D383" vid_target="4A5366BB-480C-8E7B-28F3-53F18C95EDA8">
<hideElementsInCurrentOnly>false</hideElementsInCurrentOnly>
<lineWidth>1</lineWidth>
<points>
<point x="846" y="320"/>
<point x="1087" y="320"/>
</points>
</Connector>
<Connector class="oracle.dbtools.crest.swingui.multidimensional.TVLink" oid="B4390D8E-81F2-BF30-F5C9-2B98D32F049B" otype="Link" vid_source="79294E93-1E7E-08CB-EDC7-D6CF16BD4079" vid_target="FFCC49B9-5BC9-3681-DFEC-3B70D6928D7E">
<hideElementsInCurrentOnly>false</hideElementsInCurrentOnly>
<lineWidth>1</lineWidth>
<points>
<point x="704" y="188"/>
<point x="780" y="188"/>
</points>
</Connector>
<Connector class="oracle.dbtools.crest.swingui.multidimensional.TVLink" oid="BBDF1499-AD35-460B-9A12-8D4D4E297754" otype="Link" vid_source="7FC514E8-E46A-8D97-D919-29A25990921B" vid_target="2A5D7A1D-B471-4DDD-32E3-C26A9D3B79CE">
<hideElementsInCurrentOnly>false</hideElementsInCurrentOnly>
<lineWidth>1</lineWidth>
<points>
<point x="324" y="313"/>
<point x="388" y="313"/>
</points>
</Connector>
<Connector class="oracle.dbtools.crest.swingui.multidimensional.TVLink" oid="BFC2A5F9-6DDD-7D44-DD01-C2A885630B05" otype="Link" vid_source="7FC514E8-E46A-8D97-D919-29A25990921B" vid_target="41599303-0014-D419-366B-2FA4BAE0F7A0">
<hideElementsInCurrentOnly>false</hideElementsInCurrentOnly>
<lineWidth>1</lineWidth>
<points>
<point x="324" y="254"/>
<point x="404" y="254"/>
</points>
</Connector>
<Connector class="oracle.dbtools.crest.swingui.multidimensional.TVLink" oid="CE5BADB7-EA6C-1691-4965-A550FEE390AB" otype="Link" vid_source="FE193154-2FBD-77BE-E623-4127CA226CB5" vid_target="21C5DEE4-5E1A-CB3E-6AC0-B03FC4A5AF1A">
<hideElementsInCurrentOnly>false</hideElementsInCurrentOnly>
<lineWidth>1</lineWidth>
<points>
<point x="631" y="534"/>
<point x="699" y="534"/>
</points>
</Connector>
<Connector class="oracle.dbtools.crest.swingui.multidimensional.TVLink" oid="E1185729-076B-FF9E-F7E0-25C356B55E7B" otype="Link" vid_source="4A5366BB-480C-8E7B-28F3-53F18C95EDA8" vid_target="BA1B66EF-1D4F-518D-4DD0-EFEE2191105F">
<hideElementsInCurrentOnly>false</hideElementsInCurrentOnly>
<lineWidth>1</lineWidth>
<points>
<point x="1144" y="306"/>
<point x="1144" y="266"/>
</points>
</Connector>
<Connector class="oracle.dbtools.crest.swingui.multidimensional.TVLink" oid="EB2D05AA-99AE-CE00-8700-AD9AD2C3D224" otype="Link" vid_source="FB20541C-EED0-D03C-6BB3-581C19F881D0" vid_target="33CC4683-AB9D-033B-5C56-E6AC21387A46">
<hideElementsInCurrentOnly>false</hideElementsInCurrentOnly>
<lineWidth>1</lineWidth>
<points>
<point x="665" y="253"/>
<point x="754" y="253"/>
</points>
</Connector>
<Connector class="oracle.dbtools.crest.swingui.multidimensional.TVLink" oid="EB56E9AD-9F8A-B1CC-0F14-2DEC7F1B6EF8" otype="Link" vid_source="8041F8F0-6E36-DF9D-8993-688EF7487B20" vid_target="634E66EB-C514-6DD3-2492-34F0D6A07FB2">
<hideElementsInCurrentOnly>false</hideElementsInCurrentOnly>
<lineWidth>1</lineWidth>
<points>
<point x="726" y="53"/>
<point x="771" y="53"/>
</points>
</Connector>
<Connector class="oracle.dbtools.crest.swingui.multidimensional.TVLink" oid="EEB522F9-B767-B7FA-584C-9115E68A7B32" otype="Link" vid_source="4A94791C-E520-9DE1-5FAF-FB4B42E91B67" vid_target="8041F8F0-6E36-DF9D-8993-688EF7487B20">
<hideElementsInCurrentOnly>false</hideElementsInCurrentOnly>
<lineWidth>1</lineWidth>
<points>
<point x="528" y="55"/>
<point x="604" y="55"/>
</points>
</Connector>
<Connector class="oracle.dbtools.crest.swingui.multidimensional.TVRaggedHLink" oid="EF91D187-CAED-5EF4-17FF-DEFE390C5B27" otype="RaggedHLink" vid_source="FFCC49B9-5BC9-3681-DFEC-3B70D6928D7E" vid_target="3EB5192D-832D-6359-C022-84CEBCB09CE9">
<hideElementsInCurrentOnly>false</hideElementsInCurrentOnly>
<lineWidth>1</lineWidth>
<points>
<point x="846" y="173"/>
<point x="846" y="154"/>
<point x="1236" y="153"/>
<point x="1236" y="173"/>
</points>
</Connector>
<Connector class="oracle.dbtools.crest.swingui.multidimensional.TVLink" oid="F2CD05C3-2A4F-1A1A-AC4A-719A70B5B72C" otype="Link" vid_source="7FC514E8-E46A-8D97-D919-29A25990921B" vid_target="802395FD-4A3A-A8E8-6853-DDB86CC036E5">
<hideElementsInCurrentOnly>false</hideElementsInCurrentOnly>
<lineWidth>1</lineWidth>
<centerLabel class="oracle.dbtools.crest.model.design.Label">
<site>1</site>
<labelBounds x="-43" y="-11" width="84" height="20"/>
<fonts itemClass="oracle.dbtools.crest.model.design.FontObjectWr">
<FontObject>
<foType>Text</foType>
<colorRGB>-16777216</colorRGB>
</FontObject>
</fonts>
</centerLabel>
<points>
<point x="134" y="211"/>
<point x="134" y="54"/>
<point x="281" y="54"/>
</points>
</Connector>
<Connector class="oracle.dbtools.crest.swingui.multidimensional.TVLink" oid="F7E6C4EB-7A23-0C60-DBD3-EB0F29A96BB5" otype="Link" vid_source="802395FD-4A3A-A8E8-6853-DDB86CC036E5" vid_target="4A94791C-E520-9DE1-5FAF-FB4B42E91B67">
<hideElementsInCurrentOnly>false</hideElementsInCurrentOnly>
<lineWidth>1</lineWidth>
<points>
<point x="361" y="58"/>
<point x="448" y="58"/>
</points>
</Connector>
<Connector class="oracle.dbtools.crest.swingui.multidimensional.TVLink" oid="FF998242-0B4D-EA0C-8ECF-864BD4A1B1B4" otype="Link" vid_source="4475B2F6-B822-DCB9-76C4-88EF9582BF12" vid_target="648DF220-3306-A0C7-40BE-C73FBB10C4B6">
<hideElementsInCurrentOnly>false</hideElementsInCurrentOnly>
<lineWidth>1</lineWidth>
<points>
<point x="918" y="539"/>
<point x="994" y="539"/>
</points>
</Connector>
</connectors>
</compactDiagram>
<objectViews>
<OView class="oracle.dbtools.crest.swingui.multidimensional.TVLevel" oid="001D8D79-EE3A-58E4-BE21-4A40DB18E8A8" otype="Level" vid="DC2F6832-16E1-5A86-EBCB-D1B274EFFD66">
<hideElementsInCurrentOnly>false</hideElementsInCurrentOnly>
<bounds x="1084" y="863" width="170" height="112"/>
</OView>
<OView class="oracle.dbtools.crest.swingui.multidimensional.TVLevel" oid="116B1269-7CB8-5F9F-4BF3-C8D89B9E872D" otype="Level" vid="E3D08FD3-4804-29E0-FD55-9EF9C9037129">
<hideElementsInCurrentOnly>false</hideElementsInCurrentOnly>
<bounds x="603" y="310" width="170" height="94"/>
</OView>
<OView class="oracle.dbtools.crest.swingui.multidimensional.TVDimension" oid="136FDFF4-79C2-A7C4-F1D5-3B7A2C3E72AC" otype="Dimension" vid="D7553BE4-2573-F72C-1769-E319D99018D8">
<hideElementsInCurrentOnly>false</hideElementsInCurrentOnly>
<bounds x="308" y="506" width="109" height="30"/>
</OView>
<OView class="oracle.dbtools.crest.swingui.multidimensional.TVLevel" oid="1F0254DF-8165-B197-25A9-F6EBA9DC4231" otype="Level" vid="FA45CBC8-B617-3DCB-9FDB-36232FA40088">
<hideElementsInCurrentOnly>false</hideElementsInCurrentOnly>
<bounds x="750" y="457" width="170" height="99"/>
</OView>
<OView class="oracle.dbtools.crest.swingui.multidimensional.TVLevel" oid="2934810D-BAE4-B5A0-6D40-A13BA605E31A" otype="Level" vid="9654CD0A-7133-BEAD-59F3-930196887A62">
<hideElementsInCurrentOnly>false</hideElementsInCurrentOnly>
<bounds x="472" y="457" width="199" height="99"/>
</OView>
<OView class="oracle.dbtools.crest.swingui.multidimensional.TVLevel" oid="293B4C4E-A1B1-8E68-09D4-B80D610CC3DD" otype="Level" vid="696836B1-DA22-30EE-AF2A-8383C74FCC5F">
<hideElementsInCurrentOnly>false</hideElementsInCurrentOnly>
<bounds x="1353" y="310" width="170" height="94"/>
</OView>
<OView class="oracle.dbtools.crest.swingui.multidimensional.TVLevel" oid="29697BAB-47AD-2297-ACA8-9E195E122E13" otype="Level" vid="CDAAB35C-3762-F9C0-0A04-0771FF01FE7C">
<hideElementsInCurrentOnly>false</hideElementsInCurrentOnly>
<bounds x="1170" y="718" width="438" height="95"/>
</OView>
<OView class="oracle.dbtools.crest.swingui.multidimensional.TVLevel" oid="3B18749D-23EE-C9CF-ED09-68B863D48630" otype="Level" vid="D7245DD8-F7B7-67E3-8082-B6A9D05721BE">
<hideElementsInCurrentOnly>false</hideElementsInCurrentOnly>
<bounds x="73" y="982" width="170" height="132"/>
</OView>
<OView class="oracle.dbtools.crest.swingui.multidimensional.TVDimension" oid="400DCF40-5BA0-16D4-2500-55873173737F" otype="Dimension" vid="01F7A60C-B694-E903-2992-0730DEC0F5E4">
<hideElementsInCurrentOnly>false</hideElementsInCurrentOnly>
<bounds x="401" y="904" width="105" height="32"/>
</OView>
<OView class="oracle.dbtools.crest.swingui.multidimensional.TVLevel" oid="470612FC-5FC2-9DEA-7CAA-22186162408C" otype="Level" vid="3AD7DD8E-9C7A-1FAB-E3B8-C1228C2CF7EB">
<hideElementsInCurrentOnly>false</hideElementsInCurrentOnly>
<bounds x="748" y="48" width="170" height="78"/>
</OView>
<OView class="oracle.dbtools.crest.swingui.multidimensional.TVDimension" oid="474BD63F-734D-E47A-B9E8-0A9A4BBA0C12" otype="Dimension" vid="FD3F36ED-24EA-DF0C-226F-3440ECFD90F1">
<hideElementsInCurrentOnly>false</hideElementsInCurrentOnly>
<bounds x="83" y="896" width="121" height="30"/>
</OView>
<OView class="oracle.dbtools.crest.swingui.multidimensional.TVLevel" oid="48B0E33F-732B-4134-7AD8-36EA93D51055" otype="Level" vid="F6DBF943-328D-786F-6ECC-62B17CF0ECAB">
<hideElementsInCurrentOnly>false</hideElementsInCurrentOnly>
<bounds x="474" y="48" width="170" height="78"/>
</OView>
<OView class="oracle.dbtools.crest.swingui.multidimensional.TVLevel" oid="494C2042-26D8-7FA3-736F-850BCD6F9157" otype="Level" vid="474C961B-5A8F-2F72-10DB-C0209FEE8458">
<hideElementsInCurrentOnly>false</hideElementsInCurrentOnly>
<bounds x="1000" y="457" width="170" height="99"/>
</OView>
<OView class="oracle.dbtools.crest.swingui.multidimensional.TVLevel" oid="6AA759DC-2F77-FD5D-038E-5D5ABA4169B7" otype="Level" vid="36A44462-528B-822E-E4B5-D242ABFB5F9F">
<hideElementsInCurrentOnly>false</hideElementsInCurrentOnly>
<bounds x="1208" y="48" width="170" height="78"/>
</OView>
<OView class="oracle.dbtools.crest.swingui.multidimensional.TVLevel" oid="76E5D44C-773C-B09F-A45C-DA4ABCC34657" otype="Level" vid="893288C6-9EDA-459D-1C79-3C231F0652EF">
<hideElementsInCurrentOnly>false</hideElementsInCurrentOnly>
<bounds x="987" y="159" width="170" height="78"/>
</OView>
<OView class="oracle.dbtools.crest.swingui.multidimensional.TVLevel" oid="88DE3FC8-3264-2BBB-C6EB-5CBB0CAF0711" otype="Level" vid="FC7B98D3-D48F-1B14-5CFC-1D1340697007">
<hideElementsInCurrentOnly>false</hideElementsInCurrentOnly>
<bounds x="553" y="718" width="170" height="95"/>
</OView>
<OView class="oracle.dbtools.crest.swingui.multidimensional.TVLevel" oid="8C62AF9A-00EF-D530-4547-2658DE377ED0" otype="Level" vid="795632E0-5635-51C6-EF4D-D9D13885BE61">
<hideElementsInCurrentOnly>false</hideElementsInCurrentOnly>
<bounds x="750" y="157" width="170" height="78"/>
</OView>
<OView class="oracle.dbtools.crest.swingui.multidimensional.TVLevel" oid="8C827BFD-E819-3C24-5073-02F5028DAF38" otype="Level" vid="6D14E868-133F-80D5-2B76-F0363B736690">
<hideElementsInCurrentOnly>false</hideElementsInCurrentOnly>
<bounds x="1236" y="457" width="170" height="99"/>
</OView>
<OView class="oracle.dbtools.crest.swingui.multidimensional.TVLevel" oid="9B3B0499-AADB-E609-A8F0-F8087A3AA761" otype="Level" vid="0696E7D7-0762-A1C8-E058-ACCEC70B9DEB">
<hideElementsInCurrentOnly>false</hideElementsInCurrentOnly>
<bounds x="866" y="718" width="170" height="95"/>
</OView>
<OView class="oracle.dbtools.crest.swingui.multidimensional.TVCube" oid="9C40ACAC-E558-DC3C-CB8A-70C9FA32BE3A" otype="Cube" vid="04E225F0-E130-7C87-6C18-38F807F09453">
<hideElementsInCurrentOnly>false</hideElementsInCurrentOnly>
<bounds x="26" y="504" width="238" height="323"/>
</OView>
<OView class="oracle.dbtools.crest.swingui.multidimensional.TVLevel" oid="A33DAC83-A47B-5E35-0DF4-57BD53D3C137" otype="Level" vid="0F7E23F9-BFCD-344D-1BEB-AFA1D299591F">
<hideElementsInCurrentOnly>false</hideElementsInCurrentOnly>
<bounds x="1313" y="859" width="170" height="112"/>
</OView>
<OView class="oracle.dbtools.crest.swingui.multidimensional.TVDimension" oid="A6BB9419-DE69-AC6B-CC0A-78A2BB6E6967" otype="Dimension" vid="7A379CEA-0DA8-33A8-62D2-B2DBA1C639F8">
<hideElementsInCurrentOnly>false</hideElementsInCurrentOnly>
<bounds x="328" y="724" width="117" height="31"/>
</OView>
<OView class="oracle.dbtools.crest.swingui.multidimensional.TVLevel" oid="A6F13826-F8E6-2CF9-BBBD-57B8590F6868" otype="Level" vid="67154F47-09C2-7650-C80E-A2DBB05EECA7">
<hideElementsInCurrentOnly>false</hideElementsInCurrentOnly>
<bounds x="980" y="48" width="170" height="78"/>
</OView>
<OView class="oracle.dbtools.crest.swingui.multidimensional.TVLevel" oid="BC274463-281B-C0DE-2D63-C71F43BAFCDD" otype="Level" vid="E4532222-7294-5E4B-6E39-8C285EE0596B">
<hideElementsInCurrentOnly>false</hideElementsInCurrentOnly>
<bounds x="563" y="863" width="170" height="112"/>
</OView>
<OView class="oracle.dbtools.crest.swingui.multidimensional.TVLevel" oid="CAE7C507-927D-7832-24FF-C31AF40409B8" otype="Level" vid="1B2763E9-485E-309B-011A-84469B18B264">
<hideElementsInCurrentOnly>false</hideElementsInCurrentOnly>
<bounds x="1002" y="579" width="170" height="89"/>
</OView>
<OView class="oracle.dbtools.crest.swingui.multidimensional.TVLevel" oid="DDF01FA3-0F23-FC47-B316-CBAF1E41B04A" otype="Level" vid="2E12D586-2B77-A8F6-4B8C-465AEADD41C5">
<hideElementsInCurrentOnly>false</hideElementsInCurrentOnly>
<bounds x="834" y="310" width="170" height="94"/>
</OView>
<OView class="oracle.dbtools.crest.swingui.multidimensional.TVLevel" oid="E261D11B-B85C-8AC3-E1EB-229DD5684EC3" otype="Level" vid="5F2573F4-72A2-8BF1-84DA-4C395B233BD2">
<hideElementsInCurrentOnly>false</hideElementsInCurrentOnly>
<bounds x="754" y="582" width="170" height="84"/>
</OView>
<OView class="oracle.dbtools.crest.swingui.multidimensional.TVLevel" oid="E3D172DD-D2A5-85B3-5069-76ACB713BD0F" otype="Level" vid="0EAC6417-F1B4-A326-5727-66BB0EAD3FE9">
<hideElementsInCurrentOnly>false</hideElementsInCurrentOnly>
<bounds x="1066" y="310" width="170" height="94"/>
</OView>
<OView class="oracle.dbtools.crest.swingui.multidimensional.TVDimension" oid="E46D500E-D9C1-7DBB-098B-392AF0F366CC" otype="Dimension" vid="EFD95251-3108-25FD-2221-010865ACF240">
<hideElementsInCurrentOnly>false</hideElementsInCurrentOnly>
<bounds x="211" y="93" width="141" height="30"/>
</OView>
<OView class="oracle.dbtools.crest.swingui.multidimensional.TVLevel" oid="E640273B-D6E9-51EF-3BD8-03B4C91474EC" otype="Level" vid="6F8B2682-8722-4F79-7D85-AE1AB4C6A322">
<hideElementsInCurrentOnly>false</hideElementsInCurrentOnly>
<bounds x="842" y="866" width="170" height="112"/>
</OView>
</objectViews>
<connectors>
<Connector class="oracle.dbtools.crest.swingui.multidimensional.TVLink" oid="047C325D-8FDF-1E17-762D-A8FB1BEDD700" otype="Link" vid_source="04E225F0-E130-7C87-6C18-38F807F09453" vid_target="7A379CEA-0DA8-33A8-62D2-B2DBA1C639F8">
<hideElementsInCurrentOnly>false</hideElementsInCurrentOnly>
<lineWidth>1</lineWidth>
<points>
<point x="264" y="739"/>
<point x="328" y="739"/>
</points>
</Connector>
<Connector class="oracle.dbtools.crest.swingui.multidimensional.TVLink" oid="05602C76-B872-2110-A2D9-6F8354E29530" otype="Link" vid_source="9654CD0A-7133-BEAD-59F3-930196887A62" vid_target="E3D08FD3-4804-29E0-FD55-9EF9C9037129">
<hideElementsInCurrentOnly>false</hideElementsInCurrentOnly>
<lineWidth>1</lineWidth>
<points>
<point x="650" y="457"/>
<point x="650" y="432"/>
<point x="650" y="404"/>
</points>
</Connector>
<Connector class="oracle.dbtools.crest.swingui.multidimensional.TVLink" oid="1A39EAA7-7FF6-DD05-E2FB-E6E29FF8C783" otype="Link" vid_source="FA45CBC8-B617-3DCB-9FDB-36232FA40088" vid_target="474C961B-5A8F-2F72-10DB-C0209FEE8458">
<hideElementsInCurrentOnly>false</hideElementsInCurrentOnly>
<lineWidth>1</lineWidth>
<points>
<point x="920" y="507"/>
<point x="1000" y="507"/>
</points>
</Connector>
<Connector class="oracle.dbtools.crest.swingui.multidimensional.TVLink" oid="1C56D5D0-5A37-DCC8-296C-26327011E84B" otype="Link" vid_source="2E12D586-2B77-A8F6-4B8C-465AEADD41C5" vid_target="0EAC6417-F1B4-A326-5727-66BB0EAD3FE9">
<hideElementsInCurrentOnly>false</hideElementsInCurrentOnly>
<lineWidth>1</lineWidth>
<points>
<point x="1004" y="357"/>
<point x="1066" y="357"/>
</points>
</Connector>
<Connector class="oracle.dbtools.crest.swingui.multidimensional.TVLink" oid="250F9020-76B1-C802-B9BA-DE7762FA23DE" otype="Link" vid_source="474C961B-5A8F-2F72-10DB-C0209FEE8458" vid_target="6D14E868-133F-80D5-2B76-F0363B736690">
<hideElementsInCurrentOnly>false</hideElementsInCurrentOnly>
<lineWidth>1</lineWidth>
<points>
<point x="1170" y="509"/>
<point x="1236" y="509"/>
</points>
</Connector>
<Connector class="oracle.dbtools.crest.swingui.multidimensional.TVLink" oid="2533B74B-D1F6-F2DB-4A9F-FAA6E0634798" otype="Link" vid_source="7A379CEA-0DA8-33A8-62D2-B2DBA1C639F8" vid_target="FC7B98D3-D48F-1B14-5CFC-1D1340697007">
<hideElementsInCurrentOnly>false</hideElementsInCurrentOnly>
<lineWidth>1</lineWidth>
<points>
<point x="445" y="739"/>
<point x="553" y="739"/>
</points>
</Connector>
<Connector class="oracle.dbtools.crest.swingui.multidimensional.TVLink" oid="280374BC-C06A-89A8-96A3-FA5F2CF37233" otype="Link" vid_source="04E225F0-E130-7C87-6C18-38F807F09453" vid_target="EFD95251-3108-25FD-2221-010865ACF240">
<hideElementsInCurrentOnly>false</hideElementsInCurrentOnly>
<lineWidth>1</lineWidth>
<centerLabel class="oracle.dbtools.crest.model.design.Label">
<site>1</site>
<labelBounds x="-37" y="-11" width="72" height="20"/>
<fonts itemClass="oracle.dbtools.crest.model.design.FontObjectWr">
<FontObject>
<foType>Text</foType>
<colorRGB>-16777216</colorRGB>
</FontObject>
</fonts>
</centerLabel>
<points>
<point x="237" y="504"/>
<point x="237" y="123"/>
</points>
</Connector>
<Connector class="oracle.dbtools.crest.swingui.multidimensional.TVLink" oid="3B54092C-BF06-1BCF-F801-C2E04BF62BB0" otype="Link" vid_source="67154F47-09C2-7650-C80E-A2DBB05EECA7" vid_target="36A44462-528B-822E-E4B5-D242ABFB5F9F">
<hideElementsInCurrentOnly>false</hideElementsInCurrentOnly>
<lineWidth>1</lineWidth>
<points>
<point x="1150" y="103"/>
<point x="1208" y="103"/>
</points>
</Connector>
<Connector class="oracle.dbtools.crest.swingui.multidimensional.TVLink" oid="4C06F71D-366F-03AD-AB08-AB9C15799278" otype="Link" vid_source="04E225F0-E130-7C87-6C18-38F807F09453" vid_target="EFD95251-3108-25FD-2221-010865ACF240">
<hideElementsInCurrentOnly>false</hideElementsInCurrentOnly>
<lineWidth>1</lineWidth>
<centerLabel class="oracle.dbtools.crest.model.design.Label">
<site>1</site>
<labelBounds x="-44" y="-11" width="86" height="20"/>
<fonts itemClass="oracle.dbtools.crest.model.design.FontObjectWr">
<FontObject>
<foType>Text</foType>
<colorRGB>-16777216</colorRGB>
</FontObject>
</fonts>
</centerLabel>
<points>
<point x="131" y="504"/>
<point x="131" y="368"/>
<point x="129" y="116"/>
<point x="211" y="116"/>
</points>
</Connector>
<Connector class="oracle.dbtools.crest.swingui.multidimensional.TVLink" oid="4D5E35EC-D6C8-0A9B-BD31-422AE5BC2ED5" otype="Link" vid_source="D7553BE4-2573-F72C-1769-E319D99018D8" vid_target="9654CD0A-7133-BEAD-59F3-930196887A62">
<hideElementsInCurrentOnly>false</hideElementsInCurrentOnly>
<lineWidth>1</lineWidth>
<points>
<point x="417" y="521"/>
<point x="472" y="521"/>
</points>
</Connector>
<Connector class="oracle.dbtools.crest.swingui.multidimensional.TVLink" oid="51C40A40-CB40-9DB0-F05E-86BAE2761C9A" otype="Link" vid_source="01F7A60C-B694-E903-2992-0730DEC0F5E4" vid_target="E4532222-7294-5E4B-6E39-8C285EE0596B">
<hideElementsInCurrentOnly>false</hideElementsInCurrentOnly>
<lineWidth>1</lineWidth>
<points>
<point x="506" y="920"/>
<point x="563" y="920"/>
</points>
</Connector>
<Connector class="oracle.dbtools.crest.swingui.multidimensional.TVLink" oid="6CE4090C-B5BB-0949-9E16-C9A2E3C2D1CA" otype="Link" vid_source="795632E0-5635-51C6-EF4D-D9D13885BE61" vid_target="893288C6-9EDA-459D-1C79-3C231F0652EF">
<hideElementsInCurrentOnly>false</hideElementsInCurrentOnly>
<lineWidth>1</lineWidth>
<points>
<point x="920" y="201"/>
<point x="954" y="201"/>
<point x="987" y="201"/>
</points>
</Connector>
<Connector class="oracle.dbtools.crest.swingui.multidimensional.TVLink" oid="6CF8318B-1966-2081-3427-EC176D9E9A5A" otype="Link" vid_source="FD3F36ED-24EA-DF0C-226F-3440ECFD90F1" vid_target="D7245DD8-F7B7-67E3-8082-B6A9D05721BE">
<hideElementsInCurrentOnly>false</hideElementsInCurrentOnly>
<lineWidth>1</lineWidth>
<points>
<point x="143" y="926"/>
<point x="143" y="982"/>
</points>
</Connector>
<Connector class="oracle.dbtools.crest.swingui.multidimensional.TVLink" oid="77C82744-C744-5F1F-61C1-80C379915A5F" otype="Link" vid_source="0EAC6417-F1B4-A326-5727-66BB0EAD3FE9" vid_target="696836B1-DA22-30EE-AF2A-8383C74FCC5F">
<hideElementsInCurrentOnly>false</hideElementsInCurrentOnly>
<lineWidth>1</lineWidth>
<points>
<point x="1236" y="357"/>
<point x="1353" y="357"/>
</points>
</Connector>
<Connector class="oracle.dbtools.crest.swingui.multidimensional.TVLink" oid="844BF4B5-10AB-E456-2EA6-44517F14EE1A" otype="Link" vid_source="6F8B2682-8722-4F79-7D85-AE1AB4C6A322" vid_target="DC2F6832-16E1-5A86-EBCB-D1B274EFFD66">
<hideElementsInCurrentOnly>false</hideElementsInCurrentOnly>
<lineWidth>1</lineWidth>
<points>
<point x="1012" y="920"/>
<point x="1084" y="920"/>
</points>
</Connector>
<Connector class="oracle.dbtools.crest.swingui.multidimensional.TVLink" oid="9FDDB74E-ACA8-E17B-CAE1-D4A9AD5C4D54" otype="Link" vid_source="FC7B98D3-D48F-1B14-5CFC-1D1340697007" vid_target="0696E7D7-0762-A1C8-E058-ACCEC70B9DEB">
<hideElementsInCurrentOnly>false</hideElementsInCurrentOnly>
<lineWidth>1</lineWidth>
<points>
<point x="723" y="771"/>
<point x="866" y="771"/>
</points>
</Connector>
<Connector class="oracle.dbtools.crest.swingui.multidimensional.TVLink" oid="A15BAD88-5842-B4BB-1880-92C453E62875" otype="Link" vid_source="893288C6-9EDA-459D-1C79-3C231F0652EF" vid_target="36A44462-528B-822E-E4B5-D242ABFB5F9F">
<hideElementsInCurrentOnly>false</hideElementsInCurrentOnly>
<lineWidth>1</lineWidth>
<points>
<point x="1157" y="198"/>
<point x="1284" y="198"/>
<point x="1284" y="126"/>
</points>
</Connector>
<Connector class="oracle.dbtools.crest.swingui.multidimensional.TVLink" oid="A85A53A3-5BCB-3810-3BA1-8BD9C48BF780" otype="Link" vid_source="F6DBF943-328D-786F-6ECC-62B17CF0ECAB" vid_target="795632E0-5635-51C6-EF4D-D9D13885BE61">
<hideElementsInCurrentOnly>false</hideElementsInCurrentOnly>
<lineWidth>1</lineWidth>
<points>
<point x="566" y="126"/>
<point x="566" y="198"/>
<point x="750" y="198"/>
</points>
</Connector>
<Connector class="oracle.dbtools.crest.swingui.multidimensional.TVLink" oid="ABCBFE0B-07B2-1EC6-E082-855DBCA57419" otype="Link" vid_source="0696E7D7-0762-A1C8-E058-ACCEC70B9DEB" vid_target="CDAAB35C-3762-F9C0-0A04-0771FF01FE7C">
<hideElementsInCurrentOnly>false</hideElementsInCurrentOnly>
<lineWidth>1</lineWidth>
<points>
<point x="1036" y="771"/>
<point x="1170" y="771"/>
</points>
</Connector>
<Connector class="oracle.dbtools.crest.swingui.multidimensional.TVLink" oid="AD2F7783-2285-4E09-7465-98434597CD44" otype="Link" vid_source="5F2573F4-72A2-8BF1-84DA-4C395B233BD2" vid_target="1B2763E9-485E-309B-011A-84469B18B264">
<hideElementsInCurrentOnly>false</hideElementsInCurrentOnly>
<lineWidth>1</lineWidth>
<points>
<point x="924" y="624"/>
<point x="1002" y="624"/>
</points>
</Connector>
<Connector class="oracle.dbtools.crest.swingui.multidimensional.TVLink" oid="B4390D8E-81F2-BF30-F5C9-2B98D32F049B" otype="Link" vid_source="E3D08FD3-4804-29E0-FD55-9EF9C9037129" vid_target="2E12D586-2B77-A8F6-4B8C-465AEADD41C5">
<hideElementsInCurrentOnly>false</hideElementsInCurrentOnly>
<lineWidth>1</lineWidth>
<points>
<point x="773" y="357"/>
<point x="834" y="357"/>
</points>
</Connector>
<Connector class="oracle.dbtools.crest.swingui.multidimensional.TVLink" oid="BBDF1499-AD35-460B-9A12-8D4D4E297754" otype="Link" vid_source="04E225F0-E130-7C87-6C18-38F807F09453" vid_target="FD3F36ED-24EA-DF0C-226F-3440ECFD90F1">
<hideElementsInCurrentOnly>false</hideElementsInCurrentOnly>
<lineWidth>1</lineWidth>
<points>
<point x="143" y="827"/>
<point x="143" y="896"/>
</points>
</Connector>
<Connector class="oracle.dbtools.crest.swingui.multidimensional.TVLink" oid="BFC2A5F9-6DDD-7D44-DD01-C2A885630B05" otype="Link" vid_source="04E225F0-E130-7C87-6C18-38F807F09453" vid_target="D7553BE4-2573-F72C-1769-E319D99018D8">
<hideElementsInCurrentOnly>false</hideElementsInCurrentOnly>
<lineWidth>1</lineWidth>
<points>
<point x="264" y="521"/>
<point x="308" y="521"/>
</points>
</Connector>
<Connector class="oracle.dbtools.crest.swingui.multidimensional.TVLink" oid="CE5BADB7-EA6C-1691-4965-A550FEE390AB" otype="Link" vid_source="E4532222-7294-5E4B-6E39-8C285EE0596B" vid_target="6F8B2682-8722-4F79-7D85-AE1AB4C6A322">
<hideElementsInCurrentOnly>false</hideElementsInCurrentOnly>
<lineWidth>1</lineWidth>
<points>
<point x="733" y="920"/>
<point x="842" y="920"/>
</points>
</Connector>
<Connector class="oracle.dbtools.crest.swingui.multidimensional.TVLink" oid="E1185729-076B-FF9E-F7E0-25C356B55E7B" otype="Link" vid_source="1B2763E9-485E-309B-011A-84469B18B264" vid_target="6D14E868-133F-80D5-2B76-F0363B736690">
<hideElementsInCurrentOnly>false</hideElementsInCurrentOnly>
<lineWidth>1</lineWidth>
<points>
<point x="1172" y="629"/>
<point x="1262" y="629"/>
<point x="1262" y="556"/>
</points>
</Connector>
<Connector class="oracle.dbtools.crest.swingui.multidimensional.TVLink" oid="EB2D05AA-99AE-CE00-8700-AD9AD2C3D224" otype="Link" vid_source="9654CD0A-7133-BEAD-59F3-930196887A62" vid_target="FA45CBC8-B617-3DCB-9FDB-36232FA40088">
<hideElementsInCurrentOnly>false</hideElementsInCurrentOnly>
<lineWidth>1</lineWidth>
<points>
<point x="671" y="508"/>
<point x="750" y="508"/>
</points>
</Connector>
<Connector class="oracle.dbtools.crest.swingui.multidimensional.TVLink" oid="EB56E9AD-9F8A-B1CC-0F14-2DEC7F1B6EF8" otype="Link" vid_source="3AD7DD8E-9C7A-1FAB-E3B8-C1228C2CF7EB" vid_target="67154F47-09C2-7650-C80E-A2DBB05EECA7">
<hideElementsInCurrentOnly>false</hideElementsInCurrentOnly>
<lineWidth>1</lineWidth>
<points>
<point x="918" y="103"/>
<point x="980" y="103"/>
</points>
</Connector>
<Connector class="oracle.dbtools.crest.swingui.multidimensional.TVLink" oid="EEB522F9-B767-B7FA-584C-9115E68A7B32" otype="Link" vid_source="F6DBF943-328D-786F-6ECC-62B17CF0ECAB" vid_target="3AD7DD8E-9C7A-1FAB-E3B8-C1228C2CF7EB">
<hideElementsInCurrentOnly>false</hideElementsInCurrentOnly>
<lineWidth>1</lineWidth>
<points>
<point x="644" y="87"/>
<point x="748" y="87"/>
</points>
</Connector>
<Connector class="oracle.dbtools.crest.swingui.multidimensional.TVRaggedHLink" oid="EF91D187-CAED-5EF4-17FF-DEFE390C5B27" otype="RaggedHLink" vid_source="2E12D586-2B77-A8F6-4B8C-465AEADD41C5" vid_target="696836B1-DA22-30EE-AF2A-8383C74FCC5F">
<hideElementsInCurrentOnly>false</hideElementsInCurrentOnly>
<lineWidth>1</lineWidth>
<points>
<point x="938" y="310"/>
<point x="938" y="271"/>
<point x="1419" y="271"/>
<point x="1419" y="310"/>
</points>
</Connector>
<Connector class="oracle.dbtools.crest.swingui.multidimensional.TVLink" oid="F2CD05C3-2A4F-1A1A-AC4A-719A70B5B72C" otype="Link" vid_source="04E225F0-E130-7C87-6C18-38F807F09453" vid_target="EFD95251-3108-25FD-2221-010865ACF240">
<hideElementsInCurrentOnly>false</hideElementsInCurrentOnly>
<lineWidth>1</lineWidth>
<centerLabel class="oracle.dbtools.crest.model.design.Label">
<site>1</site>
<labelBounds x="-43" y="-11" width="84" height="20"/>
<fonts itemClass="oracle.dbtools.crest.model.design.FontObjectWr">
<FontObject>
<foType>Text</foType>
<colorRGB>-16777216</colorRGB>
</FontObject>
</fonts>
</centerLabel>
<points>
<point x="57" y="504"/>
<point x="57" y="204"/>
<point x="58" y="103"/>
<point x="211" y="103"/>
</points>
</Connector>
<Connector class="oracle.dbtools.crest.swingui.multidimensional.TVLink" oid="F7E6C4EB-7A23-0C60-DBD3-EB0F29A96BB5" otype="Link" vid_source="EFD95251-3108-25FD-2221-010865ACF240" vid_target="F6DBF943-328D-786F-6ECC-62B17CF0ECAB">
<hideElementsInCurrentOnly>false</hideElementsInCurrentOnly>
<lineWidth>1</lineWidth>
<points>
<point x="352" y="108"/>
<point x="474" y="108"/>
</points>
</Connector>
<Connector class="oracle.dbtools.crest.swingui.multidimensional.TVLink" oid="FF998242-0B4D-EA0C-8ECF-864BD4A1B1B4" otype="Link" vid_source="DC2F6832-16E1-5A86-EBCB-D1B274EFFD66" vid_target="0F7E23F9-BFCD-344D-1BEB-AFA1D299591F">
<hideElementsInCurrentOnly>false</hideElementsInCurrentOnly>
<lineWidth>1</lineWidth>
<points>
<point x="1254" y="917"/>
<point x="1313" y="917"/>
</points>
</Connector>
</connectors>
</Diagram>