<?xml version = '1.0' encoding = 'UTF-8'?>
<relationalModel class="oracle.dbtools.crest.model.design.relational.RelationalDesign" name="Relational_1" id="79F86B88-E904-D333-7DC6-8EB59E540524" mainViewID="9871717C-37C9-0C92-E301-22A3D957B339">
<createdBy>PSTOYANO</createdBy>
<createdTime>2012-12-12 04:59:42 UTC</createdTime>
<ownerDesignName>global11</ownerDesignName>
<shouldBeOpen>true</shouldBeOpen>
<selectedRDBMSSite>32076570-2523-435C-2E92-BF29817DFF70</selectedRDBMSSite>
<importConnectionStamps>
<importConnectionStamp class="oracle.dbtools.crest.imports.DBConnectionStamp">
<connName>fdb11r1</connName>
<connUrl>jdbc:oracle:thin:@localhost:1521:fdb11r21</connUrl>
<connUser>system</connUser>
<connType>1</connType>
</importConnectionStamp>
<importConnectionStamp class="oracle.dbtools.crest.imports.DBConnectionStamp">
<connName>Global_11r21</connName>
<connUrl>jdbc:oracle:thin:@localhost:1521:fdb11r21</connUrl>
<connUser>global</connUser>
<connType>1</connType>
</importConnectionStamp>
</importConnectionStamps>
</relationalModel>