<?xml version = '1.0' encoding = 'UTF-8'?>
<SequenceOraclev10g class="oracle.dbtools.crest.model.design.storage.oracle.v10g.SequenceOraclev10g" name="CUBE_BUILD_ID" directorySegmentName="seg_0" id="0D5D2BB9-A445-6BB2-EDD7-0D7EB319D292">
<sourceConnName>fdb11r1</sourceConnName>
<sourceObjSchema>GLOBAL</sourceObjSchema>
<sourceObjName>CUBE_BUILD_ID</sourceObjName>
<createdBy>PSTOYANO</createdBy>
<createdTime>2012-12-12 05:01:51 UTC</createdTime>
<ownerDesignName>global11_demo</ownerDesignName>
<cache>20</cache>
<incrementBy>1</incrementBy>
<maxValue>999999999999999999999999999</maxValue>
<minValue>1</minValue>
<user>A25BDBCE-330C-FEE0-ADDA-006CF4FC6B87</user>
</SequenceOraclev10g>