<?xml version = '1.0' encoding = 'UTF-8'?>
<SequenceOraclev10g class="oracle.dbtools.crest.model.design.storage.oracle.v10g.SequenceOraclev10g" name="GLOBAL_AWJ_S$" directorySegmentName="seg_0" id="7C9B8E83-B530-8881-290E-BFA5A98F2DB1">
<sourceConnName>fdb11r1</sourceConnName>
<sourceObjSchema>GLOBAL</sourceObjSchema>
<sourceObjName>GLOBAL_AWJ_S$</sourceObjName>
<createdBy>PSTOYANO</createdBy>
<createdTime>2012-12-12 05:01:51 UTC</createdTime>
<ownerDesignName>global11_demo</ownerDesignName>
<incrementBy>1</incrementBy>
<maxValue>999999999999999999999999999</maxValue>
<minValue>1</minValue>
<noCache>YES</noCache>
<order>YES</order>
<user>A25BDBCE-330C-FEE0-ADDA-006CF4FC6B87</user>
</SequenceOraclev10g>