<?xml version = '1.0' encoding = 'UTF-8'?>
<Note class="oracle.dbtools.crest.model.design.Note" name="Note_1" directorySegmentName="seg_0" id="2D8DB61A-1D6A-3FF8-71F9-C5CD600A3818">
<createdBy>PSTOYANO</createdBy>
<createdTime>2013-02-04 09:35:50 UTC</createdTime>
<comment>new table in global example created using:&lt;br/&gt;create table GLOBAL.cust_account AS&lt;br/&gt;SELECT GLOBAL.CUSTOMER_DIM.SHIP_TO_ID,&lt;br/&gt;  GLOBAL.CUSTOMER_DIM.SHIP_TO_DSC,&lt;br/&gt;  GLOBAL.CUSTOMER_DIM.SHIP_TO_DSC_FRENCH,&lt;br/&gt;  GLOBAL.CUSTOMER_DIM.SHIP_TO_DSC_DUTCH,&lt;br/&gt;  GLOBAL.ACCOUNT.ACCOUNT_ID,&lt;br/&gt;  GLOBAL.ACCOUNT.FIRSTNAME,&lt;br/&gt;  GLOBAL.ACCOUNT.LASTNAME,&lt;br/&gt;  GLOBAL.ACCOUNT.ADDRESS,&lt;br/&gt;  GLOBAL.ACCOUNT.ADDRESS2,&lt;br/&gt;  GLOBAL.ACCOUNT.CITY,&lt;br/&gt;  GLOBAL.ACCOUNT.STATE_PROV,&lt;br/&gt;  GLOBAL.ACCOUNT.COUNTRY,&lt;br/&gt;  GLOBAL.ACCOUNT.ZIP_PC,&lt;br/&gt;  GLOBAL.ACCOUNT.PHONE,&lt;br/&gt;  GLOBAL.ACCOUNT.FAX,&lt;br/&gt;  GLOBAL.ACCOUNT.EMAIL&lt;br/&gt;FROM GLOBAL.CUSTOMER_DIM&lt;br/&gt;INNER JOIN GLOBAL.ACCOUNT&lt;br/&gt;ON GLOBAL.CUSTOMER_DIM.ACCOUNT_ID = GLOBAL.ACCOUNT.ACCOUNT_ID ;&lt;br/&gt;&lt;br/&gt;used in SHIPTO_COUNTRY dimension</comment>
<ownerDesignName>global11_demo</ownerDesignName>
</Note>