<?xml version = '1.0' encoding = 'UTF-8'?>
<FKIndexAssociation class="oracle.dbtools.crest.model.design.relational.FKIndexAssociation" directorySegmentName="seg_0" id="1399E3B0-4D38-C398-B583-61FA2F779EF5" name="UNITS_FACT_FK_1">
<sourceConnName>fdb11r1</sourceConnName>
<sourceObjSchema>GLOBAL</sourceObjSchema>
<sourceObjName>UNITS_FACT_FK_1</sourceObjName>
<createdBy>PSTOYANO</createdBy>
<createdTime>2012-12-12 05:01:50 UTC</createdTime>
<ownerDesignName>global11_demo</ownerDesignName>
<shouldEngineer>false</shouldEngineer>
<containerWithKeyObject>661BD9E8-FA63-37EA-F032-8EDACFAEA470</containerWithKeyObject>
<deleteRule>NO ACTION</deleteRule>
<localFKIndex>32B69247-9B5E-66A4-8E15-0723BC78B22A</localFKIndex>
<keyObject>666E6B22-EFD5-BBEF-603C-52C7CF33F729</keyObject>
<mandatory>true</mandatory>
<transferable>true</transferable>
<columnDependencyConstraintGenerateInDDL>true</columnDependencyConstraintGenerateInDDL>
</FKIndexAssociation>