<?xml version = '1.0' encoding = 'UTF-8'?>
<FKIndexAssociation class="oracle.dbtools.crest.model.design.relational.FKIndexAssociation" directorySegmentName="seg_0" id="7B3C87E6-5592-A8E0-0225-2662E4320820" name="UNITS_FACT_FK_2">
<sourceConnName>fdb11r1</sourceConnName>
<sourceObjSchema>GLOBAL</sourceObjSchema>
<sourceObjName>UNITS_FACT_FK_2</sourceObjName>
<createdBy>PSTOYANO</createdBy>
<createdTime>2012-12-12 05:01:50 UTC</createdTime>
<ownerDesignName>global11_demo</ownerDesignName>
<shouldEngineer>false</shouldEngineer>
<containerWithKeyObject>661BD9E8-FA63-37EA-F032-8EDACFAEA470</containerWithKeyObject>
<deleteRule>NO ACTION</deleteRule>
<localFKIndex>C9C625D2-DE9D-C9FF-3779-DC95A0958FBE</localFKIndex>
<keyObject>18B6DD01-4E5A-F8F2-7E3B-0DC3192FA5AF</keyObject>
<mandatory>true</mandatory>
<transferable>true</transferable>
<columnDependencyConstraintGenerateInDDL>true</columnDependencyConstraintGenerateInDDL>
</FKIndexAssociation>