<?xml version = '1.0' encoding = 'UTF-8'?>
<FKIndexAssociation class="oracle.dbtools.crest.model.design.relational.FKIndexAssociation" directorySegmentName="seg_0" id="B59074C9-09BD-5F5D-5DFC-7BBDAB5495D8" name="UNITS_FACT_FK_4">
<sourceConnName>fdb11r1</sourceConnName>
<sourceObjSchema>GLOBAL</sourceObjSchema>
<sourceObjName>UNITS_FACT_FK_4</sourceObjName>
<createdBy>PSTOYANO</createdBy>
<createdTime>2012-12-12 05:01:50 UTC</createdTime>
<ownerDesignName>global11_demo</ownerDesignName>
<shouldEngineer>false</shouldEngineer>
<containerWithKeyObject>661BD9E8-FA63-37EA-F032-8EDACFAEA470</containerWithKeyObject>
<deleteRule>NO ACTION</deleteRule>
<localFKIndex>8CBD60AC-1726-5507-95D1-7728D283DABD</localFKIndex>
<keyObject>FB66F695-8E95-9376-7BC5-89F9CA1E2AB0</keyObject>
<mandatory>true</mandatory>
<transferable>true</transferable>
<columnDependencyConstraintGenerateInDDL>true</columnDependencyConstraintGenerateInDDL>
</FKIndexAssociation>