<?xml version = '1.0' encoding = 'UTF-8'?>
<FKIndexAssociation class="oracle.dbtools.crest.model.design.relational.FKIndexAssociation" directorySegmentName="seg_0" id="DFB59558-E942-8CAD-6934-20C6BC289B52" name="UNITS_FACT_FK_3">
<sourceConnName>fdb11r1</sourceConnName>
<sourceObjSchema>GLOBAL</sourceObjSchema>
<sourceObjName>UNITS_FACT_FK_3</sourceObjName>
<createdBy>PSTOYANO</createdBy>
<createdTime>2012-12-12 05:01:50 UTC</createdTime>
<ownerDesignName>global11_demo</ownerDesignName>
<shouldEngineer>false</shouldEngineer>
<containerWithKeyObject>661BD9E8-FA63-37EA-F032-8EDACFAEA470</containerWithKeyObject>
<deleteRule>NO ACTION</deleteRule>
<localFKIndex>ED4F74C8-AEF4-54AE-ADC4-ED0C47F76585</localFKIndex>
<keyObject>452435FB-5CE4-ABCD-3F79-4295B710307F</keyObject>
<mandatory>true</mandatory>
<transferable>true</transferable>
<columnDependencyConstraintGenerateInDDL>true</columnDependencyConstraintGenerateInDDL>
</FKIndexAssociation>