<?xml version = '1.0' encoding = 'UTF-8'?>
<Entity class="oracle.dbtools.crest.model.design.logical.Entity" directorySegmentName="seg_0" id="2FD0D1B1-C565-5B16-29D3-37AE9A1AB88C" name="TIME DIM">
<createdBy>PSTOYANO</createdBy>
<createdTime>2012-12-12 05:11:01 UTC</createdTime>
<generatorID>213B2B80-F4A4-E7CE-2864-112034A8C60F</generatorID>
<ownerDesignName>global11_demo</ownerDesignName>
<engineerTo>
<item key="79F86B88-E904-D333-7DC6-8EB59E540524" value="true"/>
</engineerTo>
<typeID>2</typeID>
<adequatelyNormalized>NO</adequatelyNormalized>
<expectedVolumes>0</expectedVolumes>
<fwdEngineeringStrategyName>Single Table</fwdEngineeringStrategyName>
<growthPercent>0</growthPercent>
<growthType>Year</growthType>
<maxVolumes>9999999</maxVolumes>
<minVolumes>0</minVolumes>
<normalForm>Third</normalForm>
<attributes itemClass="oracle.dbtools.crest.model.design.logical.Attribute">
<Attribute name="MONTH ID" id="8F8CD42D-9782-9183-6FFD-E85FFB79F840">
<createdBy>PSTOYANO</createdBy>
<createdTime>2012-12-12 05:11:01 UTC</createdTime>
<generatorID>89108140-F13A-AB3F-1C44-3124558332D9</generatorID>
<ownerDesignName>global11_demo</ownerDesignName>
<engineerTo>
<item key="79F86B88-E904-D333-7DC6-8EB59E540524" value="true"/>
</engineerTo>
<useDomainConstraints>false</useDomainConstraints>
<use>1</use>
<logicalDatatype>LOGDT024</logicalDatatype>
<dataTypeSize>7 BYTE</dataTypeSize>
</Attribute>
<Attribute name="MONTH DSC" id="F0898227-8D1F-58E5-7090-EEF009E4CFAB">
<createdBy>PSTOYANO</createdBy>
<createdTime>2012-12-12 05:11:01 UTC</createdTime>
<generatorID>6D19794C-CA12-ED8C-EF47-A5F1CE4C0696</generatorID>
<ownerDesignName>global11_demo</ownerDesignName>
<engineerTo>
<item key="79F86B88-E904-D333-7DC6-8EB59E540524" value="true"/>
</engineerTo>
<useDomainConstraints>false</useDomainConstraints>
<use>1</use>
<logicalDatatype>LOGDT024</logicalDatatype>
<dataTypeSize>10 BYTE</dataTypeSize>
</Attribute>
<Attribute name="MONTH DSC FRENCH" id="79F6DA5F-8008-4A6D-F7F5-3CD60B667BF7">
<createdBy>PSTOYANO</createdBy>
<createdTime>2012-12-12 05:11:01 UTC</createdTime>
<generatorID>1D68F889-473A-E1B6-C776-A21D34CFD256</generatorID>
<ownerDesignName>global11_demo</ownerDesignName>
<engineerTo>
<item key="79F86B88-E904-D333-7DC6-8EB59E540524" value="true"/>
</engineerTo>
<nullsAllowed>true</nullsAllowed>
<useDomainConstraints>false</useDomainConstraints>
<use>1</use>
<logicalDatatype>LOGDT024</logicalDatatype>
<dataTypeSize>20 BYTE</dataTypeSize>
</Attribute>
<Attribute name="MONTH DSC DUTCH" id="7FF32901-A0D3-7505-404F-6CA056CA33DD">
<createdBy>PSTOYANO</createdBy>
<createdTime>2012-12-12 05:11:01 UTC</createdTime>
<generatorID>EDA519F5-1506-F51D-407A-327D2EBE64C1</generatorID>
<ownerDesignName>global11_demo</ownerDesignName>
<engineerTo>
<item key="79F86B88-E904-D333-7DC6-8EB59E540524" value="true"/>
</engineerTo>
<nullsAllowed>true</nullsAllowed>
<useDomainConstraints>false</useDomainConstraints>
<use>1</use>
<logicalDatatype>LOGDT024</logicalDatatype>
<dataTypeSize>20 BYTE</dataTypeSize>
</Attribute>
<Attribute name="MONTH END DATE" id="1DE262C1-496C-5A5B-D1D1-37A9B8EED051">
<createdBy>PSTOYANO</createdBy>
<createdTime>2012-12-12 05:11:01 UTC</createdTime>
<generatorID>5DDF73F0-AD08-4FAE-BAC5-3C4863BCAA1E</generatorID>
<ownerDesignName>global11_demo</ownerDesignName>
<engineerTo>
<item key="79F86B88-E904-D333-7DC6-8EB59E540524" value="true"/>
</engineerTo>
<nullsAllowed>true</nullsAllowed>
<useDomainConstraints>false</useDomainConstraints>
<use>1</use>
<logicalDatatype>LOGDT007</logicalDatatype>
<dataTypeSize>7</dataTypeSize>
</Attribute>
<Attribute name="MONTH TIME SPAN" id="64144870-9ACC-F2BD-5D6F-84D1379F75A1">
<createdBy>PSTOYANO</createdBy>
<createdTime>2012-12-12 05:11:01 UTC</createdTime>
<generatorID>914C2695-FE1F-3432-84CC-4C2C1D4E8571</generatorID>
<ownerDesignName>global11_demo</ownerDesignName>
<engineerTo>
<item key="79F86B88-E904-D333-7DC6-8EB59E540524" value="true"/>
</engineerTo>
<nullsAllowed>true</nullsAllowed>
<useDomainConstraints>false</useDomainConstraints>
<use>1</use>
<logicalDatatype>LOGDT019</logicalDatatype>
<dataTypePrecision>5</dataTypePrecision>
</Attribute>
<Attribute name="MONTH OF CALENDAR QUARTER" id="1C61D802-141D-941E-0BB4-CE67F6AF643D">
<createdBy>PSTOYANO</createdBy>
<createdTime>2012-12-12 05:11:01 UTC</createdTime>
<generatorID>6738559C-5066-2E06-9572-7B06EFCF2808</generatorID>
<ownerDesignName>global11_demo</ownerDesignName>
<engineerTo>
<item key="79F86B88-E904-D333-7DC6-8EB59E540524" value="true"/>
</engineerTo>
<nullsAllowed>true</nullsAllowed>
<useDomainConstraints>false</useDomainConstraints>
<use>1</use>
<logicalDatatype>LOGDT019</logicalDatatype>
<dataTypeSize>22</dataTypeSize>
</Attribute>
<Attribute name="MONTH OF CALENDAR YEAR" id="1CFE5B94-5D54-9E2A-A821-654B5D50A676">
<createdBy>PSTOYANO</createdBy>
<createdTime>2012-12-12 05:11:01 UTC</createdTime>
<generatorID>7AFE30FA-F685-B0E7-9F82-B72039184BD6</generatorID>
<ownerDesignName>global11_demo</ownerDesignName>
<engineerTo>
<item key="79F86B88-E904-D333-7DC6-8EB59E540524" value="true"/>
</engineerTo>
<nullsAllowed>true</nullsAllowed>
<useDomainConstraints>false</useDomainConstraints>
<use>1</use>
<logicalDatatype>LOGDT019</logicalDatatype>
<dataTypeSize>22</dataTypeSize>
</Attribute>
<Attribute name="MONTH OF FISCAL QUARTER" id="3188AA0D-B487-1F90-C436-8DCCB698998D">
<createdBy>PSTOYANO</createdBy>
<createdTime>2012-12-12 05:11:01 UTC</createdTime>
<generatorID>90C547F0-B754-6532-270E-FC315A529852</generatorID>
<ownerDesignName>global11_demo</ownerDesignName>
<engineerTo>
<item key="79F86B88-E904-D333-7DC6-8EB59E540524" value="true"/>
</engineerTo>
<nullsAllowed>true</nullsAllowed>
<useDomainConstraints>false</useDomainConstraints>
<use>1</use>
<logicalDatatype>LOGDT019</logicalDatatype>
<dataTypeSize>22</dataTypeSize>
</Attribute>
<Attribute name="MONTH OF FISCAL YEAR" id="D6BCEDCE-5C11-72CA-1748-4F2FF9AE0B8A">
<createdBy>PSTOYANO</createdBy>
<createdTime>2012-12-12 05:11:01 UTC</createdTime>
<generatorID>6206CD3B-0A15-EFC3-194E-B1094407075D</generatorID>
<ownerDesignName>global11_demo</ownerDesignName>
<engineerTo>
<item key="79F86B88-E904-D333-7DC6-8EB59E540524" value="true"/>
</engineerTo>
<nullsAllowed>true</nullsAllowed>
<useDomainConstraints>false</useDomainConstraints>
<use>1</use>
<logicalDatatype>LOGDT019</logicalDatatype>
<dataTypeSize>22</dataTypeSize>
</Attribute>
<Attribute name="CALENDAR QUARTER ID" id="765B5ACF-2F84-D6AE-8B4D-1C1AA02636F8">
<createdBy>PSTOYANO</createdBy>
<createdTime>2012-12-12 05:11:01 UTC</createdTime>
<generatorID>ED6A498C-A7E4-B39B-E06B-BD0952F16B87</generatorID>
<ownerDesignName>global11_demo</ownerDesignName>
<engineerTo>
<item key="79F86B88-E904-D333-7DC6-8EB59E540524" value="true"/>
</engineerTo>
<useDomainConstraints>false</useDomainConstraints>
<use>1</use>
<logicalDatatype>LOGDT024</logicalDatatype>
<dataTypeSize>9 BYTE</dataTypeSize>
</Attribute>
<Attribute name="CALENDAR QUARTER DSC" id="E6E64BF4-5382-64CB-0680-B8B0A39D4619">
<createdBy>PSTOYANO</createdBy>
<createdTime>2012-12-12 05:11:01 UTC</createdTime>
<generatorID>514D5DA0-FACB-CD17-F3C2-28CDBB620118</generatorID>
<ownerDesignName>global11_demo</ownerDesignName>
<engineerTo>
<item key="79F86B88-E904-D333-7DC6-8EB59E540524" value="true"/>
</engineerTo>
<useDomainConstraints>false</useDomainConstraints>
<use>1</use>
<logicalDatatype>LOGDT024</logicalDatatype>
<dataTypeSize>5 BYTE</dataTypeSize>
</Attribute>
<Attribute name="CALENDAR QUARTER DSC FRENCH" id="81605706-3C33-591A-9AD4-40805598A5FF">
<createdBy>PSTOYANO</createdBy>
<createdTime>2012-12-12 05:11:01 UTC</createdTime>
<generatorID>CA7B94DD-6ED1-6C19-AAA3-4C60A357927E</generatorID>
<ownerDesignName>global11_demo</ownerDesignName>
<engineerTo>
<item key="79F86B88-E904-D333-7DC6-8EB59E540524" value="true"/>
</engineerTo>
<nullsAllowed>true</nullsAllowed>
<useDomainConstraints>false</useDomainConstraints>
<use>1</use>
<logicalDatatype>LOGDT024</logicalDatatype>
<dataTypeSize>20 BYTE</dataTypeSize>
</Attribute>
<Attribute name="CALENDAR QUARTER DSC DUTCH" id="70B4DF2F-2287-A5B4-ED54-F1A40FAC6DEF">
<createdBy>PSTOYANO</createdBy>
<createdTime>2012-12-12 05:11:01 UTC</createdTime>
<generatorID>785558E1-0442-ED20-290D-51AF1CAF9017</generatorID>
<ownerDesignName>global11_demo</ownerDesignName>
<engineerTo>
<item key="79F86B88-E904-D333-7DC6-8EB59E540524" value="true"/>
</engineerTo>
<nullsAllowed>true</nullsAllowed>
<useDomainConstraints>false</useDomainConstraints>
<use>1</use>
<logicalDatatype>LOGDT024</logicalDatatype>
<dataTypeSize>20 BYTE</dataTypeSize>
</Attribute>
<Attribute name="CALENDAR QUARTER END DATE" id="B186E964-2AC0-8AE5-4BC4-2CA711A452CB">
<createdBy>PSTOYANO</createdBy>
<createdTime>2012-12-12 05:11:01 UTC</createdTime>
<generatorID>29B822F4-D598-07E0-7673-B93DD9FBBB7F</generatorID>
<ownerDesignName>global11_demo</ownerDesignName>
<engineerTo>
<item key="79F86B88-E904-D333-7DC6-8EB59E540524" value="true"/>
</engineerTo>
<nullsAllowed>true</nullsAllowed>
<useDomainConstraints>false</useDomainConstraints>
<use>1</use>
<logicalDatatype>LOGDT007</logicalDatatype>
<dataTypeSize>7</dataTypeSize>
</Attribute>
<Attribute name="CALENDAR QUARTER TIME SPAN" id="56A2248F-98B5-F089-B353-5C1F8DD30445">
<createdBy>PSTOYANO</createdBy>
<createdTime>2012-12-12 05:11:01 UTC</createdTime>
<generatorID>FFB9D853-5EC1-2EF6-C346-6B598DCA74E0</generatorID>
<ownerDesignName>global11_demo</ownerDesignName>
<engineerTo>
<item key="79F86B88-E904-D333-7DC6-8EB59E540524" value="true"/>
</engineerTo>
<nullsAllowed>true</nullsAllowed>
<useDomainConstraints>false</useDomainConstraints>
<use>1</use>
<logicalDatatype>LOGDT019</logicalDatatype>
<dataTypePrecision>5</dataTypePrecision>
</Attribute>
<Attribute name="CALENDAR QUARTER OF YEAR" id="39CB000A-4E08-EB92-587A-C5CB4A12743E">
<createdBy>PSTOYANO</createdBy>
<createdTime>2012-12-12 05:11:01 UTC</createdTime>
<generatorID>CFC988F7-639C-B652-172D-05358D076EBE</generatorID>
<ownerDesignName>global11_demo</ownerDesignName>
<engineerTo>
<item key="79F86B88-E904-D333-7DC6-8EB59E540524" value="true"/>
</engineerTo>
<nullsAllowed>true</nullsAllowed>
<useDomainConstraints>false</useDomainConstraints>
<use>1</use>
<logicalDatatype>LOGDT019</logicalDatatype>
<dataTypePrecision>5</dataTypePrecision>
</Attribute>
<Attribute name="CALENDAR YEAR ID" id="920C8096-1FB1-6736-390E-45EEE87FA950">
<createdBy>PSTOYANO</createdBy>
<createdTime>2012-12-12 05:11:01 UTC</createdTime>
<generatorID>ABAF2D1F-714C-25BB-13FD-9753CAA9A6D8</generatorID>
<ownerDesignName>global11_demo</ownerDesignName>
<engineerTo>
<item key="79F86B88-E904-D333-7DC6-8EB59E540524" value="true"/>
</engineerTo>
<useDomainConstraints>false</useDomainConstraints>
<use>1</use>
<logicalDatatype>LOGDT024</logicalDatatype>
<dataTypeSize>6 BYTE</dataTypeSize>
</Attribute>
<Attribute name="CALENDAR YEAR DSC" id="53FAAE62-887A-2443-E0B3-C7778D1A37C3">
<createdBy>PSTOYANO</createdBy>
<createdTime>2012-12-12 05:11:01 UTC</createdTime>
<generatorID>74ED7822-20C0-49E5-ACF5-F88FED93EEC8</generatorID>
<ownerDesignName>global11_demo</ownerDesignName>
<engineerTo>
<item key="79F86B88-E904-D333-7DC6-8EB59E540524" value="true"/>
</engineerTo>
<useDomainConstraints>false</useDomainConstraints>
<use>1</use>
<logicalDatatype>LOGDT024</logicalDatatype>
<dataTypeSize>5 BYTE</dataTypeSize>
</Attribute>
<Attribute name="CALENDAR YEAR DSC FRENCH" id="ADC66E27-16EC-E8B9-EB67-6A9BEF213082">
<createdBy>PSTOYANO</createdBy>
<createdTime>2012-12-12 05:11:01 UTC</createdTime>
<generatorID>656F5B13-A81A-B029-D982-3A8339785094</generatorID>
<ownerDesignName>global11_demo</ownerDesignName>
<engineerTo>
<item key="79F86B88-E904-D333-7DC6-8EB59E540524" value="true"/>
</engineerTo>
<nullsAllowed>true</nullsAllowed>
<useDomainConstraints>false</useDomainConstraints>
<use>1</use>
<logicalDatatype>LOGDT024</logicalDatatype>
<dataTypeSize>20 BYTE</dataTypeSize>
</Attribute>
<Attribute name="CALENDAR YEAR DSC DUTCH" id="A573FF82-AD21-88FC-9F6F-05009B62100D">
<createdBy>PSTOYANO</createdBy>
<createdTime>2012-12-12 05:11:01 UTC</createdTime>
<generatorID>41859E94-F126-3C5E-5773-628E2C42D8B6</generatorID>
<ownerDesignName>global11_demo</ownerDesignName>
<engineerTo>
<item key="79F86B88-E904-D333-7DC6-8EB59E540524" value="true"/>
</engineerTo>
<nullsAllowed>true</nullsAllowed>
<useDomainConstraints>false</useDomainConstraints>
<use>1</use>
<logicalDatatype>LOGDT024</logicalDatatype>
<dataTypeSize>20 BYTE</dataTypeSize>
</Attribute>
<Attribute name="CALENDAR YEAR END DATE" id="77D5DB47-CF47-C5D4-9C75-1A6411A3B04F">
<createdBy>PSTOYANO</createdBy>
<createdTime>2012-12-12 05:11:01 UTC</createdTime>
<generatorID>C18FA0FF-148F-CF20-976B-C0AAB6BD6713</generatorID>
<ownerDesignName>global11_demo</ownerDesignName>
<engineerTo>
<item key="79F86B88-E904-D333-7DC6-8EB59E540524" value="true"/>
</engineerTo>
<nullsAllowed>true</nullsAllowed>
<useDomainConstraints>false</useDomainConstraints>
<use>1</use>
<logicalDatatype>LOGDT007</logicalDatatype>
<dataTypeSize>7</dataTypeSize>
</Attribute>
<Attribute name="CALENDAR YEAR TIME SPAN" id="E5A84E44-E2E0-4F68-3DFE-41A40FC8737A">
<createdBy>PSTOYANO</createdBy>
<createdTime>2012-12-12 05:11:01 UTC</createdTime>
<generatorID>C3DFA2A5-C8A5-B3F6-B5B7-F4DE40D883EA</generatorID>
<ownerDesignName>global11_demo</ownerDesignName>
<engineerTo>
<item key="79F86B88-E904-D333-7DC6-8EB59E540524" value="true"/>
</engineerTo>
<nullsAllowed>true</nullsAllowed>
<useDomainConstraints>false</useDomainConstraints>
<use>1</use>
<logicalDatatype>LOGDT019</logicalDatatype>
<dataTypePrecision>5</dataTypePrecision>
</Attribute>
<Attribute name="FISCAL QUARTER ID" id="7F90ED66-5311-6911-B8A2-2B6D04DB5358">
<createdBy>PSTOYANO</createdBy>
<createdTime>2012-12-12 05:11:01 UTC</createdTime>
<generatorID>B9F709A8-5862-8EE4-6F6E-FEFBD19BC571</generatorID>
<ownerDesignName>global11_demo</ownerDesignName>
<engineerTo>
<item key="79F86B88-E904-D333-7DC6-8EB59E540524" value="true"/>
</engineerTo>
<useDomainConstraints>false</useDomainConstraints>
<use>1</use>
<logicalDatatype>LOGDT024</logicalDatatype>
<dataTypeSize>9 BYTE</dataTypeSize>
</Attribute>
<Attribute name="FISCAL QUARTER DSC" id="88534EB6-5EC6-9DE9-28DD-8C85927E7368">
<createdBy>PSTOYANO</createdBy>
<createdTime>2012-12-12 05:11:01 UTC</createdTime>
<generatorID>6F613DA2-7F97-0776-E2D3-8CF6727CA9AD</generatorID>
<ownerDesignName>global11_demo</ownerDesignName>
<engineerTo>
<item key="79F86B88-E904-D333-7DC6-8EB59E540524" value="true"/>
</engineerTo>
<useDomainConstraints>false</useDomainConstraints>
<use>1</use>
<logicalDatatype>LOGDT024</logicalDatatype>
<dataTypeSize>10 BYTE</dataTypeSize>
</Attribute>
<Attribute name="FISCAL QUARTER DSC FRENCH" id="CF68FD1B-BCC1-F3B7-5DC2-F514C2D98A42">
<createdBy>PSTOYANO</createdBy>
<createdTime>2012-12-12 05:11:01 UTC</createdTime>
<generatorID>681C3DC9-15BA-67A2-EF80-EBD094D861D6</generatorID>
<ownerDesignName>global11_demo</ownerDesignName>
<engineerTo>
<item key="79F86B88-E904-D333-7DC6-8EB59E540524" value="true"/>
</engineerTo>
<nullsAllowed>true</nullsAllowed>
<useDomainConstraints>false</useDomainConstraints>
<use>1</use>
<logicalDatatype>LOGDT024</logicalDatatype>
<dataTypeSize>20 BYTE</dataTypeSize>
</Attribute>
<Attribute name="FISCAL QUARTER DSC DUTCH" id="2967F144-F169-3B3C-7B93-29BDFF9CEED0">
<createdBy>PSTOYANO</createdBy>
<createdTime>2012-12-12 05:11:01 UTC</createdTime>
<generatorID>D84531CC-C554-D895-FEA9-CCCFF8C2289C</generatorID>
<ownerDesignName>global11_demo</ownerDesignName>
<engineerTo>
<item key="79F86B88-E904-D333-7DC6-8EB59E540524" value="true"/>
</engineerTo>
<nullsAllowed>true</nullsAllowed>
<useDomainConstraints>false</useDomainConstraints>
<use>1</use>
<logicalDatatype>LOGDT024</logicalDatatype>
<dataTypeSize>20 BYTE</dataTypeSize>
</Attribute>
<Attribute name="FISCAL QUARTER END DATE" id="49236C34-ED45-132E-AF25-AFC8DB72A629">
<createdBy>PSTOYANO</createdBy>
<createdTime>2012-12-12 05:11:01 UTC</createdTime>
<generatorID>22F1F742-0E04-F7A1-7EFB-2B5F093FD4DE</generatorID>
<ownerDesignName>global11_demo</ownerDesignName>
<engineerTo>
<item key="79F86B88-E904-D333-7DC6-8EB59E540524" value="true"/>
</engineerTo>
<nullsAllowed>true</nullsAllowed>
<useDomainConstraints>false</useDomainConstraints>
<use>1</use>
<logicalDatatype>LOGDT007</logicalDatatype>
<dataTypeSize>7</dataTypeSize>
</Attribute>
<Attribute name="FISCAL QUARTER TIME SPAN" id="E82B943B-C2F5-4CB9-0DA7-BC0C469AA513">
<createdBy>PSTOYANO</createdBy>
<createdTime>2012-12-12 05:11:01 UTC</createdTime>
<generatorID>9033BF3E-D21D-8F40-010B-F867BA9BD762</generatorID>
<ownerDesignName>global11_demo</ownerDesignName>
<engineerTo>
<item key="79F86B88-E904-D333-7DC6-8EB59E540524" value="true"/>
</engineerTo>
<nullsAllowed>true</nullsAllowed>
<useDomainConstraints>false</useDomainConstraints>
<use>1</use>
<logicalDatatype>LOGDT019</logicalDatatype>
<dataTypePrecision>5</dataTypePrecision>
</Attribute>
<Attribute name="FISCAL QUARTER OF YEAR" id="13CBD6A7-5BD0-1AC9-2941-C66152FC8F93">
<createdBy>PSTOYANO</createdBy>
<createdTime>2012-12-12 05:11:01 UTC</createdTime>
<generatorID>F0A0CD9E-76AB-A4B1-0419-E94FF8000D94</generatorID>
<ownerDesignName>global11_demo</ownerDesignName>
<engineerTo>
<item key="79F86B88-E904-D333-7DC6-8EB59E540524" value="true"/>
</engineerTo>
<nullsAllowed>true</nullsAllowed>
<useDomainConstraints>false</useDomainConstraints>
<use>1</use>
<logicalDatatype>LOGDT019</logicalDatatype>
<dataTypeSize>22</dataTypeSize>
</Attribute>
<Attribute name="FISCAL YEAR ID" id="0F859024-8E80-F2BF-B113-EB1E8CE21D41">
<createdBy>PSTOYANO</createdBy>
<createdTime>2012-12-12 05:11:01 UTC</createdTime>
<generatorID>1452AA49-7189-DD89-0595-ABC1E632F977</generatorID>
<ownerDesignName>global11_demo</ownerDesignName>
<engineerTo>
<item key="79F86B88-E904-D333-7DC6-8EB59E540524" value="true"/>
</engineerTo>
<useDomainConstraints>false</useDomainConstraints>
<use>1</use>
<logicalDatatype>LOGDT024</logicalDatatype>
<dataTypeSize>6 BYTE</dataTypeSize>
</Attribute>
<Attribute name="FISCAL YEAR DSC" id="A0C548BF-9ABA-6084-50C4-1970A9DE4252">
<createdBy>PSTOYANO</createdBy>
<createdTime>2012-12-12 05:11:01 UTC</createdTime>
<generatorID>C04D8D7F-2BFE-8E6A-71F6-EF6F95A9EB52</generatorID>
<ownerDesignName>global11_demo</ownerDesignName>
<engineerTo>
<item key="79F86B88-E904-D333-7DC6-8EB59E540524" value="true"/>
</engineerTo>
<useDomainConstraints>false</useDomainConstraints>
<use>1</use>
<logicalDatatype>LOGDT024</logicalDatatype>
<dataTypeSize>6 BYTE</dataTypeSize>
</Attribute>
<Attribute name="FISCAL YEAR DSC FRENCH" id="F0760923-A017-D6D2-D8CE-F4A8F8F3B27B">
<createdBy>PSTOYANO</createdBy>
<createdTime>2012-12-12 05:11:01 UTC</createdTime>
<generatorID>A3CA7A28-0568-3132-4E70-9699D7E393F1</generatorID>
<ownerDesignName>global11_demo</ownerDesignName>
<engineerTo>
<item key="79F86B88-E904-D333-7DC6-8EB59E540524" value="true"/>
</engineerTo>
<nullsAllowed>true</nullsAllowed>
<useDomainConstraints>false</useDomainConstraints>
<use>1</use>
<logicalDatatype>LOGDT024</logicalDatatype>
<dataTypeSize>20 BYTE</dataTypeSize>
</Attribute>
<Attribute name="FISCAL YEAR DSC DUTCH" id="473EA318-5403-EC58-6A3A-1CF21D7DC9A3">
<createdBy>PSTOYANO</createdBy>
<createdTime>2012-12-12 05:11:01 UTC</createdTime>
<generatorID>C5C3E122-783F-ECCD-03F1-E46E8AEF3E4E</generatorID>
<ownerDesignName>global11_demo</ownerDesignName>
<engineerTo>
<item key="79F86B88-E904-D333-7DC6-8EB59E540524" value="true"/>
</engineerTo>
<nullsAllowed>true</nullsAllowed>
<useDomainConstraints>false</useDomainConstraints>
<use>1</use>
<logicalDatatype>LOGDT024</logicalDatatype>
<dataTypeSize>20 BYTE</dataTypeSize>
</Attribute>
<Attribute name="FISCAL YEAR END DATE" id="AB9261DC-09F1-ECE2-9BB6-6D6653732D3C">
<createdBy>PSTOYANO</createdBy>
<createdTime>2012-12-12 05:11:01 UTC</createdTime>
<generatorID>E8747A0B-78BC-5F46-3BD0-89E7FC3FA4EE</generatorID>
<ownerDesignName>global11_demo</ownerDesignName>
<engineerTo>
<item key="79F86B88-E904-D333-7DC6-8EB59E540524" value="true"/>
</engineerTo>
<nullsAllowed>true</nullsAllowed>
<useDomainConstraints>false</useDomainConstraints>
<use>1</use>
<logicalDatatype>LOGDT007</logicalDatatype>
<dataTypeSize>7</dataTypeSize>
</Attribute>
<Attribute name="FISCAL YEAR TIME SPAN" id="DCB2ED9E-CD49-32BF-3893-48310388D70C">
<createdBy>PSTOYANO</createdBy>
<createdTime>2012-12-12 05:11:01 UTC</createdTime>
<generatorID>900BAA9D-5BBC-65C1-0FD8-E51A85A4D8E5</generatorID>
<ownerDesignName>global11_demo</ownerDesignName>
<engineerTo>
<item key="79F86B88-E904-D333-7DC6-8EB59E540524" value="true"/>
</engineerTo>
<nullsAllowed>true</nullsAllowed>
<useDomainConstraints>false</useDomainConstraints>
<use>1</use>
<logicalDatatype>LOGDT019</logicalDatatype>
<dataTypePrecision>5</dataTypePrecision>
</Attribute>
<Attribute name="TOTAL ID" id="FCF7BBBD-7A6F-0272-5BF3-09EE0ED33BE6">
<createdBy>PSTOYANO</createdBy>
<createdTime>2012-12-12 05:11:01 UTC</createdTime>
<generatorID>B693FD18-B393-B624-0C96-C6ACE444189F</generatorID>
<ownerDesignName>global11_demo</ownerDesignName>
<engineerTo>
<item key="79F86B88-E904-D333-7DC6-8EB59E540524" value="true"/>
</engineerTo>
<useDomainConstraints>false</useDomainConstraints>
<use>1</use>
<logicalDatatype>LOGDT024</logicalDatatype>
<dataTypeSize>40 BYTE</dataTypeSize>
</Attribute>
<Attribute name="TOTAL DSC" id="B6039456-FC61-0950-0F75-DBB35806C3D0">
<createdBy>PSTOYANO</createdBy>
<createdTime>2012-12-12 05:11:01 UTC</createdTime>
<generatorID>AFEF6BD1-6F81-D6F4-E922-4A0C7991A476</generatorID>
<ownerDesignName>global11_demo</ownerDesignName>
<engineerTo>
<item key="79F86B88-E904-D333-7DC6-8EB59E540524" value="true"/>
</engineerTo>
<useDomainConstraints>false</useDomainConstraints>
<use>1</use>
<logicalDatatype>LOGDT024</logicalDatatype>
<dataTypeSize>20 BYTE</dataTypeSize>
</Attribute>
<Attribute name="TOTAL DSC FRENCH" id="0060D7C2-B45B-1E4A-122E-2A1331B86B4E">
<createdBy>PSTOYANO</createdBy>
<createdTime>2012-12-12 05:11:01 UTC</createdTime>
<generatorID>F97B3BB1-1419-CDB9-532B-D2E4CE373DD7</generatorID>
<ownerDesignName>global11_demo</ownerDesignName>
<engineerTo>
<item key="79F86B88-E904-D333-7DC6-8EB59E540524" value="true"/>
</engineerTo>
<nullsAllowed>true</nullsAllowed>
<useDomainConstraints>false</useDomainConstraints>
<use>1</use>
<logicalDatatype>LOGDT024</logicalDatatype>
<dataTypeSize>20 BYTE</dataTypeSize>
</Attribute>
<Attribute name="TOTAL DSC DUTCH" id="F6093A89-9565-6754-4F6E-8EF8012460DE">
<createdBy>PSTOYANO</createdBy>
<createdTime>2012-12-12 05:11:01 UTC</createdTime>
<generatorID>2B5467F6-5A57-3CE9-FCE3-F1DEAAE717B8</generatorID>
<ownerDesignName>global11_demo</ownerDesignName>
<engineerTo>
<item key="79F86B88-E904-D333-7DC6-8EB59E540524" value="true"/>
</engineerTo>
<nullsAllowed>true</nullsAllowed>
<useDomainConstraints>false</useDomainConstraints>
<use>1</use>
<logicalDatatype>LOGDT024</logicalDatatype>
<dataTypeSize>20 BYTE</dataTypeSize>
</Attribute>
<Attribute name="TOTAL TIME SPAN" id="31563387-5A39-BBE3-0234-5E82AE153152">
<createdBy>PSTOYANO</createdBy>
<createdTime>2012-12-12 05:11:01 UTC</createdTime>
<generatorID>08A139AA-9F8D-C24F-8A9A-3EFA231C4AAE</generatorID>
<ownerDesignName>global11_demo</ownerDesignName>
<engineerTo>
<item key="79F86B88-E904-D333-7DC6-8EB59E540524" value="true"/>
</engineerTo>
<nullsAllowed>true</nullsAllowed>
<useDomainConstraints>false</useDomainConstraints>
<use>1</use>
<logicalDatatype>LOGDT019</logicalDatatype>
<dataTypeSize>22</dataTypeSize>
</Attribute>
<Attribute name="TOTAL END DATE" id="E757C20D-04C1-96BD-C516-F31626369A62">
<createdBy>PSTOYANO</createdBy>
<createdTime>2012-12-12 05:11:01 UTC</createdTime>
<generatorID>5518C2E4-EC63-6110-F8BF-F24032A6F04C</generatorID>
<ownerDesignName>global11_demo</ownerDesignName>
<engineerTo>
<item key="79F86B88-E904-D333-7DC6-8EB59E540524" value="true"/>
</engineerTo>
<nullsAllowed>true</nullsAllowed>
<useDomainConstraints>false</useDomainConstraints>
<use>1</use>
<logicalDatatype>LOGDT007</logicalDatatype>
<dataTypeSize>7</dataTypeSize>
</Attribute>
</attributes>
<identifiers itemClass="oracle.dbtools.crest.model.design.logical.CandidateKey">
<identifier id="BCAF3F3A-98BF-00D8-12A6-9F638A6604CA" name="TIME DIM PK">
<createdBy>PSTOYANO</createdBy>
<createdTime>2012-12-12 05:11:01 UTC</createdTime>
<generatorID>666E6B22-EFD5-BBEF-603C-52C7CF33F729</generatorID>
<ownerDesignName>global11_demo</ownerDesignName>
<engineerTo>
<item key="79F86B88-E904-D333-7DC6-8EB59E540524" value="true"/>
</engineerTo>
<pk>true</pk>
<usedAttributes>
<attributeRef>8F8CD42D-9782-9183-6FFD-E85FFB79F840</attributeRef>
</usedAttributes>
</identifier>
</identifiers>
</Entity>