<?xml version = '1.0' encoding = 'UTF-8'?>
<Entity class="oracle.dbtools.crest.model.design.logical.Entity" directorySegmentName="seg_0" id="61059591-E00D-F325-75BD-1580E94E5E84" name="UNITS FACT">
<createdBy>PSTOYANO</createdBy>
<createdTime>2012-12-12 05:11:01 UTC</createdTime>
<generatorID>661BD9E8-FA63-37EA-F032-8EDACFAEA470</generatorID>
<ownerDesignName>global11_demo</ownerDesignName>
<engineerTo>
<item key="79F86B88-E904-D333-7DC6-8EB59E540524" value="true"/>
</engineerTo>
<typeID>1</typeID>
<adequatelyNormalized>NO</adequatelyNormalized>
<expectedVolumes>0</expectedVolumes>
<fwdEngineeringStrategyName>Single Table</fwdEngineeringStrategyName>
<growthPercent>0</growthPercent>
<growthType>Year</growthType>
<maxVolumes>9999999</maxVolumes>
<minVolumes>0</minVolumes>
<normalForm>Third</normalForm>
<attributes itemClass="oracle.dbtools.crest.model.design.logical.Attribute">
<Attribute name="MONTH ID" id="9B1478DD-FAA6-E6BD-B19D-00E1E8002F44">
<createdBy>PSTOYANO</createdBy>
<createdTime>2012-12-12 05:11:01 UTC</createdTime>
<generatorID>4BAF4E38-5C83-6404-4F31-EDE95EB024EC</generatorID>
<ownerDesignName>global11_demo</ownerDesignName>
<engineerTo>
<item key="79F86B88-E904-D333-7DC6-8EB59E540524" value="true"/>
</engineerTo>
<referedAttribute>8F8CD42D-9782-9183-6FFD-E85FFB79F840</referedAttribute>
<useDomainConstraints>false</useDomainConstraints>
<use>1</use>
<logicalDatatype>LOGDT024</logicalDatatype>
<dataTypeSize>7 BYTE</dataTypeSize>
</Attribute>
<Attribute name="ITEM ID" id="4D2C6CAD-FFD2-08D7-6D60-5959639BAF09">
<createdBy>PSTOYANO</createdBy>
<createdTime>2012-12-12 05:11:01 UTC</createdTime>
<generatorID>8D6E09A3-F03A-941C-72FA-B5D962DFC47B</generatorID>
<ownerDesignName>global11_demo</ownerDesignName>
<engineerTo>
<item key="79F86B88-E904-D333-7DC6-8EB59E540524" value="true"/>
</engineerTo>
<referedAttribute>24540FE1-EB1C-394B-09E1-87414DB7743D</referedAttribute>
<useDomainConstraints>false</useDomainConstraints>
<use>1</use>
<logicalDatatype>LOGDT024</logicalDatatype>
<dataTypeSize>12 BYTE</dataTypeSize>
</Attribute>
<Attribute name="SHIP TO ID" id="3788A111-5BC9-4B44-6542-DFD51E4B88FF">
<createdBy>PSTOYANO</createdBy>
<createdTime>2012-12-12 05:11:01 UTC</createdTime>
<generatorID>268883F0-F13A-AA66-A4C8-3BBE927A5251</generatorID>
<ownerDesignName>global11_demo</ownerDesignName>
<engineerTo>
<item key="79F86B88-E904-D333-7DC6-8EB59E540524" value="true"/>
</engineerTo>
<referedAttribute>2D583215-9C76-57A4-A5A8-C8DCB9AADDE2</referedAttribute>
<useDomainConstraints>false</useDomainConstraints>
<use>1</use>
<logicalDatatype>LOGDT024</logicalDatatype>
<dataTypeSize>16 BYTE</dataTypeSize>
</Attribute>
<Attribute name="CHANNEL ID" id="77CF76FC-60CA-7124-199D-E60F2F009B3B">
<createdBy>PSTOYANO</createdBy>
<createdTime>2012-12-12 05:11:01 UTC</createdTime>
<generatorID>54BAFD65-376C-DE62-D143-C536F4DFE52B</generatorID>
<ownerDesignName>global11_demo</ownerDesignName>
<engineerTo>
<item key="79F86B88-E904-D333-7DC6-8EB59E540524" value="true"/>
</engineerTo>
<referedAttribute>F99593F3-9728-0D69-CF35-9EA676C3C6F9</referedAttribute>
<useDomainConstraints>false</useDomainConstraints>
<use>1</use>
<logicalDatatype>LOGDT024</logicalDatatype>
<dataTypeSize>3 BYTE</dataTypeSize>
</Attribute>
<Attribute name="UNITS" id="1BB159AC-282C-CE7C-0C12-EEEA6CDBE5BC">
<createdBy>PSTOYANO</createdBy>
<createdTime>2012-12-12 05:11:01 UTC</createdTime>
<generatorID>FAA7450C-2A43-355D-F1E7-390D6C11E665</generatorID>
<ownerDesignName>global11_demo</ownerDesignName>
<engineerTo>
<item key="79F86B88-E904-D333-7DC6-8EB59E540524" value="true"/>
</engineerTo>
<nullsAllowed>true</nullsAllowed>
<useDomainConstraints>false</useDomainConstraints>
<use>1</use>
<logicalDatatype>LOGDT019</logicalDatatype>
<dataTypeSize>22</dataTypeSize>
</Attribute>
<Attribute name="SALES" id="F1595BA2-AA68-AB15-AA15-23927C940CC7">
<createdBy>PSTOYANO</createdBy>
<createdTime>2012-12-12 05:11:01 UTC</createdTime>
<generatorID>03329F81-AE45-E430-5B6D-A4941EFD1E81</generatorID>
<ownerDesignName>global11_demo</ownerDesignName>
<engineerTo>
<item key="79F86B88-E904-D333-7DC6-8EB59E540524" value="true"/>
</engineerTo>
<nullsAllowed>true</nullsAllowed>
<useDomainConstraints>false</useDomainConstraints>
<use>1</use>
<logicalDatatype>LOGDT019</logicalDatatype>
<dataTypeSize>22</dataTypeSize>
</Attribute>
<Attribute name="COST" id="A4F59D48-B1B5-EE2B-CA1D-70DC560D156D">
<createdBy>PSTOYANO</createdBy>
<createdTime>2012-12-12 05:11:01 UTC</createdTime>
<generatorID>9342EF23-AF5C-9FA2-CDA9-B71277CE6F7F</generatorID>
<ownerDesignName>global11_demo</ownerDesignName>
<engineerTo>
<item key="79F86B88-E904-D333-7DC6-8EB59E540524" value="true"/>
</engineerTo>
<nullsAllowed>true</nullsAllowed>
<useDomainConstraints>false</useDomainConstraints>
<use>1</use>
<logicalDatatype>LOGDT019</logicalDatatype>
<dataTypeSize>22</dataTypeSize>
</Attribute>
<Attribute name="SHIP MONTH ID" id="C8F8DA96-262B-07C5-3B0F-D4DCE32D18BE">
<createdBy>PSTOYANO</createdBy>
<createdTime>2013-01-09 08:28:55 UTC</createdTime>
<generatorID>5683E149-9454-0D5A-E4C4-7B2D21EC8F38</generatorID>
<ownerDesignName>global11_demo</ownerDesignName>
<engineerTo>
<item key="79F86B88-E904-D333-7DC6-8EB59E540524" value="true"/>
</engineerTo>
<nullsAllowed>true</nullsAllowed>
<useDomainConstraints>false</useDomainConstraints>
<use>1</use>
<logicalDatatype>LOGDT024</logicalDatatype>
<dataTypeSize>7 BYTE</dataTypeSize>
</Attribute>
<Attribute name="DELIVERY MONTH ID" id="23DE11AB-E069-9B75-5E02-B465B554ED6F">
<createdBy>PSTOYANO</createdBy>
<createdTime>2013-01-09 08:28:55 UTC</createdTime>
<generatorID>3863C66B-1D62-86EC-8E5B-C23F8D5B77D7</generatorID>
<ownerDesignName>global11_demo</ownerDesignName>
<engineerTo>
<item key="79F86B88-E904-D333-7DC6-8EB59E540524" value="true"/>
</engineerTo>
<nullsAllowed>true</nullsAllowed>
<useDomainConstraints>false</useDomainConstraints>
<use>1</use>
<logicalDatatype>LOGDT024</logicalDatatype>
<dataTypeSize>7 BYTE</dataTypeSize>
</Attribute>
</attributes>
<identifiers itemClass="oracle.dbtools.crest.model.design.logical.CandidateKey">
<identifier id="894EE5A7-AB87-7A94-193A-6EF1590248EB" name="UNITS FACT PK">
<createdBy>PSTOYANO</createdBy>
<createdTime>2012-12-12 05:11:01 UTC</createdTime>
<generatorID>0720F004-9D40-B8A9-9F5B-43DC8996A9AB</generatorID>
<ownerDesignName>global11_demo</ownerDesignName>
<engineerTo>
<item key="79F86B88-E904-D333-7DC6-8EB59E540524" value="true"/>
</engineerTo>
<pk>true</pk>
<usedAttributes>
<attributeRef>9B1478DD-FAA6-E6BD-B19D-00E1E8002F44</attributeRef>
<attributeRef>4D2C6CAD-FFD2-08D7-6D60-5959639BAF09</attributeRef>
<attributeRef>3788A111-5BC9-4B44-6542-DFD51E4B88FF</attributeRef>
<attributeRef>77CF76FC-60CA-7124-199D-E60F2F009B3B</attributeRef>
</usedAttributes>
</identifier>
</identifiers>
</Entity>