<?xml version = '1.0' encoding = 'UTF-8'?>
<Entity class="oracle.dbtools.crest.model.design.logical.Entity" directorySegmentName="seg_0" id="7A2F2250-433C-4C6D-6708-C88BD60D09AA" name="PRODUCT DIM">
<createdBy>PSTOYANO</createdBy>
<createdTime>2012-12-12 05:11:01 UTC</createdTime>
<generatorID>455A798C-95BE-002D-5E6E-BA590B0322FC</generatorID>
<ownerDesignName>global11_demo</ownerDesignName>
<engineerTo>
<item key="79F86B88-E904-D333-7DC6-8EB59E540524" value="true"/>
</engineerTo>
<typeID>2</typeID>
<adequatelyNormalized>NO</adequatelyNormalized>
<expectedVolumes>0</expectedVolumes>
<fwdEngineeringStrategyName>Single Table</fwdEngineeringStrategyName>
<growthPercent>0</growthPercent>
<growthType>Year</growthType>
<maxVolumes>9999999</maxVolumes>
<minVolumes>0</minVolumes>
<normalForm>Third</normalForm>
<attributes itemClass="oracle.dbtools.crest.model.design.logical.Attribute">
<Attribute name="ITEM ID" id="24540FE1-EB1C-394B-09E1-87414DB7743D">
<createdBy>PSTOYANO</createdBy>
<createdTime>2012-12-12 05:11:01 UTC</createdTime>
<generatorID>5D99FD28-8652-4833-1D33-580EA6272285</generatorID>
<ownerDesignName>global11_demo</ownerDesignName>
<engineerTo>
<item key="79F86B88-E904-D333-7DC6-8EB59E540524" value="true"/>
</engineerTo>
<useDomainConstraints>false</useDomainConstraints>
<use>1</use>
<logicalDatatype>LOGDT024</logicalDatatype>
<dataTypeSize>12 BYTE</dataTypeSize>
</Attribute>
<Attribute name="ITEM DSC" id="E6EC039F-43CC-4E5F-BF91-DEA01A8F9E8C">
<createdBy>PSTOYANO</createdBy>
<createdTime>2012-12-12 05:11:01 UTC</createdTime>
<generatorID>733D046E-F03B-E776-D80C-5423231ECEA8</generatorID>
<ownerDesignName>global11_demo</ownerDesignName>
<engineerTo>
<item key="79F86B88-E904-D333-7DC6-8EB59E540524" value="true"/>
</engineerTo>
<useDomainConstraints>false</useDomainConstraints>
<use>1</use>
<logicalDatatype>LOGDT024</logicalDatatype>
<dataTypeSize>31 BYTE</dataTypeSize>
</Attribute>
<Attribute name="ITEM DSC FRENCH" id="999861B3-3EDF-A7BD-29A9-7CBED2274E33">
<createdBy>PSTOYANO</createdBy>
<createdTime>2012-12-12 05:11:01 UTC</createdTime>
<generatorID>A72709C7-9A9C-80FC-BDEE-902FA234E8C6</generatorID>
<ownerDesignName>global11_demo</ownerDesignName>
<engineerTo>
<item key="79F86B88-E904-D333-7DC6-8EB59E540524" value="true"/>
</engineerTo>
<nullsAllowed>true</nullsAllowed>
<useDomainConstraints>false</useDomainConstraints>
<use>1</use>
<logicalDatatype>LOGDT024</logicalDatatype>
<dataTypeSize>60 BYTE</dataTypeSize>
</Attribute>
<Attribute name="ITEM DSC DUTCH" id="9AD10066-3B8D-E766-2261-3570EFDCFD66">
<createdBy>PSTOYANO</createdBy>
<createdTime>2012-12-12 05:11:01 UTC</createdTime>
<generatorID>E724CD81-C3D7-D84C-1BFE-9BF26DF6730E</generatorID>
<ownerDesignName>global11_demo</ownerDesignName>
<engineerTo>
<item key="79F86B88-E904-D333-7DC6-8EB59E540524" value="true"/>
</engineerTo>
<nullsAllowed>true</nullsAllowed>
<useDomainConstraints>false</useDomainConstraints>
<use>1</use>
<logicalDatatype>LOGDT024</logicalDatatype>
<dataTypeSize>60 BYTE</dataTypeSize>
</Attribute>
<Attribute name="ITEM PACKAGE" id="80F85FEA-1D5B-ABC8-C168-06B56A8E74EA">
<createdBy>PSTOYANO</createdBy>
<createdTime>2012-12-12 05:11:01 UTC</createdTime>
<generatorID>BE5C4AE3-51F0-54A1-307D-BABE87DD76DD</generatorID>
<ownerDesignName>global11_demo</ownerDesignName>
<engineerTo>
<item key="79F86B88-E904-D333-7DC6-8EB59E540524" value="true"/>
</engineerTo>
<nullsAllowed>true</nullsAllowed>
<useDomainConstraints>false</useDomainConstraints>
<use>1</use>
<logicalDatatype>LOGDT024</logicalDatatype>
<dataTypeSize>20 BYTE</dataTypeSize>
</Attribute>
<Attribute name="ITEM MARKETING MANAGER" id="41C5C24F-295F-043B-702B-BD2435384D4C">
<createdBy>PSTOYANO</createdBy>
<createdTime>2012-12-12 05:11:01 UTC</createdTime>
<generatorID>E87765CE-807B-2932-5777-ABF06631227F</generatorID>
<ownerDesignName>global11_demo</ownerDesignName>
<engineerTo>
<item key="79F86B88-E904-D333-7DC6-8EB59E540524" value="true"/>
</engineerTo>
<nullsAllowed>true</nullsAllowed>
<useDomainConstraints>false</useDomainConstraints>
<use>1</use>
<logicalDatatype>LOGDT024</logicalDatatype>
<dataTypeSize>20 BYTE</dataTypeSize>
</Attribute>
<Attribute name="ITEM BUYER" id="313EB95D-5AD1-964B-A0BC-5C76B211A224">
<createdBy>PSTOYANO</createdBy>
<createdTime>2012-12-12 05:11:01 UTC</createdTime>
<generatorID>A3DF5D9B-BBC9-A935-871A-23DA991E4D24</generatorID>
<ownerDesignName>global11_demo</ownerDesignName>
<engineerTo>
<item key="79F86B88-E904-D333-7DC6-8EB59E540524" value="true"/>
</engineerTo>
<nullsAllowed>true</nullsAllowed>
<useDomainConstraints>false</useDomainConstraints>
<use>1</use>
<logicalDatatype>LOGDT024</logicalDatatype>
<dataTypeSize>20 BYTE</dataTypeSize>
</Attribute>
<Attribute name="FAMILY ID" id="6D9E0535-DA59-CEFF-CCFB-D1177524A61F">
<createdBy>PSTOYANO</createdBy>
<createdTime>2012-12-12 05:11:01 UTC</createdTime>
<generatorID>EA822D00-7240-2DE4-287B-5C9FB36DD78D</generatorID>
<ownerDesignName>global11_demo</ownerDesignName>
<engineerTo>
<item key="79F86B88-E904-D333-7DC6-8EB59E540524" value="true"/>
</engineerTo>
<useDomainConstraints>false</useDomainConstraints>
<use>1</use>
<logicalDatatype>LOGDT024</logicalDatatype>
<dataTypeSize>4 BYTE</dataTypeSize>
</Attribute>
<Attribute name="FAMILY DSC" id="1831D87C-EBD0-6E08-5ADF-D00A219131A0">
<createdBy>PSTOYANO</createdBy>
<createdTime>2012-12-12 05:11:01 UTC</createdTime>
<generatorID>289C063B-DB3B-7741-CB04-4E2F6AC46A35</generatorID>
<ownerDesignName>global11_demo</ownerDesignName>
<engineerTo>
<item key="79F86B88-E904-D333-7DC6-8EB59E540524" value="true"/>
</engineerTo>
<useDomainConstraints>false</useDomainConstraints>
<use>1</use>
<logicalDatatype>LOGDT024</logicalDatatype>
<dataTypeSize>20 BYTE</dataTypeSize>
</Attribute>
<Attribute name="FAMILY DSC DUTCH" id="5D372FCB-C931-0141-CC7D-17A977A4096D">
<createdBy>PSTOYANO</createdBy>
<createdTime>2012-12-12 05:11:01 UTC</createdTime>
<generatorID>C7406017-E642-E045-82A3-304E0E4F4BBD</generatorID>
<ownerDesignName>global11_demo</ownerDesignName>
<engineerTo>
<item key="79F86B88-E904-D333-7DC6-8EB59E540524" value="true"/>
</engineerTo>
<nullsAllowed>true</nullsAllowed>
<useDomainConstraints>false</useDomainConstraints>
<use>1</use>
<logicalDatatype>LOGDT024</logicalDatatype>
<dataTypeSize>60 BYTE</dataTypeSize>
</Attribute>
<Attribute name="CLASS ID" id="F2D2AB82-2608-B8EE-D3B5-938E064F3BC4">
<createdBy>PSTOYANO</createdBy>
<createdTime>2012-12-12 05:11:01 UTC</createdTime>
<generatorID>32D1C983-155D-F0A0-A3F2-3705B1B3E36B</generatorID>
<ownerDesignName>global11_demo</ownerDesignName>
<engineerTo>
<item key="79F86B88-E904-D333-7DC6-8EB59E540524" value="true"/>
</engineerTo>
<useDomainConstraints>false</useDomainConstraints>
<use>1</use>
<logicalDatatype>LOGDT024</logicalDatatype>
<dataTypeSize>4 BYTE</dataTypeSize>
</Attribute>
<Attribute name="CLASS DSC" id="C38F85F6-41D8-5AB1-5391-6568B3ED9E59">
<createdBy>PSTOYANO</createdBy>
<createdTime>2012-12-12 05:11:01 UTC</createdTime>
<generatorID>0A301231-1011-6D20-FD04-64A362F552B7</generatorID>
<ownerDesignName>global11_demo</ownerDesignName>
<engineerTo>
<item key="79F86B88-E904-D333-7DC6-8EB59E540524" value="true"/>
</engineerTo>
<useDomainConstraints>false</useDomainConstraints>
<use>1</use>
<logicalDatatype>LOGDT024</logicalDatatype>
<dataTypeSize>15 BYTE</dataTypeSize>
</Attribute>
<Attribute name="CLASS DSC FRENCH" id="AFFD9B65-3CEE-CAB6-B490-38D243A30092">
<createdBy>PSTOYANO</createdBy>
<createdTime>2012-12-12 05:11:01 UTC</createdTime>
<generatorID>4E4AC6AE-19B9-CFEF-63CC-89FE6F152C77</generatorID>
<ownerDesignName>global11_demo</ownerDesignName>
<engineerTo>
<item key="79F86B88-E904-D333-7DC6-8EB59E540524" value="true"/>
</engineerTo>
<nullsAllowed>true</nullsAllowed>
<useDomainConstraints>false</useDomainConstraints>
<use>1</use>
<logicalDatatype>LOGDT024</logicalDatatype>
<dataTypeSize>60 BYTE</dataTypeSize>
</Attribute>
<Attribute name="CLASS DSC DUTCH" id="CA3715B1-8348-8B6D-16B3-29D7D4BD819E">
<createdBy>PSTOYANO</createdBy>
<createdTime>2012-12-12 05:11:01 UTC</createdTime>
<generatorID>29691A0D-4727-C98A-3AF6-F17E4617B656</generatorID>
<ownerDesignName>global11_demo</ownerDesignName>
<engineerTo>
<item key="79F86B88-E904-D333-7DC6-8EB59E540524" value="true"/>
</engineerTo>
<nullsAllowed>true</nullsAllowed>
<useDomainConstraints>false</useDomainConstraints>
<use>1</use>
<logicalDatatype>LOGDT024</logicalDatatype>
<dataTypeSize>60 BYTE</dataTypeSize>
</Attribute>
<Attribute name="TOTAL ID" id="39F0B8DD-B509-5359-9EAC-D88292D91070">
<createdBy>PSTOYANO</createdBy>
<createdTime>2012-12-12 05:11:01 UTC</createdTime>
<generatorID>4BDF2135-4181-AA88-BF7B-99A00A25BD06</generatorID>
<ownerDesignName>global11_demo</ownerDesignName>
<engineerTo>
<item key="79F86B88-E904-D333-7DC6-8EB59E540524" value="true"/>
</engineerTo>
<useDomainConstraints>false</useDomainConstraints>
<use>1</use>
<logicalDatatype>LOGDT024</logicalDatatype>
<dataTypeSize>15 BYTE</dataTypeSize>
</Attribute>
<Attribute name="TOTAL DSC" id="873B9F5D-8006-8E34-7DA0-E6C230FA0625">
<createdBy>PSTOYANO</createdBy>
<createdTime>2012-12-12 05:11:01 UTC</createdTime>
<generatorID>2F479ACF-073D-8656-2148-B0C5C8810CFE</generatorID>
<ownerDesignName>global11_demo</ownerDesignName>
<engineerTo>
<item key="79F86B88-E904-D333-7DC6-8EB59E540524" value="true"/>
</engineerTo>
<useDomainConstraints>false</useDomainConstraints>
<use>1</use>
<logicalDatatype>LOGDT024</logicalDatatype>
<dataTypeSize>15 BYTE</dataTypeSize>
</Attribute>
<Attribute name="TOTAL DSC FRENCH" id="98767E10-655E-3113-A213-6B3D08167F19">
<createdBy>PSTOYANO</createdBy>
<createdTime>2012-12-12 05:11:01 UTC</createdTime>
<generatorID>64414BEE-CEEC-F21B-69C6-35AEED8CC654</generatorID>
<ownerDesignName>global11_demo</ownerDesignName>
<engineerTo>
<item key="79F86B88-E904-D333-7DC6-8EB59E540524" value="true"/>
</engineerTo>
<nullsAllowed>true</nullsAllowed>
<useDomainConstraints>false</useDomainConstraints>
<use>1</use>
<logicalDatatype>LOGDT024</logicalDatatype>
<dataTypeSize>30 BYTE</dataTypeSize>
</Attribute>
<Attribute name="TOTAL DSC DUTCH" id="F8EB76EE-7CBF-4593-937E-A5D24F985752">
<createdBy>PSTOYANO</createdBy>
<createdTime>2012-12-12 05:11:01 UTC</createdTime>
<generatorID>5536A554-46F9-B104-A192-43811591E50D</generatorID>
<ownerDesignName>global11_demo</ownerDesignName>
<engineerTo>
<item key="79F86B88-E904-D333-7DC6-8EB59E540524" value="true"/>
</engineerTo>
<nullsAllowed>true</nullsAllowed>
<useDomainConstraints>false</useDomainConstraints>
<use>1</use>
<logicalDatatype>LOGDT024</logicalDatatype>
<dataTypeSize>30 BYTE</dataTypeSize>
</Attribute>
</attributes>
<identifiers itemClass="oracle.dbtools.crest.model.design.logical.CandidateKey">
<identifier id="96CD19C7-A271-C418-DD8B-ADB1BD1EEB97" name="PRODUCT DIM PK">
<createdBy>PSTOYANO</createdBy>
<createdTime>2012-12-12 05:11:01 UTC</createdTime>
<generatorID>18B6DD01-4E5A-F8F2-7E3B-0DC3192FA5AF</generatorID>
<ownerDesignName>global11_demo</ownerDesignName>
<engineerTo>
<item key="79F86B88-E904-D333-7DC6-8EB59E540524" value="true"/>
</engineerTo>
<pk>true</pk>
<usedAttributes>
<attributeRef>24540FE1-EB1C-394B-09E1-87414DB7743D</attributeRef>
</usedAttributes>
</identifier>
</identifiers>
</Entity>