<?xml version = '1.0' encoding = 'UTF-8'?>
<Entity class="oracle.dbtools.crest.model.design.logical.Entity" directorySegmentName="seg_0" id="7BCDF19D-06A5-B334-993F-909A41F5CEE0" name="CUST ACCOUNT">
<createdBy>PSTOYANO</createdBy>
<createdTime>2012-12-21 10:25:41 UTC</createdTime>
<generatorID>A3268B06-D0EA-3045-1C6D-A73356907C3E</generatorID>
<ownerDesignName>global11_demo</ownerDesignName>
<engineerTo>
<item key="79F86B88-E904-D333-7DC6-8EB59E540524" value="true"/>
</engineerTo>
<typeID>2</typeID>
<adequatelyNormalized>NO</adequatelyNormalized>
<expectedVolumes>0</expectedVolumes>
<fwdEngineeringStrategyName>Single Table</fwdEngineeringStrategyName>
<growthPercent>0</growthPercent>
<growthType>Year</growthType>
<maxVolumes>9999999</maxVolumes>
<minVolumes>0</minVolumes>
<normalForm>Third</normalForm>
<attributes itemClass="oracle.dbtools.crest.model.design.logical.Attribute">
<Attribute name="SHIP TO ID" id="55F5B622-3C52-2A40-20D0-7BDF52BB2EF2">
<createdBy>PSTOYANO</createdBy>
<createdTime>2012-12-21 10:25:41 UTC</createdTime>
<generatorID>9BC1E906-5C82-6D72-09E5-C5AD74462548</generatorID>
<ownerDesignName>global11_demo</ownerDesignName>
<engineerTo>
<item key="79F86B88-E904-D333-7DC6-8EB59E540524" value="true"/>
</engineerTo>
<useDomainConstraints>false</useDomainConstraints>
<use>1</use>
<logicalDatatype>LOGDT024</logicalDatatype>
<dataTypeSize>16 BYTE</dataTypeSize>
</Attribute>
<Attribute name="SHIP TO DSC" id="B4EFDD65-5051-EB6B-428C-9E1C98C0AF33">
<createdBy>PSTOYANO</createdBy>
<createdTime>2012-12-21 10:25:41 UTC</createdTime>
<generatorID>0BE8C45C-AEE0-FEB4-9B6A-23BCE3227593</generatorID>
<ownerDesignName>global11_demo</ownerDesignName>
<engineerTo>
<item key="79F86B88-E904-D333-7DC6-8EB59E540524" value="true"/>
</engineerTo>
<useDomainConstraints>false</useDomainConstraints>
<use>1</use>
<logicalDatatype>LOGDT024</logicalDatatype>
<dataTypeSize>30 BYTE</dataTypeSize>
</Attribute>
<Attribute name="SHIP TO DSC FRENCH" id="A8C92CFD-2541-008A-FCF9-C1931F6D2F05">
<createdBy>PSTOYANO</createdBy>
<createdTime>2012-12-21 10:25:41 UTC</createdTime>
<generatorID>F078474D-59EF-0488-62F9-66C3ECD21C65</generatorID>
<ownerDesignName>global11_demo</ownerDesignName>
<engineerTo>
<item key="79F86B88-E904-D333-7DC6-8EB59E540524" value="true"/>
</engineerTo>
<nullsAllowed>true</nullsAllowed>
<useDomainConstraints>false</useDomainConstraints>
<use>1</use>
<logicalDatatype>LOGDT024</logicalDatatype>
<dataTypeSize>60 BYTE</dataTypeSize>
</Attribute>
<Attribute name="SHIP TO DSC DUTCH" id="A69E1C9C-0475-883F-F1F9-C63D19925403">
<createdBy>PSTOYANO</createdBy>
<createdTime>2012-12-21 10:25:41 UTC</createdTime>
<generatorID>C2C98F82-8111-FB60-DCB7-CD89C4DD13EB</generatorID>
<ownerDesignName>global11_demo</ownerDesignName>
<engineerTo>
<item key="79F86B88-E904-D333-7DC6-8EB59E540524" value="true"/>
</engineerTo>
<nullsAllowed>true</nullsAllowed>
<useDomainConstraints>false</useDomainConstraints>
<use>1</use>
<logicalDatatype>LOGDT024</logicalDatatype>
<dataTypeSize>60 BYTE</dataTypeSize>
</Attribute>
<Attribute name="ACCOUNT ID" id="873EF52B-35DB-42A0-AD22-C4B0BDFB2490">
<createdBy>PSTOYANO</createdBy>
<createdTime>2012-12-21 10:25:41 UTC</createdTime>
<generatorID>4FF8DD46-B172-021A-C0EF-D0543601CBE4</generatorID>
<ownerDesignName>global11_demo</ownerDesignName>
<engineerTo>
<item key="79F86B88-E904-D333-7DC6-8EB59E540524" value="true"/>
</engineerTo>
<nullsAllowed>true</nullsAllowed>
<useDomainConstraints>false</useDomainConstraints>
<use>1</use>
<logicalDatatype>LOGDT024</logicalDatatype>
<dataTypeSize>12 BYTE</dataTypeSize>
</Attribute>
<Attribute name="FIRSTNAME" id="CD06F9E8-7A51-ACEA-809C-2221F7356B36">
<createdBy>PSTOYANO</createdBy>
<createdTime>2012-12-21 10:25:41 UTC</createdTime>
<generatorID>F34645E6-2852-8771-B85B-ADB33282EC8A</generatorID>
<ownerDesignName>global11_demo</ownerDesignName>
<engineerTo>
<item key="79F86B88-E904-D333-7DC6-8EB59E540524" value="true"/>
</engineerTo>
<nullsAllowed>true</nullsAllowed>
<useDomainConstraints>false</useDomainConstraints>
<use>1</use>
<logicalDatatype>LOGDT024</logicalDatatype>
<dataTypeSize>30 BYTE</dataTypeSize>
</Attribute>
<Attribute name="LASTNAME" id="2E19BC12-3AB0-64F1-5450-222F212902E7">
<createdBy>PSTOYANO</createdBy>
<createdTime>2012-12-21 10:25:41 UTC</createdTime>
<generatorID>542F70E2-EFF2-E2E7-80F4-FE6D58E2368A</generatorID>
<ownerDesignName>global11_demo</ownerDesignName>
<engineerTo>
<item key="79F86B88-E904-D333-7DC6-8EB59E540524" value="true"/>
</engineerTo>
<nullsAllowed>true</nullsAllowed>
<useDomainConstraints>false</useDomainConstraints>
<use>1</use>
<logicalDatatype>LOGDT024</logicalDatatype>
<dataTypeSize>30 BYTE</dataTypeSize>
</Attribute>
<Attribute name="ADDRESS" id="1212E3EB-7DAF-A351-0B05-1607AE227731">
<createdBy>PSTOYANO</createdBy>
<createdTime>2012-12-21 10:25:41 UTC</createdTime>
<generatorID>448E09DE-C97A-2266-3C11-294CCCECDCBD</generatorID>
<ownerDesignName>global11_demo</ownerDesignName>
<engineerTo>
<item key="79F86B88-E904-D333-7DC6-8EB59E540524" value="true"/>
</engineerTo>
<nullsAllowed>true</nullsAllowed>
<useDomainConstraints>false</useDomainConstraints>
<use>1</use>
<logicalDatatype>LOGDT024</logicalDatatype>
<dataTypeSize>40 BYTE</dataTypeSize>
</Attribute>
<Attribute name="ADDRESS2" id="478B5D80-9766-A198-47C4-62B5EBEE6FE0">
<createdBy>PSTOYANO</createdBy>
<createdTime>2012-12-21 10:25:41 UTC</createdTime>
<generatorID>CB1BB9B8-66AA-091D-E78B-C9ADC6B9FBB0</generatorID>
<ownerDesignName>global11_demo</ownerDesignName>
<engineerTo>
<item key="79F86B88-E904-D333-7DC6-8EB59E540524" value="true"/>
</engineerTo>
<nullsAllowed>true</nullsAllowed>
<useDomainConstraints>false</useDomainConstraints>
<use>1</use>
<logicalDatatype>LOGDT024</logicalDatatype>
<dataTypeSize>40 BYTE</dataTypeSize>
</Attribute>
<Attribute name="CITY" id="834842E1-2EB9-0946-ADC1-CC82BCC7E4D2">
<createdBy>PSTOYANO</createdBy>
<createdTime>2012-12-21 10:25:41 UTC</createdTime>
<generatorID>88E491A2-5758-F78C-E967-69E53660856F</generatorID>
<ownerDesignName>global11_demo</ownerDesignName>
<engineerTo>
<item key="79F86B88-E904-D333-7DC6-8EB59E540524" value="true"/>
</engineerTo>
<nullsAllowed>true</nullsAllowed>
<useDomainConstraints>false</useDomainConstraints>
<use>1</use>
<logicalDatatype>LOGDT024</logicalDatatype>
<dataTypeSize>30 BYTE</dataTypeSize>
</Attribute>
<Attribute name="COUNTRY" id="836BC3A4-B4DE-C899-8D8B-CDA568610CC4">
<createdBy>PSTOYANO</createdBy>
<createdTime>2012-12-21 10:25:41 UTC</createdTime>
<generatorID>3CE3CA16-6EDD-28F3-E851-7CD5380F83BD</generatorID>
<ownerDesignName>global11_demo</ownerDesignName>
<engineerTo>
<item key="79F86B88-E904-D333-7DC6-8EB59E540524" value="true"/>
</engineerTo>
<nullsAllowed>true</nullsAllowed>
<useDomainConstraints>false</useDomainConstraints>
<use>1</use>
<logicalDatatype>LOGDT024</logicalDatatype>
<dataTypeSize>30 BYTE</dataTypeSize>
</Attribute>
<Attribute name="ZIP PC" id="3D978F1A-2326-6B0A-5B41-E1597083595C">
<createdBy>PSTOYANO</createdBy>
<createdTime>2012-12-21 10:25:41 UTC</createdTime>
<generatorID>28C140E5-8F8E-10EF-3B4E-84567785102C</generatorID>
<ownerDesignName>global11_demo</ownerDesignName>
<engineerTo>
<item key="79F86B88-E904-D333-7DC6-8EB59E540524" value="true"/>
</engineerTo>
<nullsAllowed>true</nullsAllowed>
<useDomainConstraints>false</useDomainConstraints>
<use>1</use>
<logicalDatatype>LOGDT024</logicalDatatype>
<dataTypeSize>15 BYTE</dataTypeSize>
</Attribute>
<Attribute name="PHONE" id="359B620A-0F91-B0B2-8F4C-8EF77470E69F">
<createdBy>PSTOYANO</createdBy>
<createdTime>2012-12-21 10:25:41 UTC</createdTime>
<generatorID>E7441BCA-2420-04B5-3AA7-CC46AE892680</generatorID>
<ownerDesignName>global11_demo</ownerDesignName>
<engineerTo>
<item key="79F86B88-E904-D333-7DC6-8EB59E540524" value="true"/>
</engineerTo>
<nullsAllowed>true</nullsAllowed>
<useDomainConstraints>false</useDomainConstraints>
<use>1</use>
<logicalDatatype>LOGDT024</logicalDatatype>
<dataTypeSize>20 BYTE</dataTypeSize>
</Attribute>
<Attribute name="FAX" id="8D23E6B9-6D2A-0EA4-A157-0886DE5245CE">
<createdBy>PSTOYANO</createdBy>
<createdTime>2012-12-21 10:25:41 UTC</createdTime>
<generatorID>0E88C289-E1D7-13A3-DA29-F32380943A77</generatorID>
<ownerDesignName>global11_demo</ownerDesignName>
<engineerTo>
<item key="79F86B88-E904-D333-7DC6-8EB59E540524" value="true"/>
</engineerTo>
<nullsAllowed>true</nullsAllowed>
<useDomainConstraints>false</useDomainConstraints>
<use>1</use>
<logicalDatatype>LOGDT024</logicalDatatype>
<dataTypeSize>20 BYTE</dataTypeSize>
</Attribute>
<Attribute name="EMAIL" id="EDBDFC30-BFEC-202E-0BAC-EEB57D3A6BFF">
<createdBy>PSTOYANO</createdBy>
<createdTime>2012-12-21 10:25:41 UTC</createdTime>
<generatorID>596375CB-7161-079D-B6E2-C3FC557CF79A</generatorID>
<ownerDesignName>global11_demo</ownerDesignName>
<engineerTo>
<item key="79F86B88-E904-D333-7DC6-8EB59E540524" value="true"/>
</engineerTo>
<nullsAllowed>true</nullsAllowed>
<useDomainConstraints>false</useDomainConstraints>
<use>1</use>
<logicalDatatype>LOGDT024</logicalDatatype>
<dataTypeSize>30 BYTE</dataTypeSize>
</Attribute>
</attributes>
</Entity>