<?xml version = '1.0' encoding = 'UTF-8'?>
<MeasureFolder class="oracle.dbtools.crest.model.design.multidimensional.MeasureFolder" name="MeasureFolder_1" directorySegmentName="seg_0" id="491BD41E-724F-1F5C-70DE-37120B253D31">
<createdBy>PSTOYANO</createdBy>
<createdTime>2013-01-11 12:54:27 UTC</createdTime>
<ownerDesignName>global11_demo</ownerDesignName>
<nameInOracleAW>MEASUREFOLDER_1</nameInOracleAW>
<usedMeasures>
<usedMeasure measure_id="36A343FC-A337-2A3F-A6F2-00F749519002" owner_id="9C40ACAC-E558-DC3C-CB8A-70C9FA32BE3A"/>
</usedMeasures>
</MeasureFolder>