<?xml version = '1.0' encoding = 'UTF-8'?>
<MeasureFolder class="oracle.dbtools.crest.model.design.multidimensional.MeasureFolder" name="MeasureFolder_2" directorySegmentName="seg_0" id="80FA710D-8038-E5F4-8E28-69B7E6BAF03D">
<createdBy>PSTOYANO</createdBy>
<createdTime>2013-01-11 12:55:15 UTC</createdTime>
<ownerDesignName>global11_demo</ownerDesignName>
<nameInOracleAW>MEASUREFOLDER_2</nameInOracleAW>
<parentFolderID>491BD41E-724F-1F5C-70DE-37120B253D31</parentFolderID>
<usedMeasures>
<usedMeasure measure_id="1EDE6873-C5DE-D8CB-22FB-01339204AE24" owner_id="9C40ACAC-E558-DC3C-CB8A-70C9FA32BE3A"/>
<usedMeasure measure_id="EEDA588F-F242-B503-EA59-B16F7E7DBF59" owner_id="9C40ACAC-E558-DC3C-CB8A-70C9FA32BE3A"/>
</usedMeasures>
</MeasureFolder>