<?xml version = '1.0' encoding = 'UTF-8'?>
<Diagram class="oracle.dbtools.crest.swingui.relational.DPVRelational" name="Relational_1" id="9871717C-37C9-0C92-E301-22A3D957B339">
<createdBy>PSTOYANO</createdBy>
<createdTime>2012-12-12 05:01:46 UTC</createdTime>
<autoRoute>false</autoRoute>
<boxInbox>true</boxInbox>
<showLegend>false</showLegend>
<showLabels>false</showLabels>
<showRelAttributes>false</showRelAttributes>
<showGrid>false</showGrid>
<diagramColor>-1</diagramColor>
<display>false</display>
<notation>1</notation>
<objectViews>
<OView class="oracle.dbtools.crest.swingui.relational.TVTable" oid="17920A93-E31A-5EB9-0036-C85E6CE8A04B" otype="Table" vid="B85A536B-5B51-6F7C-7B81-824C03894D79">
<hideElementsInCurrentOnly>false</hideElementsInCurrentOnly>
<bounds x="832" y="1136" width="269" height="115"/>
</OView>
<OView class="oracle.dbtools.crest.swingui.relational.TVTable" oid="213B2B80-F4A4-E7CE-2864-112034A8C60F" otype="Table" vid="6AC638B4-C74C-0A5B-E206-07221F5F802D">
<hideElementsInCurrentOnly>false</hideElementsInCurrentOnly>
<bounds x="20" y="300" width="334" height="754"/>
</OView>
<OView class="oracle.dbtools.crest.swingui.TVNote" oid="2D8DB61A-1D6A-3FF8-71F9-C5CD600A3818" otype="Note" vid="9C43E938-D20F-AA7D-F6E9-F21CC8C33E67">
<hideElementsInCurrentOnly>false</hideElementsInCurrentOnly>
<bounds x="1408" y="821" width="538" height="414"/>
<useCustomFormat>true</useCustomFormat>
<useDefaultColor>false</useDefaultColor>
<backgroundColor>-3342388</backgroundColor>
<foregroundColor>-16777216</foregroundColor>
<fonts itemClass="oracle.dbtools.crest.model.design.FontObjectWr">
<FontObject>
<foType>Title</foType>
<fontSize>12</fontSize>
<colorRGB>-16777216</colorRGB>
</FontObject>
</fonts>
</OView>
<OView class="oracle.dbtools.crest.swingui.relational.TVTable" oid="3ED85F23-4732-FED4-3DF0-97473849F9EB" otype="Table" vid="06D3B598-72E9-8204-29CB-C02D6144338B">
<hideElementsInCurrentOnly>false</hideElementsInCurrentOnly>
<bounds x="653" y="622" width="323" height="483"/>
</OView>
<OView class="oracle.dbtools.crest.swingui.relational.TVTable" oid="455A798C-95BE-002D-5E6E-BA590B0322FC" otype="Table" vid="6A1FC6AA-8A7A-5274-D8F9-8484648B7A60">
<hideElementsInCurrentOnly>false</hideElementsInCurrentOnly>
<bounds x="1011" y="144" width="299" height="371"/>
</OView>
<OView class="oracle.dbtools.crest.swingui.relational.TVTable" oid="661BD9E8-FA63-37EA-F032-8EDACFAEA470" otype="Table" vid="0342428C-482C-C91B-AD2B-16385E1DB4FD">
<hideElementsInCurrentOnly>false</hideElementsInCurrentOnly>
<bounds x="440" y="298" width="357" height="248"/>
</OView>
<OView class="oracle.dbtools.crest.swingui.relational.TVTable" oid="8F7921EC-826E-EB03-36A6-0E42B87FB791" otype="Table" vid="F30C261A-6941-4D42-2B3C-F84A0AC42E8C">
<hideElementsInCurrentOnly>false</hideElementsInCurrentOnly>
<bounds x="1067" y="614" width="217" height="205"/>
</OView>
<OView class="oracle.dbtools.crest.swingui.relational.TVTable" oid="A3268B06-D0EA-3045-1C6D-A73356907C3E" otype="Table" vid="DC421DF0-24D6-C893-BAE7-45EE4A8C4679">
<hideElementsInCurrentOnly>false</hideElementsInCurrentOnly>
<bounds x="1078" y="869" width="268" height="250"/>
<useCustomFormat>true</useCustomFormat>
<useDefaultColor>false</useDefaultColor>
<backgroundColor>-3342388</backgroundColor>
<foregroundColor>-16776961</foregroundColor>
<fonts itemClass="oracle.dbtools.crest.model.design.FontObjectWr">
<FontObject>
<foType>Title</foType>
<fontStyle>1</fontStyle>
<colorRGB>-16776961</colorRGB>
</FontObject>
<FontObject>
<foType>Column</foType>
<colorRGB>-16777216</colorRGB>
</FontObject>
<FontObject>
<foType>Datatype</foType>
<colorRGB>-16744448</colorRGB>
</FontObject>
<FontObject>
<foType>PK Element</foType>
<colorRGB>-16776961</colorRGB>
</FontObject>
<FontObject>
<foType>FK Element</foType>
<colorRGB>-16777216</colorRGB>
</FontObject>
<FontObject>
<foType>UK Element</foType>
<colorRGB>-16776961</colorRGB>
</FontObject>
<FontObject>
<foType>Not Null</foType>
<colorRGB>-65536</colorRGB>
</FontObject>
<FontObject>
<foType>Key</foType>
<colorRGB>-16777216</colorRGB>
</FontObject>
</fonts>
</OView>
<OView class="oracle.dbtools.crest.swingui.relational.TVTable" oid="E16B4BD7-252B-78FF-3C15-2EA93112ACFD" otype="Table" vid="8FF12C16-238B-9937-4E95-48690063472D">
<hideElementsInCurrentOnly>false</hideElementsInCurrentOnly>
<bounds x="415" y="1139" width="210" height="85"/>
</OView>
<OView class="oracle.dbtools.crest.swingui.relational.TVTable" oid="EA084DBB-8975-4C53-065C-E6A90A1664A2" otype="Table" vid="8A6F6C2F-FD63-E9D6-0EFE-EF624B01F088">
<hideElementsInCurrentOnly>false</hideElementsInCurrentOnly>
<bounds x="457" y="20" width="273" height="179"/>
</OView>
</objectViews>
<connectors>
<Connector class="oracle.dbtools.crest.swingui.relational.TVFKRelation" oid="1399E3B0-4D38-C398-B583-61FA2F779EF5" otype="FKIndexAssociation" vid_source="6AC638B4-C74C-0A5B-E206-07221F5F802D" vid_target="0342428C-482C-C91B-AD2B-16385E1DB4FD">
<hideElementsInCurrentOnly>false</hideElementsInCurrentOnly>
<lineWidth>1</lineWidth>
<points>
<point x="354" y="423"/>
<point x="440" y="423"/>
</points>
</Connector>
<Connector class="oracle.dbtools.crest.swingui.relational.TVFKRelation" oid="7B3C87E6-5592-A8E0-0225-2662E4320820" otype="FKIndexAssociation" vid_source="6A1FC6AA-8A7A-5274-D8F9-8484648B7A60" vid_target="0342428C-482C-C91B-AD2B-16385E1DB4FD">
<hideElementsInCurrentOnly>false</hideElementsInCurrentOnly>
<lineWidth>1</lineWidth>
<points>
<point x="1011" y="406"/>
<point x="797" y="406"/>
</points>
</Connector>
<Connector class="oracle.dbtools.crest.swingui.relational.TVFKRelation" oid="B59074C9-09BD-5F5D-5DFC-7BBDAB5495D8" otype="FKIndexAssociation" vid_source="8A6F6C2F-FD63-E9D6-0EFE-EF624B01F088" vid_target="0342428C-482C-C91B-AD2B-16385E1DB4FD">
<hideElementsInCurrentOnly>false</hideElementsInCurrentOnly>
<lineWidth>1</lineWidth>
<points>
<point x="593" y="199"/>
<point x="593" y="298"/>
</points>
</Connector>
<Connector class="oracle.dbtools.crest.swingui.relational.TVFKRelation" oid="DFB59558-E942-8CAD-6934-20C6BC289B52" otype="FKIndexAssociation" vid_source="06D3B598-72E9-8204-29CB-C02D6144338B" vid_target="0342428C-482C-C91B-AD2B-16385E1DB4FD">
<hideElementsInCurrentOnly>false</hideElementsInCurrentOnly>
<lineWidth>1</lineWidth>
<points>
<point x="725" y="622"/>
<point x="725" y="546"/>
</points>
</Connector>
</connectors>
</Diagram>