<?xml version = '1.0' encoding = 'UTF-8'?>
<SegmentOraclev10g class="oracle.dbtools.crest.model.design.storage.oracle.v10g.SegmentOraclev10g" name="Storage16" directorySegmentName="seg_0" id="4C23E3B6-CECB-7CFE-0695-A44506B06E7A">
<createdBy>PSTOYANO</createdBy>
<createdTime>2012-12-12 05:01:49 UTC</createdTime>
<ownerDesignName>global11_demo</ownerDesignName>
<initrans>2</initrans>
<maxTrans>255</maxTrans>
<scInitialExtent>196608</scInitialExtent>
<scMaxExtents>2147483645</scMaxExtents>
</SegmentOraclev10g>