<?xml version = '1.0' encoding = 'UTF-8'?>
<SegmentOraclev10g class="oracle.dbtools.crest.model.design.storage.oracle.v10g.SegmentOraclev10g" name="Storage15" directorySegmentName="seg_0" id="56383B04-E9AC-E7DB-8A0C-9E1B0B130828">
<createdBy>PSTOYANO</createdBy>
<createdTime>2012-12-12 05:01:49 UTC</createdTime>
<ownerDesignName>global11_demo</ownerDesignName>
<initrans>2</initrans>
<maxTrans>255</maxTrans>
<scInitialExtent>917504</scInitialExtent>
<scMaxExtents>2147483645</scMaxExtents>
</SegmentOraclev10g>