<?xml version = '1.0' encoding = 'UTF-8'?>
<SegmentOraclev10g class="oracle.dbtools.crest.model.design.storage.oracle.v10g.SegmentOraclev10g" name="Storage17" directorySegmentName="seg_0" id="5F1B4CEC-F3D0-8F36-E139-6AD66A601DE4">
<createdBy>PSTOYANO</createdBy>
<createdTime>2012-12-12 05:01:49 UTC</createdTime>
<ownerDesignName>global11_demo</ownerDesignName>
<initrans>2</initrans>
<maxTrans>255</maxTrans>
<scInitialExtent>131072</scInitialExtent>
<scMaxExtents>2147483645</scMaxExtents>
</SegmentOraclev10g>