<?xml version = '1.0' encoding = 'UTF-8'?>
<SegmentOraclev10g class="oracle.dbtools.crest.model.design.storage.oracle.v10g.SegmentOraclev10g" name="Storage13" directorySegmentName="seg_0" id="68A5DED8-74A2-D2D8-EB7F-5FE818CD7220">
<createdBy>PSTOYANO</createdBy>
<createdTime>2013-01-04 13:12:05 UTC</createdTime>
<ownerDesignName>global11_demo</ownerDesignName>
<maxTrans>255</maxTrans>
<scInitialExtent>19922944</scInitialExtent>
<scMaxExtents>2147483645</scMaxExtents>
<scNextExtent>1048576</scNextExtent>
</SegmentOraclev10g>