<?xml version = '1.0' encoding = 'UTF-8'?>
<SegmentOraclev10g class="oracle.dbtools.crest.model.design.storage.oracle.v10g.SegmentOraclev10g" name="Storage14" directorySegmentName="seg_0" id="7475FC17-110F-6DF1-A55E-D2B31F05B22A">
<createdBy>PSTOYANO</createdBy>
<createdTime>2012-12-12 05:01:49 UTC</createdTime>
<ownerDesignName>global11_demo</ownerDesignName>
<initrans>2</initrans>
<maxTrans>255</maxTrans>
<scInitialExtent>16777216</scInitialExtent>
<scMaxExtents>2147483645</scMaxExtents>
</SegmentOraclev10g>