<?xml version = '1.0' encoding = 'UTF-8'?>
<SegmentOraclev10g class="oracle.dbtools.crest.model.design.storage.oracle.v10g.SegmentOraclev10g" name="Storage5" directorySegmentName="seg_0" id="87C42BB9-5B66-197A-F581-8074C869AF19">
<createdBy>PSTOYANO</createdBy>
<createdTime>2013-01-04 13:12:06 UTC</createdTime>
<ownerDesignName>global11_demo</ownerDesignName>
<initrans>2</initrans>
<maxTrans>255</maxTrans>
<scInitialExtent>16777216</scInitialExtent>
<scMaxExtents>2147483645</scMaxExtents>
<scNextExtent>1048576</scNextExtent>
</SegmentOraclev10g>