<?xml version = '1.0' encoding = 'UTF-8'?>
<SegmentOraclev10g class="oracle.dbtools.crest.model.design.storage.oracle.v10g.SegmentOraclev10g" name="Storage12" directorySegmentName="seg_0" id="D9CE31E0-338A-F713-42D1-B45781CE8C16">
<createdBy>PSTOYANO</createdBy>
<createdTime>2013-01-04 13:12:05 UTC</createdTime>
<ownerDesignName>global11_demo</ownerDesignName>
<maxTrans>255</maxTrans>
<scInitialExtent>131072</scInitialExtent>
<scMaxExtents>2147483645</scMaxExtents>
<scNextExtent>1048576</scNextExtent>
</SegmentOraclev10g>