<?xml version = '1.0' encoding = 'UTF-8'?>
<SegmentOraclev10g class="oracle.dbtools.crest.model.design.storage.oracle.v10g.SegmentOraclev10g" name="Storage3" directorySegmentName="seg_0" id="DF5403CB-0D90-4BC8-55A6-C46093910A1B">
<createdBy>PSTOYANO</createdBy>
<createdTime>2013-01-04 13:12:06 UTC</createdTime>
<ownerDesignName>global11_demo</ownerDesignName>
<initrans>2</initrans>
<maxTrans>255</maxTrans>
<scInitialExtent>65536</scInitialExtent>
<scMaxExtents>2147483645</scMaxExtents>
<scNextExtent>1048576</scNextExtent>
</SegmentOraclev10g>