<?xml version = '1.0' encoding = 'UTF-8'?>
<SegmentOraclev10g class="oracle.dbtools.crest.model.design.storage.oracle.v10g.SegmentOraclev10g" name="Storage2" directorySegmentName="seg_0" id="FB689752-4F60-A8DB-1EAE-CBF8DFB368E3">
<createdBy>PSTOYANO</createdBy>
<createdTime>2012-12-21 10:24:13 UTC</createdTime>
<ownerDesignName>global11_demo</ownerDesignName>
<maxTrans>255</maxTrans>
<scInitialExtent>65536</scInitialExtent>
<scMaxExtents>2147483645</scMaxExtents>
<scNextExtent>1048576</scNextExtent>
</SegmentOraclev10g>