<?xml version = '1.0' encoding = 'UTF-8'?>
<SegmentOraclev10g class="oracle.dbtools.crest.model.design.storage.oracle.v10g.SegmentOraclev10g" name="Storage10" directorySegmentName="seg_0" id="FEA3D09F-F2D5-6B41-06C3-FEA36F05A650">
<createdBy>PSTOYANO</createdBy>
<createdTime>2012-12-12 05:01:49 UTC</createdTime>
<ownerDesignName>global11_demo</ownerDesignName>
<initrans>2</initrans>
<maxTrans>255</maxTrans>
<scInitialExtent>65536</scInitialExtent>
<scMaxExtents>2147483645</scMaxExtents>
</SegmentOraclev10g>